date,open,high,low,close,volume,amount,turn,pctChg
2010-01-04,7.6755166400,7.7980707200,7.5711187200,7.6165091200,2299800,38808701.0000,2.219415,-0.651300
2010-01-05,7.6392043200,7.7844536000,7.4984940800,7.7118289600,3626728,61349742.0000,3.499963,1.251500
2010-01-06,7.7118289600,8.4834657600,7.6028920000,8.4834657600,13012588,237080945.0000,12.557759,10.005900
2010-01-07,8.6014808000,8.6695664000,8.1702720000,8.2973651200,12089629,226973244.0000,11.667060,-2.193700
2010-01-08,8.2428966400,8.3881459200,8.0295617600,8.2610528000,6122549,110191629.0000,5.908547,-0.437600
2010-01-11,8.2519747200,8.4880048000,8.0522569600,8.4380753600,7235694,131838633.0000,6.982785,2.142900
2010-01-12,8.3881459200,8.4698486400,8.2610528000,8.4199192000,4390036,80897175.0000,4.236591,-0.215200
2010-01-13,8.1158035200,8.3200603200,8.0341008000,8.0613350400,4102995,73660021.0000,3.959583,-4.258800
2010-01-14,8.1248816000,8.3336774400,8.0567960000,8.2519747200,3299471,59871284.0000,3.184145,2.364900
2010-01-15,8.2156624000,8.6241760000,8.1021864000,8.5560904000,6792109,126128395.0000,6.554704,3.685400
2010-01-18,8.5560904000,8.6014808000,8.3427555200,8.4516924800,4358777,80907332.0000,4.206425,-1.220200
2010-01-19,8.5333952000,8.8511280000,8.3972240000,8.7830424000,8986275,171768810.0000,8.672178,3.920500
2010-01-20,8.8057376000,8.8057376000,8.0976473600,8.2519747200,7302671,135815385.0000,7.047421,-6.046500
2010-01-21,8.1702720000,8.4834657600,8.1158035200,8.2292795200,2920243,53160389.0000,2.818172,-0.275000
2010-01-22,8.2383576000,8.3518336000,7.8071488000,7.9297028800,4284715,76071699.0000,4.134951,-3.640400
2010-01-25,7.9433200000,8.0114056000,7.8116878400,7.8480001600,1341080,23313235.0000,1.294205,-1.030300
2010-01-26,7.8752344000,7.9387809600,7.2624640000,7.3350886400,3325410,54927185.0000,3.209177,-6.535600
2010-01-27,7.3350886400,7.4349475200,7.2079955200,7.3078544000,2123723,34199560.0000,2.049492,-0.371300
2010-01-28,7.2397688000,7.3986352000,7.2306907200,7.3123934400,1600110,25766045.0000,1.544181,0.062100
2010-01-29,7.3260105600,7.4440256000,7.2624640000,7.3623228800,1525046,24744961.0000,1.471741,0.682800
2010-02-01,7.2987763200,7.3532448000,6.7994819200,7.1671441600,4193558,64820722.0000,4.046981,-2.651000
2010-02-02,7.2170736000,7.5938139200,7.1716832000,7.2987763200,2796978,45732179.0000,2.699215,1.836600
2010-02-03,7.3532448000,7.4757988800,7.0445900800,7.4576427200,2097161,33676740.0000,2.023859,2.176600
2010-02-04,7.3078544000,7.6028920000,7.2624640000,7.4258694400,2405877,39480107.0000,2.321784,-0.426000
2010-02-05,7.1716832000,7.3305496000,7.1716832000,7.2170736000,1618666,25784340.0000,1.562089,-2.811700
2010-02-08,7.2216126400,7.3759400000,7.2216126400,7.2942372800,997975,16059621.0000,0.963093,1.069200
2010-02-09,7.2896982400,7.4667208000,7.2170736000,7.3532448000,1245366,20168756.0000,1.201837,0.809000
2010-02-10,7.4757988800,7.4894160000,7.3759400000,7.4349475200,1205310,19714324.0000,1.163181,1.111100
2010-02-11,7.4803379200,7.4894160000,7.3986352000,7.4440256000,1053048,17273592.0000,1.016241,0.122100
2010-02-12,7.4984940800,7.6618995200,7.4485646400,7.6074310400,1445744,24163218.0000,1.395211,2.195100
2010-02-22,7.5801968000,7.6936728000,7.5575016000,7.5801968000,1615167,27031156.0000,1.558712,-0.358000
2010-02-23,7.5393454400,7.6573604800,7.3577838400,7.5801968000,1676969,27704894.0000,1.618354,0.000000
2010-02-24,7.5438844800,7.8570782400,7.4894160000,7.7345241600,2850521,48543973.0000,2.750887,2.035900
2010-02-25,7.7299851200,8.1430377600,7.6800556800,8.0159446400,4143406,71777288.0000,3.998581,3.638500
2010-02-26,7.9478590400,7.9750932800,7.8162268800,7.8389220800,2087893,36239493.0000,2.014915,-2.208400
2010-03-01,7.9887104000,8.1929672000,7.9478590400,8.1702720000,4832487,86648875.0000,4.663577,4.227000
2010-03-02,8.1112644800,8.1657329600,8.0114056000,8.0749521600,1752503,31186088.0000,1.691248,-1.166700
2010-03-03,8.0704131200,8.1611939200,7.9887104000,8.0431788800,1760477,31239584.0000,1.698943,-0.393500
2010-03-04,8.0431788800,8.1384987200,7.4803379200,7.5393454400,3080628,52638888.0000,2.972951,-6.264100
2010-03-05,7.5484235200,7.7526803200,7.5393454400,7.6618995200,2045523,34527129.0000,1.974026,1.625500
2010-03-08,7.6800556800,7.7617584000,7.6618995200,7.6845947200,1096015,18571477.0000,1.057706,0.296200
2010-03-09,7.6392043200,7.7889926400,7.5938139200,7.6709776000,2077139,35224068.0000,2.004537,-0.177200
2010-03-10,7.7118289600,7.7118289600,7.4667208000,7.5438844800,1632957,27161513.0000,1.575880,-1.656800
2010-03-11,7.5892748800,7.5983529600,7.3895571200,7.4440256000,1180196,19384314.0000,1.138945,-1.323700
2010-03-12,7.4531036800,7.5801968000,7.3940961600,7.4077132800,1141470,18765403.0000,1.101572,-0.487800
2010-03-15,7.3759400000,7.3804790400,7.1716832000,7.2624640000,1659474,26514154.0000,1.601470,-1.960800
2010-03-16,7.2579249600,7.3441667200,7.2079955200,7.3214715200,1167904,18761347.0000,1.127082,0.812500
2010-03-17,7.3169324800,7.4803379200,7.2170736000,7.4576427200,2297341,37159542.0000,2.217042,1.859900
2010-03-18,7.4485646400,7.6528214400,7.4394865600,7.5484235200,2033527,33850251.0000,1.962449,1.217300
2010-03-19,7.6074310400,7.6165091200,7.4712598400,7.5938139200,1633577,27192636.0000,1.576479,0.601300
2010-03-22,7.5938139200,7.6210481600,7.4349475200,7.5211892800,1659730,27448540.0000,1.601717,-0.956400
2010-03-23,7.5847358400,8.2746699200,7.5847358400,7.9070076800,7393406,130382774.0000,7.134984,5.129800
2010-03-24,7.7708364800,8.0658740800,7.7708364800,7.9160857600,3073426,53541430.0000,2.966001,0.114800
2010-03-25,7.8979296000,7.8979296000,7.6482824000,7.7345241600,2504707,42758769.0000,2.417160,-2.293600
2010-03-26,7.6982118400,7.8343830400,7.6482824000,7.7753755200,1505871,25757137.0000,1.453236,0.528200
2010-03-29,7.8071488000,7.9887104000,7.8071488000,7.9569371200,2497170,43617731.0000,2.409886,2.335100
2010-03-30,7.9569371200,8.0114056000,7.8525392000,7.9750932800,2177282,38046899.0000,2.101179,0.228200
2010-03-31,7.9750932800,8.1158035200,7.9342419200,7.9977884800,2676186,47307746.0000,2.582645,0.284600
2010-04-01,7.9977884800,8.3064432000,7.9977884800,8.1748110400,5756789,104061463.0000,5.555572,2.213400
2010-04-02,8.1838891200,8.3926849600,8.1702720000,8.1838891200,4387213,79865151.0000,4.233867,0.111000
2010-04-06,8.2156624000,8.3382164800,8.1248816000,8.2701308800,3482423,63071468.0000,3.360702,1.053800
2010-04-07,8.2610528000,8.2701308800,8.0885692800,8.1430377600,2651858,47592080.0000,2.559168,-1.536800
2010-04-08,8.1384987200,8.1430377600,7.8797734400,7.8979296000,4238871,74336175.0000,4.090710,-3.010000
2010-04-09,7.9024686400,8.0658740800,7.9024686400,7.9887104000,2381502,41852600.0000,2.298261,1.149400
2010-04-12,8.0341008000,8.3064432000,8.0250227200,8.2792089600,5209446,93606294.0000,5.027360,3.636400
2010-04-13,8.3245993600,8.4153801600,7.9115467200,8.1657329600,4282875,77197922.0000,4.133176,-1.370600
2010-04-14,8.1566548800,8.9419088000,8.1248816000,8.6604883200,11152669,212032010.0000,10.762850,6.058900
2010-04-15,8.6695664000,8.7240348800,8.4380753600,8.7058787200,5435967,102859980.0000,5.245964,0.524100
2010-04-16,8.7240348800,9.5773744000,8.5107000000,9.5773744000,14591507,298241050.0000,14.081490,10.010400
2010-04-19,9.3958128000,10.2763865600,9.2505635200,9.4321251200,17908651,385229573.0000,17.282690,-1.516600
2010-04-20,9.5138278400,10.0267393600,8.9872992000,9.8043264000,14220240,300939315.0000,13.723200,3.946100
2010-04-21,9.6726942400,10.1856057600,9.6318428800,9.8951072000,9513477,209130933.0000,9.180952,0.925900
2010-04-22,9.8724120000,9.9722708800,9.5773744000,9.6863113600,7613862,163610386.0000,7.347735,-2.110100
2010-04-23,9.6908504000,10.0857468800,9.5637572800,10.0675907200,9723320,211930909.0000,9.383461,3.936300
2010-04-26,10.0857468800,10.3717064000,9.7907092800,9.8224825600,8026011,178256110.0000,7.745478,-2.434600
2010-04-27,9.7952483200,9.8905681600,9.0826190400,9.4003518400,6360296,133280636.0000,6.137985,-4.297600
2010-04-28,9.3867347200,9.5728353600,9.1234704000,9.2460244800,4378019,89755394.0000,4.224994,-1.641700
2010-04-29,9.2868758400,9.6182257600,8.9146745600,8.9328307200,4339531,88730428.0000,4.187851,-3.387300
2010-04-30,8.9192136000,8.9827601600,8.4880048000,8.6695664000,3848235,73355350.0000,3.713728,-2.947200
2010-05-04,8.4834657600,8.9419088000,8.4834657600,8.8465889600,2811006,54330054.0000,2.712753,2.041900
2010-05-05,8.6695664000,9.4865936000,8.6287150400,9.3413443200,4267807,85886643.0000,4.118634,5.592600
2010-05-06,9.2868758400,9.6681552000,9.1688608000,9.3277272000,4806729,99648000.0000,4.638719,-0.145800
2010-05-07,9.1007752000,9.6000696000,9.0780800000,9.4457422400,4960858,102962954.0000,4.787461,1.265200
2010-05-10,9.4684374400,9.5274449600,8.5787856000,8.8783622400,4233402,83815294.0000,4.085432,-6.006700
2010-05-11,9.0463067200,9.0463067200,8.4789267200,8.5152390400,4383011,84555602.0000,4.229812,-4.090000
2010-05-12,8.5333952000,8.6196369600,7.9433200000,7.9887104000,4069621,73830592.0000,3.927376,-6.183400
2010-05-13,8.1158035200,8.3472945600,7.7163680000,8.3291384000,4290219,76412675.0000,4.140263,4.261400
2010-05-14,8.2428966400,8.6196369600,8.1475768000,8.4789267200,2735209,50904493.0000,2.639605,1.798400
2010-05-17,8.3064432000,8.6014808000,8.1248816000,8.1657329600,2841140,52418493.0000,2.741834,-3.693800
2010-05-18,8.0114056000,8.6241760000,7.7390632000,8.5742465600,4684456,83773588.0000,4.520720,5.002800
2010-05-19,8.4063020800,8.7512691200,8.3200603200,8.4335363200,2959181,55516871.0000,2.855749,-1.641100
2010-05-20,8.3972240000,8.6650273600,8.3472945600,8.3472945600,2094526,39197335.0000,2.021316,-1.022600
2010-05-21,8.1657329600,8.6241760000,8.0477179200,8.6196369600,2697455,49998832.0000,2.603171,3.262600
2010-05-24,8.6287150400,9.0009163200,8.6241760000,8.9101355200,3797771,74272706.0000,3.665027,3.370200
2010-05-25,8.8193547200,8.9555259200,8.7149568000,8.7694252800,2438366,47284590.0000,2.353138,-1.579200
2010-05-26,8.8148156800,8.9101355200,8.0794912000,8.4289972800,7747104,143949015.0000,7.476319,-3.882000
2010-05-27,8.3291384000,8.6831835200,8.1021864000,8.6241760000,4632886,85792097.0000,4.470953,2.315600
2010-05-28,8.6786444800,9.4321251200,8.5470123200,9.1915560000,8585319,170158515.0000,8.285236,6.578900
2010-05-31,9.1416265600,9.2369464000,8.8783622400,8.9010574400,5749504,114904910.0000,5.548542,-3.160500
2010-06-01,8.8874403200,9.1915560000,8.4880048000,9.1280094400,5069738,99185741.0000,4.892535,2.549700
2010-06-02,9.0190724800,9.6681552000,8.9010574400,9.5682963200,10184600,210205177.0000,9.828618,4.823500
2010-06-03,9.5682963200,9.6227648000,9.3277272000,9.3458833600,5624655,117133602.0000,5.428056,-2.324500
2010-06-04,9.2823368000,9.2959539200,9.0780800000,9.1597827200,3043881,61564726.0000,2.937488,-1.991300
2010-06-07,8.8556670400,9.3458833600,8.6332540800,9.0916971200,3865471,76808030.0000,3.730361,-0.743300
2010-06-08,9.0326896000,9.1507046400,8.8738232000,8.9918382400,2803481,55742460.0000,2.705491,-1.098400
2010-06-09,9.0780800000,9.3640395200,8.9782211200,9.2324073600,3060111,61867406.0000,2.953151,2.675420
2010-06-10,9.2505635200,9.2914148800,9.0690019200,9.1643217600,2459940,49701691.0000,2.373958,-0.737500
2010-06-11,9.1960950400,9.3458833600,9.1234704000,9.1643217600,2639999,53708892.0000,2.547723,0.000000
2010-06-17,9.1643217600,9.2914148800,8.8511280000,8.8602060800,2774186,54960838.0000,2.677220,-3.318500
2010-06-18,8.8011985600,8.8874403200,8.0204836800,8.2111233600,4213938,78420085.0000,4.066648,-7.325800
2010-06-21,8.2383576000,8.4335363200,7.9433200000,8.3790678400,2781353,50466349.0000,2.684136,2.045300
2010-06-22,8.3427555200,8.5243171200,8.1838891200,8.3972240000,1865103,34594014.0000,1.799912,0.216700
2010-06-23,8.3972240000,8.3972240000,8.3972240000,8.3972240000,0,0.0000,,0.000000
2010-06-24,8.5152390400,8.5152390400,8.3155212800,8.3472945600,1577293,29197435.0000,1.522162,-0.594600
2010-06-25,8.2610528000,8.3518336000,8.1248816000,8.1702720000,1519639,27502052.0000,1.466523,-2.120700
2010-06-28,8.1702720000,8.3019041600,7.9433200000,8.0931083200,1894560,33663714.0000,1.828339,-0.944400
2010-06-29,8.0976473600,8.2111233600,7.4894160000,7.5257283200,2490377,42720260.0000,2.403331,-7.010700
2010-06-30,7.4394865600,7.6074310400,7.1716832000,7.2715420800,1509482,24316146.0000,1.456721,-3.377600
2010-07-01,7.2715420800,7.3396276800,7.0355120000,7.0809024000,1488670,23660229.0000,1.436637,-2.621700
2010-07-02,7.1444489600,7.1943784000,6.5816080000,7.0309729600,2523564,38362427.0000,2.435358,-0.705100
2010-07-05,7.0264339200,7.0264339200,6.6996230400,6.8675675200,1022473,15372718.0000,0.986734,-2.324100
2010-07-06,6.7904038400,7.0491291200,6.7404744000,7.0218948800,1426368,21880069.0000,1.376512,2.247200
2010-07-07,7.0355120000,7.1035976000,6.9901216000,7.0809024000,1709024,26534914.0000,1.649288,0.840300
2010-07-08,7.1035976000,7.1716832000,6.9991996800,7.0082777600,1149265,17950144.0000,1.109095,-1.025600
2010-07-09,7.0082777600,7.3033153600,6.8857236800,7.2170736000,2106945,33008414.0000,0.966076,2.979300
2010-07-12,7.1308318400,7.4894160000,7.1308318400,7.4031742400,1970100,32107975.0000,0.903330,2.578600
2010-07-13,7.3396276800,7.3396276800,7.0809024000,7.1716832000,1495139,23715068.0000,0.685551,-3.126900
2010-07-14,7.1989174400,7.3986352000,7.1716832000,7.2760811200,1246266,20015552.0000,0.571438,1.455700
2010-07-15,7.2851592000,7.3396276800,7.0355120000,7.0763633600,913180,14469892.0000,0.418711,-2.744900
2010-07-16,7.1580660800,7.1580660800,6.9356531200,7.0763633600,906583,14028423.0000,0.415686,0.000000
2010-07-19,6.9765044800,7.2715420800,6.9038798400,7.2488468800,1189113,18770802.0000,0.545232,2.437500
2010-07-20,7.2533859200,7.4848769600,7.2533859200,7.4712598400,1974303,32252811.0000,0.905257,3.068300
2010-07-21,7.6028920000,7.6028920000,7.3940961600,7.4531036800,1534146,25351671.0000,0.703436,-0.243000
2010-07-22,7.4576427200,7.8298440000,7.3850180800,7.7163680000,2810774,47191074.0000,1.288796,3.532300
2010-07-23,7.6618995200,8.4880048000,7.5938139200,8.4834657600,5967702,105424989.0000,2.736310,9.941200
2010-07-26,8.3336774400,8.4698486400,8.1702720000,8.3518336000,3293744,60346342.0000,1.510247,-1.551600
2010-07-27,8.3064432000,8.6922616000,8.1975062400,8.3745288000,3492344,65109796.0000,1.601309,0.271700
2010-07-28,8.3518336000,8.5333952000,8.2746699200,8.4471534400,2980054,55534721.0000,1.366414,0.867200
2010-07-29,8.4017630400,8.5742465600,8.3518336000,8.4834657600,2277667,42395587.0000,1.044355,0.429900
2010-07-30,8.4880048000,8.5107000000,8.1793500800,8.2882870400,2967706,54110912.0000,1.360752,-2.300700
2010-08-02,8.2111233600,8.5697075200,8.1884281600,8.5333952000,2823131,52445144.0000,1.294461,2.957300
2010-08-03,8.5424732800,8.6150979200,8.2610528000,8.2655918400,2012817,37203315.0000,0.922916,-3.138300
2010-08-04,8.2655918400,8.3336774400,7.9614761600,8.2111233600,2484671,44539795.0000,1.139271,-0.659000
2010-08-05,8.2156624000,8.3019041600,8.1248816000,8.2111233600,1915934,34631928.0000,0.878494,0.000000
2010-08-06,8.2519747200,8.3245993600,8.1294206400,8.3245993600,1779604,32352538.0000,0.815984,1.382000
2010-08-09,8.3790678400,8.6241760000,8.3245993600,8.5470123200,3820731,71721732.0000,1.751881,2.671800
2010-08-10,8.5878636800,8.6014808000,8.2065843200,8.2202014400,2200494,40593016.0000,1.008970,-3.823700
2010-08-11,8.0794912000,8.2973651200,8.0794912000,8.2519747200,1201890,21688550.0000,0.551090,0.386500
2010-08-12,8.1748110400,8.2383576000,8.0386398400,8.0431788800,1856272,33219478.0000,0.851137,-2.530300
2010-08-13,8.0431788800,8.2474356800,8.0023275200,8.1975062400,1412181,25304752.0000,0.647513,1.918700
2010-08-16,8.2565137600,8.4426144000,8.1748110400,8.3926849600,2171872,40014588.0000,0.995846,2.381000
2010-08-17,8.4244582400,8.4244582400,8.2610528000,8.3382164800,2068551,37977503.0000,0.948472,-0.649000
2010-08-18,8.2519747200,8.8965184000,8.2519747200,8.7058787200,5512463,104579414.0000,2.527573,4.409400
2010-08-19,8.6241760000,9.1189313600,8.5333952000,8.9010574400,6517236,126710361.0000,2.988282,2.241900
2010-08-20,8.8284328000,8.9872992000,8.6241760000,8.6559492800,3996573,77808801.0000,1.832508,-2.753700
2010-08-23,8.6105588800,9.0236115200,8.5787856000,9.0099944000,5617951,109408203.0000,2.575942,4.090200
2010-08-24,9.0236115200,9.2460244800,8.8874403200,8.9872992000,4836134,96887214.0000,2.217463,-0.251900
2010-08-25,8.9010574400,9.2051731200,8.8329718400,8.8420499200,3550670,70616525.0000,1.628052,-1.616200
2010-08-26,8.8420499200,8.9419088000,8.5333952000,8.6014808000,3908842,74715228.0000,1.792281,-2.720700
2010-08-27,8.6241760000,8.7149568000,8.5243171200,8.5742465600,2181154,41289406.0000,1.000102,-0.316600
2010-08-30,8.6786444800,8.8511280000,8.4970828800,8.7921204800,2632125,50529056.0000,1.206881,2.541000
2010-08-31,8.7149568000,8.8965184000,8.6241760000,8.6604883200,3075840,58891945.0000,1.410334,-1.497200
2010-09-01,8.8011985600,9.2051731200,8.7104177600,8.9146745600,5954999,117319503.0000,2.730485,2.935000
2010-09-02,8.9328307200,9.5092888000,8.9192136000,9.3413443200,6835535,138698585.0000,3.134228,4.786200
2010-09-03,9.3050320000,9.3413443200,9.0099944000,9.1643217600,4072585,82095623.0000,1.867361,-1.895000
2010-09-06,9.1779388800,9.3912737600,9.0326896000,9.3141100800,4660303,94615779.0000,2.136841,1.634500
2010-09-07,9.3004929600,9.3004929600,9.0417676800,9.1234704000,3109046,62492635.0000,1.425559,-2.046800
2010-09-08,9.0780800000,9.6000696000,9.0236115200,9.5092888000,5730773,118876553.0000,2.627673,4.228858
2010-09-09,9.5410620800,9.5682963200,9.1280094400,9.2142512000,3701253,75805947.0000,1.697098,-3.102600
2010-09-10,9.2142512000,9.2914148800,8.9192136000,9.1461656000,2710142,54111711.0000,1.242654,-0.738900
2010-09-13,9.1461656000,9.3867347200,9.0871580800,9.2006340800,2414316,49132278.0000,1.107012,0.595500
2010-09-14,9.2142512000,9.3050320000,9.0099944000,9.0916971200,2539386,50966515.0000,1.164359,-1.184000
2010-09-15,9.1597827200,9.2460244800,8.9192136000,8.9237526400,2831434,56590416.0000,1.298269,-1.847200
2010-09-16,8.8556670400,8.9373697600,8.4789267200,8.7104177600,3194106,60971198.0000,1.464561,-2.390600
2010-09-17,8.7285739200,9.0690019200,8.5878636800,8.9918382400,3107487,61119462.0000,1.424844,3.230800
2010-09-20,8.9872992000,8.9918382400,8.6604883200,8.6786444800,1479497,28810536.0000,0.678379,-3.483100
2010-09-21,8.6877225600,8.8193547200,8.5697075200,8.6150979200,1069072,20409017.0000,0.490191,-0.732200
2010-09-27,8.7149568000,9.4775155200,8.6468712000,9.4775155200,9035774,185686884.0000,4.143081,10.010500
2010-09-28,9.3504224000,9.7090065600,9.2097121600,9.6590771200,11085938,231682335.0000,5.083122,1.915700
2010-09-29,9.5773744000,9.7997873600,9.4865936000,9.6908504000,6486059,138117300.0000,2.973986,0.328900
2010-09-30,9.6863113600,9.8043264000,9.4775155200,9.7907092800,4191915,89159212.0000,1.922076,1.030400
2010-10-08,10.0312784000,10.7711419200,9.9995051200,10.7711419200,10204116,239674470.0000,4.678789,10.013900
2010-10-11,10.8710008000,11.5563958400,10.5441899200,10.8074542400,15712490,380937587.0000,7.204488,0.337100
2010-10-12,10.6667440000,11.3339828800,10.5169556800,11.2205068800,11139352,273717504.0000,5.107613,3.821900
2010-10-13,11.1887336000,11.7107232000,11.0707185600,11.3294438400,8186521,205520571.0000,3.753682,0.970900
2010-10-14,11.3702952000,11.7878868800,10.8437665600,11.2976705600,8131620,200208318.0000,3.728509,-0.280400
2010-10-15,11.0344062400,11.4610760000,10.6667440000,11.2840534400,9660623,237095538.0000,4.429587,-0.120500
2010-10-18,11.3476000000,11.4746931200,10.3944016000,10.4216358400,6624508,157809815.0000,3.037468,-7.642800
2010-10-19,10.3717064000,10.7121344000,10.2128400000,10.5714241600,3854286,88772827.0000,1.767266,1.437300
2010-10-20,10.0312784000,10.5487289600,9.8860291200,10.4851824000,5869837,132076883.0000,2.691436,-0.815800
2010-10-21,10.4307139200,10.8710008000,10.3036208000,10.7666028800,3903026,91421946.0000,1.789615,2.684000
2010-10-22,10.6667440000,10.9980939200,10.4670262400,10.7892980800,4016093,94733470.0000,1.841458,0.210800
2010-10-25,10.7575248000,11.3022096000,10.3036208000,11.1932726400,5922388,141767318.0000,2.715532,3.744200
2010-10-26,11.0888747200,11.2295849600,10.7121344000,10.7983761600,4644532,111722445.0000,2.129610,-3.528000
2010-10-27,10.8483056000,10.8483056000,10.3036208000,10.3172379200,5415216,125340024.0000,2.482984,-4.455700
2010-10-28,10.2128400000,10.5895803200,10.1356763200,10.5578070400,3415774,78533663.0000,1.566200,2.331700
2010-10-29,10.8936960000,11.6154033600,10.8936960000,11.6154033600,10940014,279426866.0000,5.016213,10.017200
2010-11-01,12.6094531200,12.7773976000,12.2100176000,12.7773976000,7605155,212333024.0000,3.487114,10.003900
2010-11-02,12.7773976000,12.7773976000,12.7773976000,12.7773976000,0,0.0000,,0.000000
2010-11-03,13.8440720000,13.8440720000,11.5019273600,11.5609348800,15481720,430374974.0000,7.098675,-9.520400
2010-11-04,11.6880280000,12.7183900800,11.2341240000,12.6366873600,14543402,390171325.0000,6.668438,9.305100
2010-11-05,13.0270448000,13.2948481600,12.2463299200,12.5005161600,9063987,251342673.0000,4.156018,-1.077600
2010-11-08,12.3915792000,13.2993872000,12.0239169600,13.1223646400,9897831,275602743.0000,4.538351,4.974600
2010-11-09,12.7773976000,13.3039262400,12.6230702400,12.7819366400,6706035,190713856.0000,3.074850,-2.594300
2010-11-10,12.6185312000,12.9271859200,12.3461888000,12.8227880000,5773756,161017790.0000,2.647381,0.319600
2010-11-11,12.7547024000,13.6125809600,12.6412264000,12.8817955200,10267711,298807609.0000,4.707949,0.460200
2010-11-12,12.6412264000,13.3901680000,11.9376752000,12.0329950400,9996426,277531616.0000,4.583559,-6.589100
2010-11-15,12.1646272000,12.2735641600,11.3385219200,11.7379574400,7325460,189248387.0000,3.358868,-2.451900
2010-11-16,11.6471766400,11.7924259200,10.7393686400,10.9118521600,5821051,145411548.0000,2.669067,-7.037900
2010-11-17,10.5759632000,11.0752576000,10.5351118400,10.6758220800,3038230,72328624.0000,1.393089,-2.163100
2010-11-18,10.8483056000,11.0752576000,10.3853235200,10.8346884800,4903719,115607910.0000,2.248452,1.488100
2010-11-19,10.8392275200,10.8710008000,10.2627694400,10.7121344000,7184224,166746230.0000,3.294109,-1.131100
2010-11-22,10.4307139200,11.0298672000,10.3944016000,10.9163912000,6558750,155543681.0000,3.007317,1.906800
2010-11-23,10.7575248000,10.7575248000,10.2128400000,10.3807844800,5170877,119192189.0000,2.370949,-4.906400
2010-11-24,10.2355352000,10.7348296000,10.2355352000,10.5623460800,2807035,65304219.0000,1.287081,1.749000
2010-11-25,10.5714241600,10.8846179200,10.5305728000,10.8301494400,4343683,102871758.0000,1.991665,2.535500
2010-11-26,10.6667440000,10.7575248000,10.4851824000,10.5441899200,2767961,64506466.0000,1.269165,-2.640400
2010-11-29,10.3490112000,10.5214947200,9.9404976000,9.9858880000,4775209,106667879.0000,2.189528,-5.294900
2010-11-30,10.0222003200,10.1356763200,9.3504224000,9.8860291200,4142931,89264803.0000,1.899616,-1.000000
2010-12-01,9.8542558400,10.0766688000,9.6999284800,9.9541147200,2130651,46451138.0000,0.976946,0.688700
2010-12-02,10.2128400000,10.3853235200,9.9904270400,10.0675907200,3069351,68693912.0000,1.407358,1.140000
2010-12-03,9.9904270400,10.1039030400,9.6817723200,9.8542558400,1884212,40909575.0000,0.863949,-2.119000
2010-12-06,9.9631928000,10.1175201600,9.8270216000,10.0539736000,2208955,48595498.0000,1.012850,2.026700
2010-12-07,9.9722708800,10.6304316800,9.7090065600,10.3671673600,3483409,77765785.0000,1.597212,3.115100
2010-12-08,10.2037619200,10.3626283200,10.1129811200,10.1265982400,2615061,58805581.0000,1.199057,-2.320500
2010-12-09,10.0857468800,10.0857468800,9.7090065600,9.7180846400,2348104,51107342.0000,1.076652,-4.034100
2010-12-10,9.7226236800,10.0222003200,9.5682963200,9.8360996800,2622136,56678399.0000,1.202301,1.214400
2010-12-13,9.9268804800,10.2900036800,9.8270216000,10.2582304000,4145662,92306953.0000,1.900868,4.291600
2010-12-14,10.2491523200,10.2627694400,10.0630516800,10.1765276800,2957432,65975517.0000,1.356041,-0.796500
2010-12-15,10.1629105600,10.5668851200,10.1039030400,10.2945427200,4162904,94798152.0000,1.908774,1.159700
2010-12-16,10.1719886400,10.3263160000,10.1220592000,10.1447544000,1667708,37504980.0000,0.764677,-1.455000
2010-12-17,10.1447544000,10.3490112000,10.1265982400,10.2264571200,1620836,36471351.0000,0.743185,0.805400
2010-12-20,10.2945427200,10.2945427200,9.5274449600,9.8542558400,4087132,88368766.0000,1.874031,-3.639600
2010-12-21,9.7997873600,10.0585126400,9.6273038400,9.9314195200,2225841,48465066.0000,1.020592,0.783000
2010-12-22,9.9041852800,10.0766688000,9.6681552000,9.7044675200,2086947,45267411.0000,0.956907,-2.285200
2010-12-23,9.6590771200,9.8043264000,9.5546792000,9.5592182400,1604956,34162072.0000,0.735904,-1.496700
2010-12-24,9.5773744000,9.6273038400,9.2369464000,9.2732587200,1960874,40801587.0000,0.899100,-2.991500
2010-12-27,9.2732587200,9.4956716800,8.7603472000,8.8102766400,2682276,54227948.0000,1.229877,-4.992700
2010-12-28,8.8011985600,8.8011985600,8.1294206400,8.2111233600,4751098,87897844.0000,2.178473,-6.800600
2010-12-29,8.2383576000,8.3472945600,8.1248816000,8.3064432000,3274152,59404738.0000,1.501264,1.160900
2010-12-30,8.2973651200,8.5697075200,8.1611939200,8.4289972800,3197951,58825197.0000,1.466324,1.475400
2010-12-31,8.5107000000,8.7558081600,8.4153801600,8.6514102400,5138004,97469147.0000,2.355877,2.638700
2011-01-04,8.7830424000,9.1643217600,8.6741054400,9.0780800000,12237624,240688048.0000,5.611193,4.931800
2011-01-05,8.8511280000,9.0553848000,8.7966595200,8.9419088000,3852636,75916568.0000,1.766510,-1.500000
2011-01-06,8.9328307200,9.2460244800,8.8465889600,9.0690019200,12637140,250461158.0000,5.794379,1.421300
2011-01-07,8.9872992000,9.0553848000,8.9192136000,8.9600649600,3266845,64572412.0000,1.497913,-1.201200
2011-01-10,9.0236115200,9.0326896000,8.5333952000,8.5742465600,3096182,59988655.0000,1.419661,-4.306000
2011-01-11,8.4471534400,8.6514102400,8.1748110400,8.5061609600,2223253,41277611.0000,1.019406,-0.794100
2011-01-12,8.6014808000,8.6559492800,8.3563726400,8.4653096000,1710614,32012228.0000,0.784350,-0.480300
2011-01-13,8.5333952000,8.6241760000,8.4017630400,8.4743876800,1226340,22881848.0000,0.562301,0.107200
2011-01-14,8.4426144000,8.4789267200,8.2610528000,8.4471534400,2278003,42003742.0000,1.044509,-0.321400
2011-01-17,8.3518336000,8.5107000000,8.2247404800,8.3563726400,2086942,38287856.0000,0.956904,-1.074700
2011-01-18,8.4153801600,8.4153801600,8.2746699200,8.3790678400,1318693,24203139.0000,0.604647,0.271600
2011-01-19,8.3336774400,8.7104177600,8.3336774400,8.6559492800,3487515,65557178.0000,1.599095,3.304400
2011-01-20,8.6241760000,8.6241760000,8.1702720000,8.3109822400,2104230,38912323.0000,0.964831,-3.985300
2011-01-21,8.2928260800,8.3972240000,8.0840302400,8.3336774400,2033976,37030527.0000,0.932618,0.273100
2011-01-24,8.2837480000,8.3972240000,8.1248816000,8.3019041600,1729655,31312674.0000,0.793081,-0.381300
2011-01-25,8.2202014400,8.3518336000,8.1248816000,8.2565137600,934141,16857926.0000,0.428322,-0.546700
2011-01-26,8.1838891200,8.5470123200,8.1838891200,8.4653096000,1478253,27406155.0000,0.677808,2.528900
2011-01-27,8.3609116800,8.8284328000,8.3291384000,8.6468712000,2016116,38334965.0000,0.924429,2.144800
2011-01-28,8.6650273600,8.8874403200,8.5606294400,8.7149568000,1333073,25392246.0000,0.611240,0.787400
2011-01-31,8.7149568000,9.0690019200,8.6922616000,8.8102766400,4384882,85539436.0000,2.010555,1.093800
2011-02-01,8.8102766400,8.9237526400,8.6968006400,8.8738232000,2341941,45427898.0000,1.073826,0.721300
2011-02-09,8.7603472000,8.8874403200,8.6922616000,8.7512691200,4374400,84783002.0000,2.005749,-1.381100
2011-02-10,8.6741054400,8.7830424000,8.5697075200,8.7467300800,4375446,83360028.0000,2.006229,-0.051900
2011-02-11,8.7104177600,8.8284328000,8.6559492800,8.7694252800,3410967,65769735.0000,1.563996,0.259500
2011-02-14,8.7739643200,9.1643217600,8.7512691200,8.9872992000,6336643,125579100.0000,2.905476,2.484500
2011-02-15,8.9419088000,9.3504224000,8.9419088000,9.0826190400,7287460,146430879.0000,3.341445,1.060600
2011-02-16,9.0326896000,9.2596416000,8.9872992000,9.1824779200,5715504,115089445.0000,2.620672,1.099500
2011-02-17,9.2596416000,9.5864524800,9.1733998400,9.3368052800,6347510,131085106.0000,2.910459,1.680700
2011-02-18,9.3277272000,9.3595004800,9.0190724800,9.0372286400,4249434,85551031.0000,1.948450,-3.208600
2011-02-21,8.9419088000,9.1643217600,8.9055964800,9.1416265600,4123795,82589058.0000,1.890842,1.155200
2011-02-22,9.1824779200,9.3958128000,8.9827601600,8.9963772800,6459702,130831311.0000,2.961901,-1.588900
2011-02-23,8.9646040000,9.8951072000,8.9101355200,9.8951072000,11895499,248742766.0000,5.454322,9.989900
2011-02-24,10.2037619200,10.8846179200,10.0857468800,10.4851824000,27369237,637972314.0000,12.549337,5.963300
2011-02-25,10.5033385600,11.5337006400,10.3353940800,11.5337006400,29457707,708946214.0000,13.506942,10.000000
2011-02-28,11.8060430400,11.8060430400,11.2023507200,11.6925670400,28680135,724575989.0000,13.150410,1.377400
2011-03-01,11.4837712000,12.2327128000,11.3566780800,11.6925670400,26563728,688281190.0000,12.179995,0.000000
2011-03-02,11.4928492800,11.6290204800,11.0298672000,11.4610760000,16645698,416982713.0000,7.632382,-1.979800
2011-03-03,11.3022096000,11.5291616000,10.8982350400,11.1887336000,16336185,403260828.0000,7.490464,-2.376200
2011-03-04,11.1433432000,11.4383808000,11.0525624000,11.2114288000,12698112,315087915.0000,5.822336,0.202800
2011-03-07,11.2704363200,11.5654739200,11.1206480000,11.1887336000,15790874,393418201.0000,7.240428,-0.202400
2011-03-08,11.1206480000,11.5246225600,10.9027740800,11.5064664000,16589079,411902993.0000,7.606421,2.839800
2011-03-09,11.4111465600,11.4928492800,11.0979528000,11.1660384000,12198426,301558254.0000,5.593220,-2.958600
2011-03-10,11.0434843200,11.2023507200,10.7166734400,10.7302905600,10471507,251643153.0000,4.801393,-3.902400
2011-03-11,10.6440488000,10.9345473600,10.5850412800,10.7257515200,6902042,163958981.0000,3.164723,-0.042300
2011-03-14,10.5759632000,10.8846179200,10.5124166400,10.8528446400,6499367,153112081.0000,2.980088,1.184900
2011-03-15,10.7484467200,10.8119932800,10.2491523200,10.4170968000,7651676,177233988.0000,3.508445,-4.015100
2011-03-16,10.4080187200,10.8891569600,10.2945427200,10.7302905600,8797135,205700575.0000,4.033661,3.006500
2011-03-17,10.5396508800,10.5759632000,10.0585126400,10.0902859200,7574075,171974848.0000,3.472863,-5.964500
2011-03-18,10.2491523200,10.4307139200,10.1538324800,10.2173790400,4260359,96426184.0000,1.953459,1.259600
2011-03-21,9.9858880000,10.3671673600,9.9768099200,10.2990817600,4458273,100689138.0000,2.044206,0.799600
2011-03-22,10.2990817600,10.6622049600,10.0267393600,10.5169556800,7445030,170561577.0000,3.413694,2.115500
2011-03-23,10.3989406400,10.8800788800,10.3944016000,10.5850412800,8804070,207354667.0000,4.036840,0.647400
2011-03-24,10.4534091200,10.5305728000,10.2128400000,10.2219180800,7981423,182045269.0000,3.659640,-3.430500
2011-03-25,10.2400742400,10.6803611200,10.1538324800,10.5714241600,7757217,177878582.0000,3.556838,3.419200
2011-03-28,10.5214947200,10.7666028800,10.3717064000,10.4987995200,7691992,179422031.0000,3.526931,-0.687000
2011-03-29,10.4307139200,10.4307139200,9.8951072000,9.9904270400,7286351,163060954.0000,3.340936,-4.842200
2011-03-30,9.9404976000,10.2400742400,9.8497168000,9.9586537600,4907131,109008303.0000,2.250017,-0.318000
2011-03-31,10.0312784000,10.4125577600,9.7952483200,10.2582304000,7803750,174913699.0000,3.578174,3.008200
2011-04-01,10.2037619200,10.4170968000,10.0812078400,10.2945427200,5110252,115579349.0000,2.343152,0.354000
2011-04-06,10.1901448000,10.3308550400,9.9178024000,10.3036208000,5137435,114687944.0000,2.355616,0.088200
2011-04-07,10.3353940800,10.9390864000,10.2173790400,10.8346884800,11535010,269595473.0000,5.289030,5.154200
2011-04-08,10.7121344000,11.0298672000,10.6712830400,10.7892980800,10924408,261407630.0000,5.009057,-0.418900
2011-04-11,10.8483056000,10.9617816000,10.4987995200,10.5532680000,6958456,164383159.0000,3.190590,-2.187600
2011-04-12,10.4397920000,10.5078776000,10.1220592000,10.2582304000,5880951,133251556.0000,2.696532,-2.795700
2011-04-13,10.1674496000,10.3490112000,10.0176612800,10.2990817600,2688023,60613076.0000,1.232512,0.398200
2011-04-14,10.3126988800,10.3308550400,9.9858880000,10.0131222400,5166532,114753729.0000,2.368957,-2.776600
2011-04-15,10.0721297600,10.1765276800,9.8951072000,10.0902859200,3344512,73883201.0000,1.533525,0.770600
2011-04-18,10.0539736000,10.0675907200,9.7589360000,9.9904270400,4277365,93180095.0000,1.961257,-0.989700
2011-04-19,9.8951072000,9.8951072000,9.3504224000,9.3595004800,5828627,122908039.0000,2.672541,-6.315300
2011-04-20,9.3050320000,9.5183668800,9.3050320000,9.4185080000,3366969,69795941.0000,1.543822,0.630500
2011-04-21,9.4865936000,9.6953894400,9.4185080000,9.6000696000,3406790,71618031.0000,1.562081,1.927700
2011-04-22,9.6000696000,9.6000696000,9.6000696000,9.6000696000,0,0.0000,,0.000000
2011-04-25,9.5138278400,9.5138278400,9.0236115200,9.0916971200,3540213,71408344.0000,1.623258,-5.295500
2011-04-26,9.0780800000,9.2596416000,9.0417676800,9.1280094400,1994557,40141775.0000,0.914544,0.399400
2011-04-27,9.2051731200,9.2369464000,8.6241760000,8.6695664000,4118360,80241586.0000,1.888350,-5.022400
2011-04-28,8.2973651200,8.5333952000,7.9750932800,8.0295617600,4674745,85398783.0000,2.143463,-7.382200
2011-04-29,8.0341008000,8.2474356800,7.8979296000,8.2428966400,2724995,48531953.0000,1.249464,2.656900
2011-05-03,8.1566548800,8.2292795200,8.0204836800,8.1929672000,3333003,59570334.0000,1.528248,-0.605700
2011-05-04,8.1475768000,9.0145334400,7.8797734400,9.0145334400,6477681,119441407.0000,2.970145,10.027700
2011-05-05,8.8965184000,9.3640395200,8.7694252800,9.0190724800,9658097,193339724.0000,4.428429,0.050400
2011-05-06,8.7376520000,9.1234704000,8.5833246400,8.8738232000,4415329,86066154.0000,2.024516,-1.610500
2011-05-09,8.8057376000,9.3004929600,8.6922616000,9.0099944000,6083942,120421445.0000,2.789608,1.534500
2011-05-10,9.0145334400,9.1915560000,8.8738232000,9.1370875200,4467444,89370498.0000,2.048412,1.410600
2011-05-11,9.0826190400,9.1189313600,8.8011985600,8.8148156800,4143318,81685792.0000,1.899793,-3.527100
2011-05-12,8.7376520000,8.7376520000,8.3064432000,8.3472945600,4191088,78836274.0000,1.921697,-5.303800
2011-05-13,8.3291384000,8.6105588800,8.2610528000,8.5470123200,3330920,61784469.0000,1.527293,2.392600
2011-05-16,8.4426144000,8.7558081600,8.3245993600,8.5560904000,3137161,59009366.0000,1.438450,0.106200
2011-05-17,8.4426144000,8.7966595200,8.4426144000,8.5379342400,3148246,59764416.0000,1.443533,-0.212200
2011-05-18,8.5379342400,8.5379342400,8.5379342400,8.5379342400,0,0.0000,,0.000000
2011-05-19,8.6241760000,8.7149568000,8.3382164800,8.3609116800,2807592,52493894.0000,1.287337,-2.073400
2011-05-20,8.3699897600,8.4562315200,8.2610528000,8.3654507200,1905664,35071563.0000,0.873785,0.054300
2011-05-23,8.3064432000,8.4244582400,7.9024686400,8.0477179200,2773617,49831384.0000,1.271758,-3.798200
2011-05-24,7.9932494400,8.1566548800,7.8071488000,8.0431788800,2612838,45940252.0000,1.198038,-0.056400
2011-05-25,8.0749521600,8.1203425600,7.7436022400,7.7662974400,2144660,37705333.0000,0.983369,-3.442400
2011-05-26,7.7708364800,7.9660152000,7.4213304000,7.4440256000,3971151,66606196.0000,1.820851,-4.149600
2011-05-27,7.4667208000,7.5302673600,6.9991996800,7.0627462400,2860820,45273401.0000,1.311743,-5.122000
2011-05-30,7.0264339200,7.1943784000,6.9946606400,7.0173558400,2065892,32280122.0000,0.947252,-0.642700
2011-05-31,7.0173558400,7.2942372800,6.9810435200,7.1989174400,2292786,36090505.0000,1.051288,2.587300
2011-06-01,7.1989174400,7.4848769600,7.1762222400,7.3350886400,2215269,35707799.0000,1.015745,1.891600
2011-06-02,7.2579249600,7.4757988800,7.0809024000,7.2760811200,3102445,49976479.0000,1.422532,-0.804500
2011-06-03,7.1671441600,7.4757988800,7.1671441600,7.3986352000,3119386,50748872.0000,1.430300,1.684300
2011-06-07,7.3804790400,7.5529625600,7.3305496000,7.5166502400,2416564,39775817.0000,1.108042,1.595100
2011-06-08,7.5075721600,8.2701308800,7.4485646400,8.0613350400,7140925,124751980.0000,3.274256,7.246400
2011-06-09,7.8979296000,7.9387809600,7.5801968000,7.5983529600,5138639,87994120.0000,2.356168,-5.743200
2011-06-10,7.5620406400,7.7163680000,7.3986352000,7.6210481600,2678056,44727520.0000,1.227942,0.298700
2011-06-13,7.6255872000,7.8752344000,7.4984940800,7.8116878400,3572121,61155210.0000,1.637888,2.501500
2011-06-14,7.8207659200,7.9206248000,7.6800556800,7.8434611200,2916701,50329564.0000,1.337365,0.406700
2011-06-15,7.8162268800,7.8706953600,7.6301262400,7.6845947200,1808005,31025644.0000,0.829006,-2.025500
2011-06-16,7.6255872000,7.6255872000,7.3214715200,7.3350886400,2324073,37944425.0000,1.065633,-4.548100
2011-06-17,7.3532448000,7.4122523200,7.1172147200,7.1308318400,1454024,23372925.0000,0.666699,-2.784700
2011-06-20,7.1308318400,7.2079955200,7.0264339200,7.0990585600,1254410,19683093.0000,0.575172,-0.445600
2011-06-21,7.0990585600,7.3260105600,7.0990585600,7.2851592000,1375467,21846736.0000,0.630679,2.621500
2011-06-22,6.5589128000,6.7722476800,6.5589128000,6.5589128000,6374489,92209732.0000,2.922829,-9.968800
2011-06-23,6.0414622400,6.4408977600,5.9052910400,6.2457190400,18599740,247509671.0000,8.528349,-4.775100
2011-06-24,6.0369232000,6.3818902400,6.0051499200,6.3047265600,16234960,222382472.0000,7.444051,0.944800
2011-06-27,6.2729532800,6.7586305600,6.2366409600,6.5362176000,13402142,191423230.0000,6.145147,3.671700
2011-06-28,6.4908272000,6.7404744000,6.4272806400,6.5634518400,9356605,135360868.0000,4.290189,0.416700
2011-06-29,6.5589128000,6.6179203200,6.3728121600,6.4772100800,6084094,86868556.0000,2.789678,-1.314000
2011-06-30,6.4000464000,6.6133812800,6.4000464000,6.5226004800,5647000,81274022.0000,2.589261,0.700800
2011-07-01,6.4862881600,7.1716832000,6.4454368000,6.6996230400,16730556,247597544.0000,7.671291,2.714000
2011-07-04,6.5816080000,6.8221771200,6.4045854400,6.7677086400,16933810,247609151.0000,7.764487,1.016300
2011-07-05,6.7404744000,6.8675675200,6.6860059200,6.8085600000,11679869,174105447.0000,5.355451,0.603600
2011-07-06,6.7904038400,6.8312552000,6.6950840000,6.7495524800,8033545,119472942.0000,3.683539,-0.866700
2011-07-07,6.7177792000,6.7858648000,6.5816080000,6.6905449600,7972080,117341623.0000,3.655357,-0.874200
2011-07-08,6.6633107200,6.7177792000,6.4635929600,6.6451545600,7700620,112045133.0000,3.530887,-0.678422
2011-07-11,6.6269984000,6.8993408000,6.5407566400,6.8312552000,9326835,138923793.0000,4.276539,2.800500
2011-07-12,6.7767867200,6.7767867200,6.6269984000,6.6360764800,5053530,74533318.0000,2.317144,-2.857100
2011-07-13,6.6043032000,6.8539504000,6.6043032000,6.8085600000,8031298,119718848.0000,3.682509,2.599200
2011-07-14,6.8312552000,6.8811846400,6.7268572800,6.8584894400,9848569,147955249.0000,4.515764,0.733300
2011-07-15,6.8721065600,7.0082777600,6.7858648000,6.9901216000,13078666,199319725.0000,5.996827,1.919300
2011-07-18,7.0218948800,7.0627462400,6.9038798400,6.9674264000,7916403,121497049.0000,3.629828,-0.324700
2011-07-19,6.8948017600,6.9356531200,6.7722476800,6.8085600000,5841610,87921520.0000,2.678494,-2.280100
2011-07-20,6.8630284800,7.0355120000,6.7404744000,7.0082777600,8792777,133862822.0000,4.031662,2.933300
2011-07-21,6.9719654400,6.9855825600,6.8130990400,6.8403332800,5449996,82727539.0000,2.498931,-2.396400
2011-07-22,6.8993408000,6.9174969600,6.7677086400,6.7994819200,3351981,50619643.0000,1.536950,-0.597200
2011-07-25,6.7268572800,6.7631696000,6.1186259200,6.1231649600,7940965,111394717.0000,3.641090,-9.946600
2011-07-26,6.1277040000,6.3092656000,5.9461424000,6.2956484800,5943789,79785492.0000,2.725345,2.816900
2011-07-27,6.2547971200,6.4408977600,6.1413211200,6.3455779200,6118944,85131665.0000,2.805657,0.793100
2011-07-28,6.2184848000,6.2593361600,6.0686964800,6.1594772800,3595591,48890356.0000,1.648650,-2.932800
2011-07-29,6.1277040000,6.2865704000,6.0823136000,6.1322430400,2847547,38599260.0000,1.305657,-0.442200
2011-08-01,6.1458601600,6.1821724800,6.0142280000,6.0686964800,2588096,34749217.0000,1.186693,-1.036300
2011-08-02,5.9824547200,6.0641574400,5.9052910400,5.9960718400,3329787,43694716.0000,1.526773,-1.196700
2011-08-03,5.9688376000,6.2547971200,5.9189081600,6.1640163200,5385143,72566024.0000,2.469195,2.800900
2011-08-04,6.1640163200,6.2911094400,6.1186259200,6.2366409600,6952862,95074265.0000,3.188025,1.178200
2011-08-05,5.9279862400,6.1503992000,5.9279862400,5.9869937600,3763167,49958475.0000,1.725487,-4.002900
2011-08-08,5.9370643200,5.9688376000,5.3878404800,5.3923795200,6163999,75744218.0000,2.826316,-9.931800
2011-08-09,5.0383344000,5.3923795200,5.0292563200,5.2970596800,4694826,53851370.0000,2.152671,-1.767700
2011-08-10,5.4014576000,5.4876993600,5.2879816000,5.3242939200,4043738,47906283.0000,1.854134,0.514100
2011-08-11,5.1745056000,5.5648630400,5.1291152000,5.5285507200,5603852,66820668.0000,2.569477,3.836300
2011-08-12,5.5830192000,5.7328075200,5.5149336000,5.6329486400,5212706,64629187.0000,2.390129,1.888300
2011-08-15,5.6193315200,6.1957896000,5.5830192000,5.9552204800,13285109,175279559.0000,6.091486,5.721200
2011-08-16,5.9143691200,5.9869937600,5.8008931200,5.8417444800,6086813,78611075.0000,2.790924,-1.905500
2011-08-17,5.8417444800,5.8780568000,5.7373465600,5.8054321600,3325135,42601134.0000,1.524640,-0.621600
2011-08-18,5.8054321600,5.8553616000,5.6284096000,5.7055732800,3309791,41996346.0000,1.517605,-1.720100
2011-08-19,5.5920972800,5.7555027200,5.5376288000,5.6511048000,3429909,42593861.0000,1.572681,-0.954700
2011-08-22,5.6783390400,5.8780568000,5.5966363200,5.6193315200,2392637,29935313.0000,1.097071,-0.562200
2011-08-23,5.6284096000,5.8508225600,5.5875582400,5.7555027200,6171691,77996522.0000,2.829843,2.423300
2011-08-24,5.8689787200,5.8689787200,5.6284096000,5.6465657600,5623317,70989653.0000,2.578402,-1.892700
2011-08-25,5.6647219200,5.8008931200,5.6329486400,5.7963540800,5268855,66472984.0000,2.415874,2.652700
2011-08-26,5.7781979200,5.8871348800,5.6964952000,5.8235883200,4560639,58325464.0000,2.091143,0.469847
2011-08-29,5.7645808000,5.8008931200,5.5830192000,5.5920972800,5043336,62936102.0000,2.312469,-3.975100
2011-08-30,5.6420267200,5.6964952000,5.4922384000,5.4967774400,3594932,44274947.0000,1.648348,-1.704500
2011-08-31,5.5194726400,5.5784801600,5.3923795200,5.5648630400,2976431,36081442.0000,1.364753,1.238600
2011-09-01,5.5149336000,5.6057144000,5.3424500800,5.3606062400,3380548,40474937.0000,1.550048,-3.670500
2011-09-02,5.3787624000,5.4423089600,5.2289740800,5.2970596800,2562490,30008125.0000,1.174952,-1.185400
2011-09-05,5.1972008000,5.3560672000,5.1291152000,5.1518104000,2307741,26374778.0000,1.058145,-2.742100
2011-09-06,5.1336542400,5.1926617600,5.0610296000,5.1427323200,2328180,26373930.0000,1.067517,-0.176200
2011-09-07,5.1972008000,5.2834425600,5.1472713600,5.2607473600,2467685,28431070.0000,1.131482,2.294800
2011-09-08,5.3061377600,5.3333720000,5.1835836800,5.2607473600,3472710,40127211.0000,1.592306,0.000000
2011-09-09,5.2562083200,5.3787624000,5.1745056000,5.3242939200,5525356,64452278.0000,2.533485,1.207900
2011-09-13,5.2607473600,5.2789035200,5.0837248000,5.1972008000,4340414,49494263.0000,1.990166,-2.387000
2011-09-14,5.1926617600,5.3969185600,5.1926617600,5.3833014400,7486555,87503957.0000,3.432734,3.580800
2011-09-15,5.4377699200,5.9234472000,5.4196137600,5.9234472000,16852822,212267441.0000,7.727353,10.033700
2011-09-16,5.8372054400,5.9007520000,5.7191904000,5.7827369600,14855380,189845864.0000,6.811486,-2.375500
2011-09-19,5.6692609600,5.7691198400,5.6057144000,5.6511048000,6495259,81124103.0000,2.978205,-2.276300
2011-09-20,5.6647219200,6.1640163200,5.6647219200,6.0233060800,19979079,262095514.0000,9.160803,6.586300
2011-09-21,5.9098300800,6.2457190400,5.7872760000,6.1413211200,17277058,229295504.0000,7.921873,1.959300
2011-09-22,6.0369232000,6.2911094400,5.9279862400,5.9325252800,12955989,174667163.0000,5.940577,-3.399900
2011-09-23,5.7555027200,5.8825958400,5.6783390400,5.8689787200,6716019,85641707.0000,3.079428,-1.071200
2011-09-26,5.7645808000,6.2638752000,5.7645808000,6.0913916800,12263471,164789712.0000,5.623044,3.789600
2011-09-27,6.0460012800,6.2820313600,5.8462835200,6.0505403200,9463233,126963933.0000,4.339080,-0.670600
2011-09-28,6.0868526400,6.3909683200,6.0142280000,6.3773512000,19316821,266192991.0000,8.857145,5.401400
2011-09-29,6.2411800000,6.3364998400,5.8145102400,5.8417444800,12162748,164516537.0000,5.576861,-8.398600
2011-09-30,5.6964952000,6.0323841600,5.6964952000,5.9688376000,7765255,101378941.0000,3.560523,2.175600
2011-10-10,5.9688376000,6.0460012800,5.6738000000,5.8054321600,6566682,83694863.0000,3.010954,-2.737600
2011-10-11,5.9688376000,6.2956484800,5.8054321600,6.2729532800,14614648,197208464.0000,6.701105,8.053200
2011-10-12,6.1730944000,6.6723888000,6.1095478400,6.5725299200,22774057,325607577.0000,10.442356,4.775700
2011-10-13,6.4545148800,6.7177792000,6.4272806400,6.6723888000,17270021,249902697.0000,7.918647,1.519300
2011-10-14,6.5861470400,6.5861470400,6.3728121600,6.4318196800,13943651,198326482.0000,6.393440,-3.605400
2011-10-17,6.4227416000,6.6633107200,6.3319608000,6.6496936000,16091212,230522957.0000,7.378139,3.387400
2011-10-18,6.5498347200,6.5498347200,5.9869937600,5.9869937600,16634020,228671300.0000,7.627028,-9.965900
2011-10-19,5.9869937600,6.3364998400,5.8599006400,6.1277040000,11073788,149458595.0000,5.077551,2.350300
2011-10-20,6.0006108800,6.1140868800,5.5194726400,5.5739411200,11964678,150606275.0000,5.486042,-9.037000
2011-10-21,5.5784801600,5.6193315200,5.1926617600,5.2335131200,8554132,101522369.0000,3.922239,-6.107500
2011-10-24,5.2652864000,5.4241528000,5.0383344000,5.4014576000,7443094,86262994.0000,3.412806,3.209000
2011-10-25,5.3787624000,5.6193315200,5.2925206400,5.5421678400,8777144,105898680.0000,4.024494,2.605000
2011-10-26,5.4468480000,5.6465657600,5.4059966400,5.4922384000,9370823,113910066.0000,4.296708,-0.900900
2011-10-27,5.4922384000,5.5603240000,5.3696843200,5.3923795200,7182494,86402332.0000,3.293316,-1.818200
2011-10-28,5.4423089600,5.6420267200,5.4423089600,5.5330897600,8552988,104080813.0000,3.921714,2.609400
2011-10-31,5.4922384000,5.5784801600,5.4014576000,5.5694020800,10161110,122565353.0000,4.659070,0.656300
2011-11-01,5.4967774400,5.7055732800,5.4831603200,5.6919561600,12552979,155582145.0000,5.755789,2.200500
2011-11-02,5.5557849600,5.6828780800,5.4423089600,5.6556438400,9720722,119303074.0000,4.457144,-0.638000
2011-11-03,5.6783390400,5.8326664000,5.6284096000,5.6647219200,11140676,140857205.0000,5.108221,0.160500
2011-11-04,5.7146513600,5.7691198400,5.5694020800,5.7600417600,8442695,105717666.0000,3.871143,1.682700
2011-11-07,5.7645808000,5.7872760000,5.6329486400,5.6828780800,5750661,71973228.0000,2.636792,-1.339600
2011-11-08,5.6828780800,5.7282684800,5.4241528000,5.4377699200,7596081,92914705.0000,3.482954,-4.313100
2011-11-09,5.4286918400,5.5376288000,5.3969185600,5.5194726400,5892045,71033331.0000,2.701619,1.502500
2011-11-10,5.4241528000,5.4876993600,5.3515281600,5.3878404800,5754485,68430030.0000,2.638545,-2.384900
2011-11-11,5.4105356800,5.5149336000,5.3787624000,5.4332308800,3906593,46759775.0000,1.791250,0.842500
2011-11-14,5.4922384000,5.5603240000,5.4468480000,5.5467068800,5172841,62814247.0000,2.371850,2.088600
2011-11-15,5.5330897600,5.6147924800,5.5149336000,5.5966363200,5206128,63848785.0000,2.387113,0.900200
2011-11-16,5.6102534400,5.6238705600,5.3106768000,5.3515281600,6175764,74081489.0000,2.831710,-4.379600
2011-11-17,5.3515281600,5.3515281600,5.3515281600,5.3515281600,0,0.0000,,0.000000
2011-11-18,5.2562083200,5.3878404800,5.0791857600,5.1154980800,4792798,54925192.0000,2.197593,-4.410500
2011-11-21,5.1154980800,5.3560672000,5.0973419200,5.1790446400,3529549,40266427.0000,1.618368,1.242200
2011-11-22,5.1427323200,5.3424500800,5.1154980800,5.2198960000,3252301,37192700.0000,1.491244,0.788800
2011-11-23,5.1972008000,5.2198960000,5.1245761600,5.1381932800,2418700,27505996.0000,1.109022,-1.565200
2011-11-24,5.1291152000,5.2652864000,4.9929440000,5.1472713600,3140331,35455964.0000,1.439904,0.176700
2011-11-25,5.2062788800,5.2380521600,5.0701076800,5.0837248000,2797588,31789282.0000,1.282749,-1.234600
2011-11-28,5.0928028800,5.1200371200,4.8976241600,4.9384755200,4471486,49021396.0000,2.050265,-2.857100
2011-11-29,4.9838659200,5.0701076800,4.9475536000,5.0156392000,3862376,42536416.0000,1.770976,1.562500
2011-11-30,5.0701076800,5.0701076800,4.5935084800,4.7342187200,6061829,63946948.0000,2.779469,-5.610900
2011-12-01,4.8794680000,4.9430145600,4.7705310400,4.7796091200,6105881,65162842.0000,2.799667,0.958800
2011-12-02,4.8476947200,4.8476947200,4.5027276800,4.5208838400,5269507,53643374.0000,2.416173,-5.413100
2011-12-05,4.5163448000,4.5208838400,4.2576195200,4.2712366400,4061986,38828489.0000,1.862501,-5.522100
2011-12-06,4.1804558400,4.3892516800,4.1759168000,4.2621585600,2838406,26717689.0000,1.301465,-0.212500
2011-12-07,4.2621585600,4.2984708800,4.2258462400,4.2349243200,1865177,17506868.0000,0.855221,-0.639000
2011-12-08,4.2213072000,4.3347832000,4.0624408000,4.2031510400,3954195,36563914.0000,1.813077,-0.750300
2011-12-09,4.1350654400,4.2394633600,4.1169092800,4.1940729600,3169929,29185787.0000,1.453475,-0.216000
2011-12-12,4.1986120000,4.2576195200,4.1259873600,4.1441435200,2573642,23767334.0000,1.180066,-1.190500
2011-12-13,4.1123702400,4.1123702400,3.7310908800,3.7401689600,4539607,38711225.0000,2.081500,-9.748100
2011-12-14,3.7220128000,3.7628641600,3.5586073600,3.5767635200,4009704,32050377.0000,1.838529,-4.368900
2011-12-15,3.5086779200,3.5903806400,3.4224361600,3.4315142400,3256133,25169506.0000,1.493001,-4.060900
2011-12-16,3.4451313600,3.5359121600,3.4088190400,3.5313731200,2845264,21738994.0000,1.304610,2.910100
2011-12-19,3.5268340800,3.5268340800,3.3952019200,3.4905217600,3350375,25507689.0000,1.536213,-1.156800
2011-12-20,3.4769046400,3.6130758400,3.4496704000,3.5177560000,4039427,31490836.0000,1.852157,0.780200
2011-12-21,3.5676854400,3.6584662400,3.4723656000,3.4814436800,8665072,68346920.0000,3.973107,-1.032300
2011-12-22,3.3770457600,3.4178971200,3.1546328000,3.3044211200,6202015,44730907.0000,2.843747,-5.084700
2011-12-23,3.3588896000,3.6357710400,3.3361944000,3.6357710400,9045074,71130213.0000,4.147346,10.027500
2011-12-26,3.5858416000,3.6902395200,3.5404512000,3.6448491200,10889220,86733247.0000,4.992923,0.249700
2011-12-27,3.6039977600,3.6085368000,3.4088190400,3.4224361600,5580117,43150590.0000,2.558594,-6.102100
2011-12-28,3.3316553600,3.6539272000,3.2998820800,3.6266929600,7935991,61282494.0000,3.638809,5.968200
2011-12-29,3.5767635200,3.5994587200,3.4950608000,3.5313731200,6037452,47181352.0000,2.768291,-2.628300
2011-12-30,3.5540683200,3.6085368000,3.4995998400,3.5222950400,4680095,36586134.0000,2.145916,-0.257100
2012-01-04,3.5540683200,3.5767635200,3.3180382400,3.3225772800,4705135,35782747.0000,2.157398,-5.670100
2012-01-05,3.2227184000,3.2635697600,2.9957664000,3.0275396800,5817614,40121140.0000,2.667491,-8.879800
2012-01-06,2.9639931200,3.0910862400,2.9276808000,3.0593129600,3510761,23189117.0000,1.609753,1.049500
2012-01-09,3.0411568000,3.2908040000,3.0003054400,3.2272574400,5365833,37533259.0000,2.460341,5.489600
2012-01-10,3.2136403200,3.5495292800,3.1818670400,3.5495292800,7718380,58306354.0000,3.539030,9.985900
2012-01-11,3.5858416000,3.7174737600,3.5359121600,3.6176148800,15224103,121587065.0000,6.980553,1.918200
2012-01-12,3.6176148800,3.8491059200,3.5222950400,3.6857004800,12142745,98200195.0000,5.567689,1.882100
2012-01-13,3.6448491200,3.6766224000,3.4587484800,3.5404512000,8408677,65939724.0000,3.855545,-3.940900
2012-01-16,3.4269752000,3.5404512000,3.2908040000,3.3089601600,4101998,31035476.0000,1.880847,-6.538500
2012-01-17,3.2817259200,3.6403100800,3.2817259200,3.6403100800,7642127,59385364.0000,3.504067,10.013700
2012-01-18,3.7537860800,3.7855593600,3.5313731200,3.5813025600,9232727,74504080.0000,4.233388,-1.620900
2012-01-19,3.5813025600,3.6539272000,3.4905217600,3.6221539200,5838516,46029330.0000,2.677075,1.140700
2012-01-20,3.6312320000,3.6720833600,3.5540683200,3.5994587200,3971757,31495394.0000,1.821129,-0.626600
2012-01-30,3.6130758400,3.6176148800,3.5222950400,3.5449902400,3489578,27354201.0000,1.600041,-1.513200
2012-01-31,3.5313731200,3.7174737600,3.5313731200,3.6584662400,7260477,58247405.0000,3.329072,3.201000
2012-02-01,3.6357710400,3.6675443200,3.5586073600,3.5858416000,4016307,31964696.0000,1.841556,-1.985100
2012-02-02,3.6312320000,3.9353476800,3.6176148800,3.7674032000,9366368,77612928.0000,4.294665,5.063300
2012-02-03,3.7447080000,3.9807380800,3.7083956800,3.9262696000,12146047,103927896.0000,5.569203,4.216900
2012-02-06,3.9126524800,3.9262696000,3.8173326400,3.9035744000,8813767,75153442.0000,4.041287,-0.578000
2012-02-07,3.8944963200,3.8944963200,3.6857004800,3.7447080000,8084357,66908243.0000,3.706838,-4.069800
2012-02-08,3.7537860800,4.0170504000,3.6993176000,3.9716600000,11183985,95434674.0000,5.128079,6.060600
2012-02-09,3.9035744000,4.0624408000,3.8718011200,3.9398867200,11692614,102170822.0000,5.361295,-0.800000
2012-02-10,3.9308086400,4.0306675200,3.9126524800,3.9716600000,7363652,64262046.0000,3.376380,0.806500
2012-02-13,3.9035744000,4.1441435200,3.8627230400,4.0442846400,11207127,98919694.0000,5.138690,1.828600
2012-02-14,4.0215894400,4.0669798400,3.9489648000,4.0125113600,7427262,65534037.0000,3.405547,-0.785600
2012-02-15,3.9943552000,4.4119468800,3.9580428800,4.4119468800,14920179,138430744.0000,6.841197,9.954800
2012-02-16,4.5163448000,4.6388988800,4.3484003200,4.5345009600,20680129,203903365.0000,9.482249,2.777800
2012-02-17,4.5299619200,4.5390400000,4.4255640000,4.4664153600,9982477,98391926.0000,4.577163,-1.501500
2012-02-20,4.4891105600,4.5208838400,4.4164859200,4.4301030400,7413537,73062563.0000,3.399254,-0.813000
2012-02-21,4.4119468800,4.5662742400,4.3393222400,4.5481180800,13150564,129983558.0000,6.029794,2.663900
2012-02-22,4.5254228800,5.0020220800,4.5027276800,5.0020220800,31521463,336493587.0000,14.453215,9.980000
2012-02-23,4.9520926400,5.0383344000,4.8658508800,4.9793268800,24281633,264057468.0000,11.133610,-0.453700
2012-02-24,4.9566316800,5.0746467200,4.8703899200,4.9702488000,23645235,258097670.0000,10.841808,-0.182300
2012-02-27,4.9747878400,5.0383344000,4.9157803200,4.9702488000,18621014,203645032.0000,8.538104,0.000000
2012-02-28,4.9384755200,4.9430145600,4.7296796800,4.7659920000,12671648,134298693.0000,5.810202,-4.109600
2012-02-29,4.7478358400,4.7478358400,4.5435790400,4.5889694400,9718635,98583692.0000,4.456187,-3.714300
2012-03-01,4.5390400000,4.7206016000,4.5254228800,4.6207427200,7135549,73012715.0000,3.271791,0.692400
2012-03-02,4.6298208000,4.8431556800,4.6252817600,4.8068433600,9919283,103488279.0000,4.548188,4.027500
2012-03-05,4.8340776000,4.8885460800,4.7024454400,4.7206016000,8639886,90727527.0000,3.961559,-1.794100
2012-03-06,4.6979064000,5.0791857600,4.6298208000,4.9112412800,15410632,164883540.0000,7.066080,4.038500
2012-03-07,4.8113824000,5.1109590400,4.7659920000,4.8476947200,13846440,150245672.0000,6.348867,-1.293900
2012-03-08,4.8431556800,4.9384755200,4.7523748800,4.8522337600,8826214,94120639.0000,4.046994,0.093600
2012-03-09,4.8567728000,4.9293974400,4.8113824000,4.8749289600,5898344,63300900.0000,2.704508,0.467700
2012-03-12,4.8840070400,4.9157803200,4.8159214400,4.8885460800,4985226,53383391.0000,2.285825,0.279300
2012-03-13,4.8976241600,5.0837248000,4.8885460800,4.9747878400,9477413,104094101.0000,4.345582,1.764200
2012-03-14,4.9838659200,5.0610296000,4.4754934400,4.5299619200,13065589,137230773.0000,5.990831,-8.941600
2012-03-15,4.4709544000,4.5571961600,4.1804558400,4.2848537600,9135927,87251836.0000,4.189003,-5.410800
2012-03-16,4.2349243200,4.3665564800,4.1849948800,4.3665564800,5296343,50263993.0000,2.428478,1.906800
2012-03-19,4.3574784000,4.4891105600,4.3211660800,4.4800324800,5953429,58127053.0000,2.729765,2.598800
2012-03-20,4.4573372800,4.4573372800,4.2984708800,4.3075489600,4549315,43671917.0000,2.085951,-3.850100
2012-03-21,4.2939318400,4.5798913600,4.2939318400,4.4391811200,6939187,67933530.0000,3.181755,3.055800
2012-03-22,4.3801736000,4.4391811200,4.3120880000,4.4028688000,4178057,40337835.0000,1.915722,-0.818000
2012-03-23,4.4028688000,4.4255640000,4.1849948800,4.2349243200,3802857,36095880.0000,1.743685,-3.814400
2012-03-26,4.2213072000,4.2893928000,4.1804558400,4.2167681600,2489018,23170385.0000,1.141264,-0.428700
2012-03-27,4.2576195200,4.3075489600,4.2167681600,4.2349243200,2330193,21881977.0000,1.068440,0.430600
2012-03-28,4.1532216000,4.1759168000,3.8627230400,3.8944963200,4360412,38668451.0000,1.999335,-8.038600
2012-03-29,3.8581840000,3.8763401600,3.7129347200,3.7764812800,3990446,33357557.0000,1.829699,-3.030300
2012-03-30,3.7764812800,3.8354888000,3.7038566400,3.7401689600,2417227,19989653.0000,1.108346,-0.961500
2012-04-05,3.6811614400,3.9852771200,3.6811614400,3.9398867200,4544098,38566890.0000,2.083559,5.339800
2012-04-06,3.9398867200,4.0215894400,3.8944963200,3.9807380800,4330024,37775265.0000,1.985402,1.036900
2012-04-09,3.9489648000,3.9852771200,3.8944963200,3.9262696000,2825806,24533922.0000,1.295688,-1.368300
2012-04-10,3.8627230400,4.0306675200,3.7310908800,4.0170504000,3874479,33094975.0000,1.776525,2.312100
2012-04-11,3.9444257600,4.1532216000,3.8808792000,4.1032921600,5450485,48929341.0000,2.499155,2.146900
2012-04-12,4.1169092800,4.1849948800,4.0488236800,4.1577606400,5633512,51318238.0000,2.583077,1.327400
2012-04-13,4.1577606400,4.3438612800,4.1305264000,4.1849948800,6340840,59153794.0000,2.907401,0.655000
2012-04-16,4.1668387200,4.3756345600,4.0987531200,4.2621585600,5699057,53360339.0000,2.613130,1.843800
2012-04-17,4.3484003200,4.4754934400,4.1759168000,4.1849948800,6057738,57434033.0000,2.777593,-1.810400
2012-04-18,4.2031510400,4.3574784000,4.1123702400,4.2803147200,4580319,42931904.0000,2.100167,2.277700
2012-04-19,4.2803147200,4.3075489600,4.1940729600,4.2530804800,2969708,27815242.0000,1.361670,-0.636300
2012-04-20,4.2530804800,4.3529393600,4.2122291200,4.3120880000,4481504,42466981.0000,2.054858,1.387400
2012-04-23,4.3166270400,4.3983297600,4.1668387200,4.2213072000,4792684,45427723.0000,2.197541,-2.105300
2012-04-24,4.1668387200,4.2712366400,3.8491059200,4.0125113600,6353275,56333853.0000,2.913102,-4.946200
2012-04-25,4.0034332800,4.1940729600,3.9308086400,4.1441435200,6350376,57122005.0000,2.911773,3.280500
2012-04-26,4.1486825600,4.1986120000,4.0851360000,4.1123702400,4442136,40477172.0000,2.036807,-0.766700
2012-04-27,4.0397456000,4.1441435200,3.9308086400,3.9444257600,3982423,35457015.0000,1.826020,-4.083900
2012-05-02,3.9716600000,4.0261284800,3.8808792000,3.9625819200,4932350,42907068.0000,2.261580,0.460300
2012-05-03,3.9035744000,3.9535038400,3.8581840000,3.9126524800,4133332,35505195.0000,1.895215,-1.260000
2012-05-04,3.9126524800,4.2167681600,3.8990353600,4.0669798400,6528467,58282405.0000,2.993431,3.944300
2012-05-07,3.9761990400,4.0442846400,3.9580428800,4.0170504000,3878254,34189407.0000,1.778256,-1.227700
2012-05-08,4.0715188800,4.0715188800,3.9716600000,4.0397456000,3134575,27796661.0000,1.437265,0.565000
2012-05-09,4.0352065600,4.0352065600,3.9535038400,3.9625819200,2452976,21511853.0000,1.124738,-1.910100
2012-05-10,3.9625819200,4.0125113600,3.9308086400,3.9489648000,2172727,18998185.0000,0.996238,-0.343600
2012-05-11,4.0352065600,4.1668387200,3.9898161600,4.0034332800,5637130,50626352.0000,2.584736,1.379300
2012-05-14,4.0624408000,4.1713777600,4.0306675200,4.0987531200,6675737,60511522.0000,3.060958,2.381000
2012-05-15,4.0760579200,4.0760579200,3.9535038400,4.0261284800,3469011,30619689.0000,1.590610,-1.771900
2012-05-16,4.0306675200,4.0306675200,3.9081134400,3.9126524800,2341478,20478950.0000,1.073614,-2.818500
2012-05-17,3.9126524800,3.9489648000,3.7991764800,3.9444257600,3551487,30281644.0000,1.628427,0.812100
2012-05-18,3.8808792000,3.9308086400,3.7356299200,3.7810203200,3120536,26307941.0000,1.430828,-4.142700
2012-05-21,3.7810203200,3.8127936000,3.7310908800,3.7855593600,1592735,13269899.0000,0.730301,0.120000
2012-05-22,3.7946374400,3.8627230400,3.7946374400,3.8400278400,1697434,14334311.0000,0.778307,1.438800
2012-05-23,3.8354888000,3.8672620800,3.7492470400,3.8218716800,2115773,17750217.0000,0.970124,-0.472800
2012-05-24,3.7764812800,3.8309497600,3.7583251200,3.7719422400,1724701,14397193.0000,0.790810,-1.306400
2012-05-25,3.7764812800,3.8309497600,3.6857004800,3.7310908800,1811492,15023960.0000,0.830605,-1.083000
2012-05-28,3.7220128000,3.7900984000,3.5813025600,3.7764812800,2185616,17769136.0000,1.002148,1.216500
2012-05-29,3.7900984000,3.8808792000,3.7447080000,3.8264107200,3103321,26146805.0000,1.422934,1.322100
2012-05-30,3.8264107200,3.9035744000,3.8037155200,3.8536449600,2821453,23985778.0000,1.293692,0.711700
2012-05-31,3.8354888000,3.9035744000,3.7946374400,3.9035744000,3452905,29430647.0000,1.583225,1.295600
2012-06-01,3.8944963200,3.9262696000,3.8400278400,3.8808792000,2077101,17739494.0000,0.952392,-0.581400
2012-06-04,3.7674032000,3.8899572800,3.6766224000,3.7174737600,2325096,19437186.0000,1.066103,-4.210500
2012-06-05,3.7583251200,3.7900984000,3.6993176000,3.7492470400,1401252,11540902.0000,0.642502,0.854700
2012-06-06,3.7220128000,3.8354888000,3.6811614400,3.8264107200,2266139,18857812.0000,1.039070,2.058100
2012-06-07,4.0805969600,4.2076900800,3.8627230400,3.9081134400,9854406,87941458.0000,4.518440,2.135200
2012-06-08,3.8127936000,3.8990353600,3.6947785600,3.7537860800,6536548,54205696.0000,2.997137,-3.948900
2012-06-11,3.7083956800,3.7628641600,3.6221539200,3.7356299200,3613960,29426769.0000,1.657072,-0.483700
2012-06-12,3.6993176000,3.7492470400,3.6403100800,3.7356299200,2241863,18287745.0000,1.027939,0.000000
2012-06-13,3.7220128000,3.7719422400,3.6857004800,3.7628641600,1877938,15509423.0000,0.861072,0.729000
2012-06-14,3.7220128000,3.7628641600,3.6766224000,3.7038566400,1863962,15318895.0000,0.854663,-1.568200
2012-06-15,3.7038566400,3.7038566400,3.7038566400,3.7038566400,0,0.0000,,0.000000
2012-06-18,3.7038566400,3.7719422400,3.7038566400,3.7447080000,1386552,11444575.0000,0.635762,1.102900
2012-06-19,3.7447080000,3.7764812800,3.7220128000,3.7537860800,1310789,10828490.0000,0.601023,0.242400
2012-06-20,3.7628641600,3.7628641600,3.6857004800,3.6857004800,1321993,10802985.0000,0.606160,-1.813800
2012-06-21,3.6675443200,3.7129347200,3.5813025600,3.6176148800,2079150,16695286.0000,0.953331,-1.847300
2012-06-25,3.9807380800,3.9807380800,3.9807380800,3.9807380800,4244533,37224554.0000,1.946202,10.037600
2012-06-26,4.1078312000,4.3574784000,4.0397456000,4.2621585600,24646596,228026965.0000,11.300952,7.069600
2012-06-27,4.0942140800,4.2303852800,4.0125113600,4.1486825600,13508533,122301095.0000,6.193930,-2.662400
2012-06-28,4.0896750400,4.2122291200,4.0442846400,4.1078312000,9809912,89271688.0000,4.498039,-0.984700
2012-06-29,4.0715188800,4.0760579200,3.8627230400,3.9535038400,7982912,69427538.0000,3.660323,-3.756900
2012-07-02,3.9625819200,4.0533627200,3.9126524800,4.0442846400,6747491,59082494.0000,3.093858,2.296200
2012-07-03,4.0170504000,4.0533627200,3.9580428800,3.9807380800,5309220,46838065.0000,2.434382,-1.571300
2012-07-04,3.9716600000,4.2258462400,3.9489648000,4.1577606400,12805939,116618317.0000,5.871777,4.447000
2012-07-05,4.1214483200,4.1259873600,3.9489648000,3.9580428800,6126441,54425540.0000,2.809095,-4.803500
2012-07-06,3.9489648000,4.0170504000,3.7628641600,3.9126524800,6621405,56588445.0000,3.036045,-1.146800
2012-07-09,3.8400278400,3.8808792000,3.6130758400,3.6312320000,5400496,44667674.0000,2.476234,-7.192600
2012-07-10,3.6312320000,3.6539272000,3.5404512000,3.5586073600,3279396,25958776.0000,1.503668,-2.000000
2012-07-11,3.5177560000,3.6085368000,3.4905217600,3.5903806400,2439335,19140996.0000,1.118483,0.892900
2012-07-12,3.5631464000,3.6675443200,3.5631464000,3.6357710400,2867803,22902445.0000,1.314944,1.264200
2012-07-13,3.6539272000,3.7537860800,3.5994587200,3.6766224000,3261959,26498521.0000,1.495673,1.123600
2012-07-16,3.7900984000,3.8309497600,3.5086779200,3.5222950400,3681362,29594179.0000,1.687977,-4.197500
2012-07-17,3.4859827200,3.5858416000,3.4178971200,3.5676854400,2156000,16759307.0000,0.988569,1.288700
2012-07-18,3.5631464000,3.5767635200,3.4315142400,3.5676854400,2432434,18830373.0000,1.115319,0.000000
2012-07-19,3.5858708700,3.6313191700,3.4995191000,3.5904157000,2889263,22772435.0000,1.324784,0.636900
2012-07-20,3.5222432500,3.6085950200,3.5222432500,3.5449674000,1775963,13926010.0000,0.814314,-1.265800
2012-07-23,3.5131535900,3.5222432500,3.2995465800,3.4040776700,2272324,17096286.0000,1.041906,-3.974400
2012-07-24,3.4268018200,3.4722501200,3.4040776700,3.4495259700,1477038,11192649.0000,0.677251,1.335100
2012-07-25,3.4177121600,3.6131398500,3.4177121600,3.4722501200,2472202,19265126.0000,1.133554,0.658800
2012-07-26,3.4449811400,3.5449674000,3.4268018200,3.4313466500,1725609,13213251.0000,0.791226,-1.178000
2012-07-27,3.4722501200,3.4813397800,3.3995328400,3.4404363100,1665086,12567741.0000,0.763475,0.264900
2012-07-30,3.4404363100,3.4586156300,3.2359189600,3.2450086200,2344298,17107810.0000,1.074907,-5.680300
2012-07-31,3.2177396400,3.2631879400,3.1632016800,3.2359189600,1635619,11515059.0000,0.749964,-0.280100
2012-08-01,3.2450086200,3.2950017500,3.2041051500,3.2722776000,1395752,10035225.0000,0.639980,1.123600
2012-08-02,3.2495534500,3.2859120900,3.1813810000,3.1813810000,1495002,10581971.0000,0.685488,-2.777800
2012-08-03,3.1950154900,3.2631879400,3.1950154900,3.2586431100,1467699,10454947.0000,0.672969,2.428600
2012-08-06,3.2586431100,3.3722638600,3.2222844700,3.3631742000,2251319,16440445.0000,1.032274,3.207800
2012-08-07,3.3631742000,3.4995191000,3.3404500500,3.4495259700,3095497,23412656.0000,1.419347,2.567600
2012-08-08,3.4449811400,3.5631467200,3.3904431800,3.4949742700,3554848,27240122.0000,1.629968,1.317500
2012-08-09,3.4722501200,3.5222432500,3.4222569900,3.4904294400,2558880,19502958.0000,1.173297,-0.130000
2012-08-10,3.4767949500,3.6358640000,3.4495259700,3.5404225700,4368834,34074996.0000,2.003197,1.432300
2012-08-13,3.5358777400,3.5358777400,3.3631742000,3.3904431800,2844320,21610045.0000,1.304177,-4.236200
2012-08-14,3.4040776700,3.4449811400,3.2950017500,3.4131673300,2073741,15362592.0000,0.950851,0.670200
2012-08-15,3.3995328400,3.4040776700,3.3313603900,3.3359052200,1311533,9683181.0000,0.601364,-2.263600
2012-08-16,3.3359052200,3.3858983500,3.3268155600,3.3449948800,1022363,7551873.0000,0.468774,0.272500
2012-08-17,3.3449948800,3.3586293700,3.2859120900,3.3359052200,1209313,8850438.0000,0.554494,-0.271700
2012-08-20,3.3268155600,3.3586293700,3.2722776000,3.3359052200,1613588,11770839.0000,0.739862,0.000000
2012-08-21,3.3359052200,3.4222569900,3.3177259000,3.3904431800,1676110,12480902.0000,0.768530,1.634900
2012-08-22,3.3722638600,3.4086225000,3.3404500500,3.3768086900,1495222,11074509.0000,0.685589,-0.402100
2012-08-23,3.4086225000,3.4767949500,3.3586293700,3.4586156300,2103686,15827360.0000,0.964582,2.422600
2012-08-24,3.4358914800,3.4995191000,3.3995328400,3.4040776700,2396622,18160556.0000,1.098899,-1.576900
2012-08-27,3.4040776700,3.4040776700,3.4040776700,3.4040776700,0,0.0000,,0.000000
2012-08-28,3.4040776700,3.4040776700,3.4040776700,3.4040776700,0,0.0000,,0.000000
2012-08-29,3.4040776700,3.4040776700,3.4040776700,3.4040776700,0,0.0000,,0.000000
2012-08-30,3.4040776700,3.4040776700,3.4040776700,3.4040776700,0,0.0000,,0.000000
2012-08-31,3.4040776700,3.4040776700,3.4040776700,3.4040776700,0,0.0000,,0.000000
2012-09-03,3.4040776700,3.4040776700,3.4040776700,3.4040776700,0,0.0000,,0.000000
2012-09-04,3.4540708000,3.4540708000,3.2631879400,3.2768224300,4521913,33048102.0000,2.073387,-3.738300
2012-09-05,3.2359189600,3.2404637900,3.0813947400,3.1768361700,3551659,24613357.0000,1.628506,-3.051300
2012-09-06,3.1450223600,3.2086499800,3.1313878700,3.2041051500,1557477,10903026.0000,0.714134,0.858400
2012-09-07,3.2313741300,3.3858983500,3.1995603200,3.3131810700,3535766,25659699.0000,1.621219,3.404300
2012-09-10,3.3131810700,3.4449811400,3.2995465800,3.4040776700,3894229,28926605.0000,1.785581,2.743500
2012-09-11,3.3677190300,3.3904431800,3.3359052200,3.3677190300,1837538,13579592.0000,0.842548,-1.068100
2012-09-12,3.4131673300,3.4949742700,3.3768086900,3.4268018200,3094209,23324484.0000,1.418756,1.754400
2012-09-13,3.4177121600,3.4995191000,3.4086225000,3.4404363100,4053891,30881135.0000,1.858789,0.397900
2012-09-14,3.4995191000,3.5222432500,3.3813535200,3.4358914800,2477354,18751886.0000,1.135916,-0.132100
2012-09-17,3.4086225000,3.4358914800,3.3268155600,3.3449948800,1796251,13371670.0000,0.823617,-2.645500
2012-09-18,3.3313603900,3.3449948800,3.2722776000,3.2904569200,1113738,8105579.0000,0.510671,-1.630400
2012-09-19,3.3086362400,3.6176846800,3.2995465800,3.6176846800,9451211,74395632.0000,4.333567,9.944800
2012-09-20,3.5904157000,3.6222295100,3.4677052900,3.5131535900,7629277,59529489.0000,3.498175,-2.889400
2012-09-21,3.4540708000,3.5949605300,3.3995328400,3.4268018200,5779598,44733767.0000,2.650060,-2.458000
2012-09-24,3.3586293700,3.3677190300,3.1859258300,3.3495397100,4140230,29862250.0000,1.898377,-2.254600
2012-09-25,3.2768224300,3.3359052200,3.2359189600,3.2859120900,2566029,18564354.0000,1.176575,-1.899600
2012-09-26,3.2722776000,3.3768086900,3.2450086200,3.3268155600,2619356,19104731.0000,1.201027,1.244800
2012-09-27,3.3313603900,3.4086225000,3.2313741300,3.3495397100,3830491,28066352.0000,1.756356,0.683100
2012-09-28,3.2904569200,3.5631467200,3.2722776000,3.4495259700,6518448,49361269.0000,2.988837,2.985100
2012-10-08,3.4449811400,3.4495259700,3.3858983500,3.4222569900,2664900,20021286.0000,1.221909,-0.790500
2012-10-09,3.4404363100,3.5313329100,3.4086225000,3.5086087600,5597202,42876056.0000,2.566428,2.523200
2012-10-10,3.4631604600,3.5222432500,3.4540708000,3.5131535900,4616999,35489249.0000,2.116985,0.129500
2012-10-11,3.4904294400,3.7812985600,3.4586156300,3.5631467200,9056756,72026568.0000,4.152702,1.423000
2012-10-12,3.5722363800,3.6267743400,3.4813397800,3.4995191000,4057947,31582133.0000,1.860649,-1.785700
2012-10-15,3.4995191000,3.5313329100,3.3904431800,3.4404363100,1927518,14622514.0000,0.883805,-1.688300
2012-10-16,3.4086225000,3.4995191000,3.4086225000,3.4495259700,1891708,14373241.0000,0.867386,0.264200
2012-10-17,3.4722501200,3.4995191000,3.4313466500,3.4495259700,1580915,12030241.0000,0.724881,0.000000
2012-10-18,3.4631604600,3.5267880800,3.4449811400,3.5040639300,2541029,19550082.0000,1.165112,1.581000
2012-10-19,3.5222432500,3.5449674000,3.4858846100,3.5086087600,2491814,19263135.0000,1.142546,0.129698
2012-10-22,3.4813397800,3.5904157000,3.4449811400,3.5676915500,3412219,26559060.0000,1.564570,1.683900
2012-10-23,3.5676915500,3.6131398500,3.5267880800,3.5358777400,2424710,19025356.0000,1.111778,-0.891700
2012-10-24,3.4995191000,3.5313329100,3.4677052900,3.4995191000,1873223,14441713.0000,0.858910,-1.028300
2012-10-25,3.4858846100,3.5495122300,3.4631604600,3.5040639300,1719342,13242747.0000,0.788352,0.129900
2012-10-26,3.5086087600,3.5086087600,3.2950017500,3.3222707300,2377082,17700053.0000,1.089939,-5.188100
2012-10-29,3.3222707300,3.4040776700,3.2950017500,3.3631742000,1574508,11600197.0000,0.721943,1.231200
2012-10-30,3.3631742000,3.3904431800,3.3404500500,3.3813535200,1599700,11864947.0000,0.733494,0.540500
2012-10-31,3.3904431800,3.3904431800,3.2677327700,3.2813672600,2166225,15715307.0000,0.993257,-2.957000
2012-11-01,3.2904569200,3.3768086900,3.2722776000,3.3586293700,2133617,15663927.0000,0.978306,2.354600
2012-11-02,3.3449948800,3.4358914800,3.3449948800,3.4177121600,2608195,19477488.0000,1.195909,1.759100
2012-11-05,3.4268018200,3.4268018200,3.3268155600,3.3449948800,1724180,12758603.0000,0.790571,-2.127700
2012-11-06,3.3449948800,3.3858983500,3.2677327700,3.2995465800,2093612,15201676.0000,0.959963,-1.358700
2012-11-07,3.2995465800,3.3404500500,3.2813672600,3.3359052200,1686255,12299527.0000,0.773181,1.101900
2012-11-08,3.3177259000,3.3177259000,3.1859258300,3.1950154900,1732642,12373732.0000,0.794451,-4.223400
2012-11-09,3.1950154900,3.2131948100,3.1404775300,3.1541120200,1272811,8880611.0000,0.583609,-1.280200
2012-11-12,3.1541120200,3.2177396400,3.1541120200,3.1995603200,972027,6806053.0000,0.445694,1.440900
2012-11-13,3.2086499800,3.2086499800,3.0950292300,3.0995740600,1276151,8795229.0000,0.585141,-3.125000
2012-11-14,3.1222982100,3.1268430400,3.0541257600,3.1177533800,821597,5586007.0000,0.376718,0.586500
2012-11-15,3.0904844000,3.1586568500,3.0404912700,3.1222982100,954324,6481194.0000,0.437576,0.145800
2012-11-16,3.1132085500,3.1222982100,3.0450361000,3.1132085500,685518,4645891.0000,0.314324,-0.291100
2012-11-19,3.0904844000,3.1404775300,3.0723050800,3.1313878700,646116,4414261.0000,0.296257,0.583900
2012-11-20,3.1404775300,3.1677465100,3.0995740600,3.0995740600,837431,5775917.0000,0.383979,-1.016000
2012-11-21,3.1132085500,3.1450223600,3.0541257600,3.1359327000,987319,6741757.0000,0.452705,1.173000
2012-11-22,3.1404775300,3.1586568500,3.0813947400,3.1041188900,786479,5365410.0000,0.360616,-1.014500
2012-11-23,3.1041188900,3.1268430400,3.0813947400,3.0995740600,752206,5140147.0000,0.344901,-0.146400
2012-11-26,3.0950292300,3.0950292300,2.9995878000,3.0132222900,1243856,8283206.0000,0.570333,-2.785900
2012-11-27,2.9723188200,3.0086774600,2.8586980700,2.9086912000,1206466,7707586.0000,0.553189,-3.469100
2012-11-28,2.8996015400,2.9086912000,2.7678014700,2.8541532400,1718504,10618158.0000,0.787968,-1.875000
2012-11-29,2.8632429000,2.9450498400,2.8359739200,2.8905118800,1594246,10138428.0000,0.730993,1.273900
2012-11-30,2.8905118800,2.9450498400,2.8405187500,2.9223256900,1398961,8967668.0000,0.641451,1.100600
2012-12-03,2.9541395000,2.9541395000,2.8223394300,2.9268705200,1224691,7825080.0000,0.561545,0.155500
2012-12-04,2.8905118800,2.9405050100,2.7996152800,2.9405050100,993383,6324192.0000,0.455486,0.465800
2012-12-05,2.9086912000,3.0586705900,2.9086912000,3.0223119500,2026313,13430603.0000,0.929105,2.782100
2012-12-06,3.0223119500,3.0359464400,2.9632291600,2.9768636500,1087471,7164226.0000,0.498627,-1.503800
2012-12-07,2.9950429700,3.0541257600,2.9586843300,3.0314016100,1462446,9726054.0000,0.670560,1.832100
2012-12-10,3.0314016100,3.0950292300,3.0132222900,3.0904844000,1723890,11634523.0000,0.790438,1.949000
2012-12-11,3.0813947400,3.1768361700,3.0586705900,3.0904844000,2405939,16554820.0000,1.103171,0.000000
2012-12-12,3.0904844000,3.1268430400,3.0132222900,3.1041188900,2301227,15542429.0000,1.055158,0.441200
2012-12-13,3.0859395700,3.0995740600,3.0223119500,3.0223119500,1340084,9017723.0000,0.614455,-2.635400
2012-12-14,3.0359464400,3.1632016800,2.9814084800,3.1313878700,3185683,21785775.0000,1.460699,3.609000
2012-12-17,3.1450223600,3.2404637900,3.1086637200,3.2131948100,4288167,29861537.0000,1.966209,2.612500
2012-12-18,3.1813810000,3.2041051500,3.1222982100,3.1632016800,2609871,18161805.0000,1.196678,-1.555900
2012-12-19,3.1722913400,3.1950154900,3.1359327000,3.1541120200,1609754,11192831.0000,0.738104,-0.287400
2012-12-20,3.1404775300,3.1677465100,3.0995740600,3.1586568500,1657301,11444565.0000,0.759905,0.144100
2012-12-21,3.1541120200,3.2495534500,3.1313878700,3.2086499800,4382057,30912694.0000,2.009260,1.582700
2012-12-24,3.2268293000,3.2359189600,3.1404775300,3.1995603200,2242618,15689500.0000,1.028285,-0.283300
2012-12-25,3.1722913400,3.2813672600,3.1541120200,3.2631879400,3710336,26544885.0000,1.701263,1.988600
2012-12-26,3.2631879400,3.3768086900,3.2359189600,3.3268155600,3608433,26420290.0000,1.654538,1.949900
2012-12-27,3.3313603900,3.3858983500,3.2722776000,3.2722776000,2156626,15728849.0000,0.988856,-1.639300
2012-12-28,3.2631879400,3.4086225000,3.2540982800,3.3677190300,3473216,25574373.0000,1.592538,2.916700
2012-12-31,3.3631742000,3.6222295100,3.3540845400,3.4222569900,5391814,41146867.0000,2.472253,1.619400
2013-01-04,3.4358914800,3.5722363800,3.3495397100,3.5222432500,10920795,83480342.0000,5.007401,2.921600
2013-01-07,3.5086087600,3.6267743400,3.4586156300,3.5813260400,11618402,91223137.0000,5.327267,1.677400
2013-01-08,3.5676915500,3.7267606000,3.5222432500,3.6585881500,12437373,98947670.0000,5.702782,2.157400
2013-01-09,3.6358640000,3.7176709400,3.5904157000,3.7085812800,12728783,102517730.0000,5.836399,1.366500
2013-01-10,3.7040364500,3.9994504000,3.6404088300,3.9130986300,18177802,151568779.0000,8.334882,5.514700
2013-01-11,3.8767399900,3.9494572700,3.7767537300,3.8312916900,16358471,138972571.0000,7.500683,-2.090600
2013-01-14,3.7858433900,4.1766987700,3.7313054300,4.0858021700,20519714,177409878.0000,9.408695,6.642900
2013-01-15,3.9585469300,4.0676228500,3.8994641400,3.9494572700,18605855,161420610.0000,8.531153,-3.337000
2013-01-16,3.9130986300,3.9176434600,3.7540295800,3.7767537300,9094976,76166161.0000,4.170227,-4.372800
2013-01-17,3.7949330500,3.7994778800,3.6631329800,3.6949467900,4918394,40360912.0000,2.255181,-2.166100
2013-01-18,3.7085812800,3.7449399200,3.6676778100,3.7085812800,3715434,30305845.0000,1.703600,0.369000
2013-01-21,3.7222157700,3.7449399200,3.6813123000,3.7085812800,3217874,26220772.0000,1.475459,0.000000
2013-01-22,3.7085812800,3.7176709400,3.5631467200,3.5995053600,3740217,29989662.0000,1.714964,-2.941200
2013-01-23,3.5904157000,3.6449536600,3.4995191000,3.5767812100,3305416,25955703.0000,1.515599,-0.631300
2013-01-24,3.5495122300,3.6267743400,3.4904294400,3.5176984200,3888629,30507602.0000,1.783013,-1.651800
2013-01-25,3.5449674000,3.5449674000,3.4904294400,3.5131535900,1807307,13993051.0000,0.828686,-0.129200
2013-01-28,3.5222432500,3.6176846800,3.5131535900,3.5949605300,2693809,21208490.0000,1.235165,2.328600
2013-01-29,3.5995053600,3.6267743400,3.5813260400,3.6040501900,2767429,21895181.0000,1.268921,0.252800
2013-01-30,3.5904157000,3.6585881500,3.5904157000,3.6267743400,3366039,26888063.0000,1.543396,0.630500
2013-01-31,3.5813260400,3.6767674700,3.5813260400,3.6085950200,2628366,20950874.0000,1.205158,-0.501300
2013-02-01,3.6085950200,3.6131398500,3.5495122300,3.5676915500,2379314,18719934.0000,1.090963,-1.133500
2013-02-04,3.5631467200,3.5813260400,3.4222569900,3.4358914800,3432406,26254741.0000,1.573826,-3.694300
2013-02-05,3.4404363100,3.5040639300,3.4177121600,3.4677052900,1909216,14514330.0000,0.875413,0.925900
2013-02-06,3.4631604600,3.5222432500,3.4631604600,3.4813397800,1818933,13964469.0000,0.834017,0.393200
2013-02-07,3.4813397800,3.4995191000,3.4540708000,3.4631604600,1113610,8500842.0000,0.510612,-0.522200
2013-02-08,3.4813397800,3.5222432500,3.4813397800,3.5131535900,1285470,9918041.0000,0.589413,1.443600
2013-02-18,3.5267880800,3.5722363800,3.5222432500,3.5449674000,1661346,12945116.0000,0.761760,0.905600
2013-02-19,3.5449674000,3.5676915500,3.4586156300,3.4631604600,1890693,14557225.0000,0.866920,-2.307700
2013-02-20,3.4631604600,3.5176984200,3.4586156300,3.5086087600,1431339,10996160.0000,0.656297,1.312300
2013-02-21,3.5131535900,3.5131535900,3.4131673300,3.4268018200,2218660,16832586.0000,1.017300,-2.331600
2013-02-22,3.4086225000,3.4495259700,3.4086225000,3.4131673300,1109438,8359265.0000,0.508699,-0.397900
2013-02-25,3.4177121600,3.4495259700,3.3904431800,3.4404363100,1389986,10488757.0000,0.637336,0.798900
2013-02-26,3.4131673300,3.4813397800,3.3995328400,3.4222569900,1975859,14987732.0000,0.905970,-0.528400
2013-02-27,3.4131673300,3.4813397800,3.4131673300,3.4767949500,1775678,13484064.0000,0.814184,1.593600
2013-02-28,3.4586156300,3.5767812100,3.4586156300,3.5722363800,4199754,32759172.0000,1.925670,2.745100
2013-03-01,3.5858708700,3.6585881500,3.5676915500,3.6267743400,4395099,35034316.0000,2.015240,1.526700
2013-03-04,3.5676915500,3.5676915500,3.3222707300,3.3404500500,3647482,27361896.0000,1.672443,-7.894700
2013-03-05,3.3313603900,3.4040776700,3.3040914100,3.3813535200,1792888,13275720.0000,0.822075,1.224500
2013-03-06,3.3858983500,3.4268018200,3.3722638600,3.3904431800,2166800,16169002.0000,0.993521,0.268800
2013-03-07,3.3722638600,3.4131673300,3.3268155600,3.3449948800,2757916,20360088.0000,1.264559,-1.340500
2013-03-08,3.3449948800,3.3722638600,3.2813672600,3.2995465800,2061324,15042827.0000,0.945158,-1.358700
2013-03-11,3.3086362400,3.4358914800,3.2540982800,3.4131673300,4361612,32400411.0000,1.999885,3.443500
2013-03-12,3.4086225000,3.5131535900,3.3495397100,3.4858846100,5553902,42049232.0000,2.546574,2.130500
2013-03-13,3.4767949500,3.6176846800,3.4268018200,3.5813260400,8985946,70173720.0000,4.120234,2.737900
2013-03-14,3.5676915500,3.5767812100,3.5040639300,3.5676915500,4100532,31880136.0000,1.880175,-0.380700
2013-03-15,3.5358777400,3.5631467200,3.5040639300,3.5358777400,3123414,24275635.0000,1.432147,-0.891700
2013-03-18,3.5358777400,3.6358640000,3.4858846100,3.4904294400,3109593,24315914.0000,1.425810,-1.285300
2013-03-19,3.4631604600,3.6313191700,3.3768086900,3.6267743400,5493176,42614976.0000,2.518730,3.906300
2013-03-20,3.6222295100,3.6767674700,3.5858708700,3.6676778100,5815690,46547996.0000,2.666609,1.127800
2013-03-21,3.6540433200,3.7085812800,3.5995053600,3.6313191700,4591980,36780908.0000,2.105514,-0.991300
2013-03-22,3.6267743400,3.6676778100,3.5813260400,3.6313191700,2849208,22674860.0000,1.306418,0.000000
2013-03-25,3.6267743400,3.6540433200,3.5722363800,3.5904157000,2190855,17354112.0000,1.004550,-1.126400
2013-03-26,3.5858708700,3.7176709400,3.5722363800,3.7040364500,6508727,52425680.0000,2.984380,3.164600
2013-03-27,3.6994916200,3.7403950900,3.6494984900,3.6722226400,3492821,28365612.0000,1.601528,-0.858900
2013-03-28,3.6722226400,3.6722226400,3.6722226400,3.6722226400,0,0.0000,,0.000000
2013-03-29,3.6722226400,3.6722226400,3.6722226400,3.6722226400,0,0.0000,,0.000000
2013-04-01,3.6722226400,3.6722226400,3.6722226400,3.6722226400,0,0.0000,,0.000000
2013-04-02,3.6722226400,3.6722226400,3.6722226400,3.6722226400,0,0.0000,,0.000000
2013-04-03,3.6722226400,3.6722226400,3.6722226400,3.6722226400,0,0.0000,,0.000000
2013-04-08,3.6722226400,3.6722226400,3.6722226400,3.6722226400,0,0.0000,,0.000000
2013-04-09,3.6722226400,3.6722226400,3.6722226400,3.6722226400,0,0.0000,,0.000000
2013-04-10,3.6722226400,3.6722226400,3.6722226400,3.6722226400,0,0.0000,,0.000000
2013-04-11,3.6722226400,3.6722226400,3.6722226400,3.6722226400,0,0.0000,,0.000000
2013-04-12,3.6722226400,3.6722226400,3.6722226400,3.6722226400,0,0.0000,,0.000000
2013-04-15,3.6722226400,3.6722226400,3.6722226400,3.6722226400,0,0.0000,,0.000000
2013-04-16,3.6722226400,3.6722226400,3.6722226400,3.6722226400,0,0.0000,,0.000000
2013-04-17,3.6722226400,3.6722226400,3.6722226400,3.6722226400,0,0.0000,,0.000000
2013-04-18,3.6722226400,3.6722226400,3.6722226400,3.6722226400,0,0.0000,,0.000000
2013-04-19,3.6722226400,3.6722226400,3.6722226400,3.6722226400,0,0.0000,,0.000000
2013-04-22,3.6722226400,3.6722226400,3.6722226400,3.6722226400,0,0.0000,,0.000000
2013-04-23,3.6722226400,3.6722226400,3.6722226400,3.6722226400,0,0.0000,,0.000000
2013-04-24,3.6722226400,3.6722226400,3.6722226400,3.6722226400,0,0.0000,,0.000000
2013-04-25,3.6722226400,3.6722226400,3.6722226400,3.6722226400,0,0.0000,,0.000000
2013-04-26,3.6722226400,3.6722226400,3.6722226400,3.6722226400,0,0.0000,,0.000000
2013-05-02,3.6722226400,3.6722226400,3.6722226400,3.6722226400,0,0.0000,,0.000000
2013-05-03,3.6722226400,3.6722226400,3.6722226400,3.6722226400,0,0.0000,,0.000000
2013-05-06,3.6722226400,3.6722226400,3.6722226400,3.6722226400,0,0.0000,,0.000000
2013-05-07,3.6722226400,3.6722226400,3.6722226400,3.6722226400,0,0.0000,,0.000000
2013-05-08,3.6722226400,3.6722226400,3.6722226400,3.6722226400,0,0.0000,,0.000000
2013-05-09,3.6722226400,3.6722226400,3.6722226400,3.6722226400,0,0.0000,,0.000000
2013-05-10,3.6722226400,3.6722226400,3.6722226400,3.6722226400,0,0.0000,,0.000000
2013-05-13,3.6722226400,3.6722226400,3.6722226400,3.6722226400,0,0.0000,,0.000000
2013-05-14,3.6722226400,3.6722226400,3.6722226400,3.6722226400,0,0.0000,,0.000000
2013-05-15,3.6722226400,3.6722226400,3.6722226400,3.6722226400,0,0.0000,,0.000000
2013-05-16,3.6722226400,3.6722226400,3.6722226400,3.6722226400,0,0.0000,,0.000000
2013-05-17,3.6722226400,3.6722226400,3.6722226400,3.6722226400,0,0.0000,,0.000000
2013-05-20,3.6722226400,3.6722226400,3.6722226400,3.6722226400,0,0.0000,,0.000000
2013-05-21,3.6722226400,3.6722226400,3.6722226400,3.6722226400,0,0.0000,,0.000000
2013-05-22,3.6722226400,3.6722226400,3.6722226400,3.6722226400,0,0.0000,,0.000000
2013-05-23,3.6722226400,3.6722226400,3.6722226400,3.6722226400,0,0.0000,,0.000000
2013-05-24,3.6722226400,3.6722226400,3.6722226400,3.6722226400,0,0.0000,,0.000000
2013-05-27,3.6722226400,3.6722226400,3.6722226400,3.6722226400,0,0.0000,,0.000000
2013-05-28,3.6722226400,3.6722226400,3.6722226400,3.6722226400,0,0.0000,,0.000000
2013-05-29,3.6722226400,3.6722226400,3.6722226400,3.6722226400,0,0.0000,,0.000000
2013-05-30,3.6722226400,3.6722226400,3.6722226400,3.6722226400,0,0.0000,,0.000000
2013-05-31,3.6722226400,3.6722226400,3.6722226400,3.6722226400,0,0.0000,,0.000000
2013-06-03,3.6722226400,3.6722226400,3.6722226400,3.6722226400,0,0.0000,,0.000000
2013-06-04,3.6722226400,3.6722226400,3.6722226400,3.6722226400,0,0.0000,,0.000000
2013-06-05,3.6722226400,3.6722226400,3.6722226400,3.6722226400,0,0.0000,,0.000000
2013-06-06,3.6722226400,3.6722226400,3.6722226400,3.6722226400,0,0.0000,,0.000000
2013-06-07,3.6722226400,3.6722226400,3.6722226400,3.6722226400,0,0.0000,,0.000000
2013-06-13,3.6722226400,3.6722226400,3.6722226400,3.6722226400,0,0.0000,,0.000000
2013-06-14,3.6722226400,3.6722226400,3.6722226400,3.6722226400,0,0.0000,,0.000000
2013-06-17,3.6722226400,3.6722226400,3.6722226400,3.6722226400,0,0.0000,,0.000000
2013-06-18,3.6722226400,3.6722226400,3.6722226400,3.6722226400,0,0.0000,,0.000000
2013-06-19,3.6722226400,3.6722226400,3.6722226400,3.6722226400,0,0.0000,,0.000000
2013-06-20,3.6722226400,3.6722226400,3.6722226400,3.6722226400,0,0.0000,,0.000000
2013-06-21,3.6722226400,3.6722226400,3.6722226400,3.6722226400,0,0.0000,,0.000000
2013-06-24,3.6722226400,3.6722226400,3.6722226400,3.6722226400,0,0.0000,,0.000000
2013-06-25,3.6722226400,3.6722226400,3.6722226400,3.6722226400,0,0.0000,,0.000000
2013-06-26,3.6722226400,3.6722226400,3.6722226400,3.6722226400,0,0.0000,,0.000000
2013-06-27,3.6722226400,3.6722226400,3.6722226400,3.6722226400,0,0.0000,,0.000000
2013-06-28,3.6722226400,3.6722226400,3.6722226400,3.6722226400,0,0.0000,,0.000000
2013-07-01,3.6722226400,3.6722226400,3.6722226400,3.6722226400,0,0.0000,,0.000000
2013-07-02,3.6722226400,3.6722226400,3.6722226400,3.6722226400,0,0.0000,,0.000000
2013-07-03,3.6722226400,3.6722226400,3.6722226400,3.6722226400,0,0.0000,,0.000000
2013-07-04,3.6722226400,3.6722226400,3.6722226400,3.6722226400,0,0.0000,,0.000000
2013-07-05,4.0403538700,4.0403538700,3.5540570600,3.5676915500,15856602,134753632.0000,7.270566,-2.846500
2013-07-08,3.3177259000,3.3177259000,3.2131948100,3.2131948100,2731200,19421968.0000,1.252309,-9.936300
2013-07-09,2.9359601800,3.0450361000,2.8905118800,2.9086912000,9206764,59556536.0000,4.221484,-9.476700
2013-07-10,2.9086912000,2.9950429700,2.8314290900,2.9904981400,5533783,35408084.0000,2.537349,2.812500
2013-07-11,2.9632291600,3.0768499100,2.9450498400,3.0041326300,6111269,40439860.0000,2.802138,0.455900
2013-07-12,3.0132222900,3.2404637900,3.0132222900,3.0632154200,5899708,40652656.0000,2.705133,1.966700
2013-07-15,3.0768499100,3.1086637200,3.0132222900,3.0768499100,2967253,19973208.0000,1.360544,0.445100
2013-07-16,3.0768499100,3.3586293700,3.0223119500,3.2450086200,7223041,51020016.0000,3.311907,5.465300
2013-07-17,3.2131948100,3.3449948800,3.1859258300,3.2631879400,6181780,44396836.0000,2.834469,0.560200
2013-07-18,3.2859120900,3.2859120900,3.1450223600,3.2268293000,4646261,32635864.0000,2.130403,-1.114200
2013-07-19,3.5495122300,3.5495122300,3.5495122300,3.5495122300,4958867,38728752.0000,2.273739,10.000000
2013-07-22,3.6949467900,3.6949467900,3.4040776700,3.5358777400,14831667,116401320.0000,6.800613,-0.384100
2013-07-23,3.4631604600,3.5676915500,3.4313466500,3.5222432500,8970782,69011976.0000,4.113281,-0.385600
2013-07-24,3.7267606000,3.8767399900,3.6813123000,3.7903882200,17883608,149497376.0000,8.199988,7.612900
2013-07-25,3.7176709400,4.1267056400,3.7040364500,3.7858433900,19178909,164890768.0000,8.793910,-0.119900
2013-07-26,3.6676778100,3.7131261100,3.4858846100,3.6313191700,8937027,71000624.0000,4.097804,-4.081600
2013-07-29,3.6313191700,3.6313191700,3.2950017500,3.3131810700,8516341,64282916.0000,3.904911,-8.761000
2013-07-30,3.3086362400,3.3768086900,3.2086499800,3.2768224300,4972453,36000732.0000,2.279968,-1.097400
2013-07-31,3.2586431100,3.3904431800,3.2586431100,3.2950017500,3160248,23122546.0000,1.449036,0.554800
2013-08-01,3.3313603900,3.3768086900,3.2813672600,3.3495397100,3614390,26470492.0000,1.657269,1.655200
2013-08-02,3.3631742000,3.5040639300,3.3404500500,3.4813397800,5399648,40715872.0000,2.475846,3.934900
2013-08-05,3.4631604600,3.5222432500,3.4449811400,3.4858846100,3879869,29778828.0000,1.778997,0.130500
2013-08-06,3.4677052900,3.7585744100,3.4631604600,3.6085950200,6497940,51889768.0000,2.979434,3.520200
2013-08-07,3.5904157000,3.7176709400,3.5586018900,3.6085950200,4493812,35932908.0000,2.060502,0.000000
2013-08-08,3.5676915500,3.6267743400,3.4949742700,3.5040639300,4094168,31825810.0000,1.877257,-2.896700
2013-08-09,3.5040639300,3.6040501900,3.4722501200,3.5540570600,4288650,33402284.0000,1.966431,1.426700
2013-08-12,3.5495122300,3.7267606000,3.5267880800,3.6358640000,4938628,39661264.0000,2.264459,2.301800
2013-08-13,3.6040501900,3.6722226400,3.5949605300,3.6404088300,3030115,24227662.0000,1.389368,0.125000
2013-08-14,3.6631329800,3.6631329800,3.5449674000,3.5813260400,3193335,25367648.0000,1.464207,-1.623000
2013-08-15,3.5904157000,3.6585881500,3.5040639300,3.5131535900,3025323,23740120.0000,1.387170,-1.903600
2013-08-16,3.4813397800,3.5676915500,3.4177121600,3.4449811400,2760484,21214328.0000,1.265737,-1.940500
2013-08-19,3.4449811400,3.5267880800,3.4177121600,3.5040639300,1649743,12644050.0000,0.756440,1.715000
2013-08-20,3.5040639300,3.5722363800,3.4677052900,3.5313329100,2020514,15668886.0000,0.926446,0.778200
2013-08-21,3.5404225700,3.5813260400,3.4767949500,3.5313329100,1594013,12366080.0000,0.730887,0.000000
2013-08-22,3.5313329100,3.5767812100,3.4904294400,3.5086087600,2154180,16795718.0000,0.987734,-0.643500
2013-08-23,3.5040639300,3.5586018900,3.4449811400,3.5222432500,2234345,17220410.0000,1.024491,0.388600
2013-08-26,3.4995191000,3.5767812100,3.4995191000,3.5631467200,2688501,20969236.0000,1.232731,1.161300
2013-08-27,3.5449674000,3.7176709400,3.5449674000,3.6676778100,4724287,37777104.0000,2.166179,2.933700
2013-08-28,3.6404088300,3.7085812800,3.5904157000,3.6585881500,4185878,33732648.0000,1.919308,-0.247800
2013-08-29,3.6449536600,3.6994916200,3.5767812100,3.5904157000,2663285,21222396.0000,1.221169,-1.863400
2013-08-30,3.5495122300,3.6222295100,3.4904294400,3.4995191000,2931146,23060458.0000,1.343988,-2.531600
2013-09-02,3.4813397800,3.5540570600,3.4086225000,3.5495122300,2232923,17039592.0000,1.023839,1.428600
2013-09-03,3.5449674000,3.6085950200,3.5086087600,3.5904157000,1851289,14527712.0000,0.848853,1.152400
2013-09-04,3.5904157000,3.6494984900,3.5904157000,3.5949605300,1896725,15092987.0000,0.869686,0.126600
2013-09-05,3.5949605300,3.6722226400,3.5949605300,3.6222295100,2656941,21264244.0000,1.218260,0.758500
2013-09-06,3.6358640000,3.6994916200,3.6176846800,3.6767674700,3231333,26031652.0000,1.481630,1.505600
2013-09-09,3.6858571300,3.7222157700,3.6494984900,3.6813123000,4623728,37598432.0000,2.120071,0.123600
2013-09-10,3.6904019600,3.7358502600,3.5813260400,3.6358640000,4182374,33570400.0000,1.917701,-1.234600
2013-09-11,3.6404088300,3.7040364500,3.5676915500,3.5995053600,2915470,23107797.0000,1.336801,-1.000000
2013-09-12,3.5586018900,3.6358640000,3.5586018900,3.5995053600,1823823,14475559.0000,0.836259,0.000000
2013-09-13,3.5995053600,3.6222295100,3.5313329100,3.5404225700,2557058,20125059.0000,1.172462,-1.641400
2013-09-16,3.5676915500,3.5995053600,3.5222432500,3.5767812100,1976365,15530092.0000,0.906202,1.027000
2013-09-17,3.5631467200,3.6631329800,3.5540570600,3.5995053600,3186790,25413203.0000,1.461206,0.635300
2013-09-18,3.5995053600,3.6176846800,3.5131535900,3.5449674000,2679044,20909784.0000,1.228395,-1.515200
2013-09-23,3.5495122300,3.5858708700,3.5131535900,3.5676915500,2612856,20425701.0000,1.198046,0.641000
2013-09-24,3.5540570600,3.5813260400,3.5404225700,3.5540570600,2061270,16131202.0000,0.945133,-0.382200
2013-09-25,3.5722363800,3.7085812800,3.5722363800,3.6585881500,5219725,42098757.0000,2.393347,2.941200
2013-09-26,3.6631329800,4.0267193800,3.6631329800,3.8040227100,10867808,92303971.0000,4.983105,3.975200
2013-09-27,3.8540158400,3.9130986300,3.7313054300,3.7540295800,4535471,37960204.0000,2.079603,-1.314200
2013-09-30,3.7676640700,3.7903882200,3.7085812800,3.7812985600,3108080,25643841.0000,1.425116,0.726400
2013-10-08,3.7631192400,3.7949330500,3.7040364500,3.7358502600,3795217,31205005.0000,1.740182,-1.201900
2013-10-09,3.7358502600,3.8085675400,3.7085812800,3.7812985600,3066003,25380787.0000,1.405823,1.216500
2013-10-10,3.7722089000,3.8176572000,3.7176709400,3.7267606000,3047078,25157653.0000,1.397146,-1.442300
2013-10-11,3.7267606000,3.8903744800,3.7040364500,3.8585606700,5709765,47618018.0000,2.618040,3.536600
2013-10-14,3.8222020300,3.9221882900,3.7903882200,3.8903744800,5964163,50777856.0000,2.734687,0.824500
2013-10-15,3.8903744800,3.9358227800,3.8449261800,3.8812848200,2976854,25413519.0000,1.364947,-0.233600
2013-10-16,3.8812848200,3.8812848200,3.6994916200,3.7040364500,3676669,30349604.0000,1.685826,-4.566700
2013-10-17,3.7222157700,3.7631192400,3.6449536600,3.6540433200,2362743,19270266.0000,1.083364,-1.349700
2013-10-18,3.6904019600,3.7267606000,3.6404088300,3.6949467900,1938649,15737344.0000,0.888909,1.119400
2013-10-21,3.7131261100,3.7722089000,3.6813123000,3.7722089000,2636938,21692283.0000,1.209088,2.091000
2013-10-22,3.7858433900,3.8176572000,3.7267606000,3.7585744100,2452909,20339549.0000,1.124707,-0.361400
2013-10-23,3.7858433900,3.7949330500,3.6404088300,3.6494984900,2384624,19460864.0000,1.093397,-2.902100
2013-10-24,3.6494984900,3.6949467900,3.6222295100,3.6631329800,1478688,11903114.0000,0.678008,0.373600
2013-10-25,3.6813123000,3.6813123000,3.4586156300,3.5040639300,1897614,14899875.0000,0.870094,-4.342400
2013-10-28,3.5131535900,3.5404225700,3.4631604600,3.5086087600,1079525,8319714.0000,0.494984,0.129700
2013-10-29,3.5131535900,3.5722363800,3.2268293000,3.3449948800,1977551,14684077.0000,0.906746,-4.663200
2013-10-30,3.3768086900,3.3995328400,3.2950017500,3.3677190300,1268655,9361350.0000,0.581703,0.679300
2013-10-31,3.3722638600,3.5131535900,3.3631742000,3.5086087600,1707261,12994254.0000,0.782813,4.183500
2013-11-01,3.4949742700,3.5313329100,3.4540708000,3.4995191000,933930,7171472.0000,0.428225,-0.259100
2013-11-04,3.5222432500,3.5313329100,3.4677052900,3.5222432500,813449,6274666.0000,0.372982,0.649400
2013-11-05,3.4949742700,3.7540295800,3.4949742700,3.6676778100,2806842,22488330.0000,1.286993,4.129000
2013-11-06,3.6813123000,3.6994916200,3.6404088300,3.6404088300,1790201,14450742.0000,0.820843,-0.743500
2013-11-07,3.6585881500,3.6722226400,3.6176846800,3.6540433200,1547021,12403789.0000,0.709340,0.374500
2013-11-08,3.6540433200,3.6540433200,3.4631604600,3.5040639300,1376160,10703775.0000,0.630997,-4.104500
2013-11-11,3.5040639300,3.5858708700,3.4767949500,3.5813260400,730234,5684169.0000,0.334827,2.204900
2013-11-12,3.6131398500,3.6131398500,3.5676915500,3.5995053600,797102,6305261.0000,0.365487,0.507600
2013-11-13,3.5995053600,3.6176846800,3.5267880800,3.5540570600,1049599,8243228.0000,0.481262,-1.262600
2013-11-14,3.5449674000,3.5858708700,3.4949742700,3.5767812100,1127546,8751068.0000,0.517002,0.639400
2013-11-15,3.6085950200,3.6767674700,3.5540570600,3.6540433200,1783124,14256971.0000,0.817598,2.160100
2013-11-18,3.6358640000,3.6949467900,3.6358640000,3.6767674700,1758820,14202096.0000,0.806454,0.621900
2013-11-19,3.6722226400,3.7176709400,3.6585881500,3.6994916200,1722583,13996211.0000,0.789838,0.618000
2013-11-20,3.6994916200,3.7631192400,3.6904019600,3.7313054300,1896254,15594818.0000,0.869470,0.860000
2013-11-21,3.6904019600,3.7358502600,3.6585881500,3.6722226400,1526859,12402810.0000,0.700095,-1.583400
2013-11-22,3.7040364500,3.7494847500,3.6358640000,3.7449399200,2057696,16782812.0000,0.943494,1.980200
2013-11-25,3.7585744100,3.8403813500,3.7267606000,3.7767537300,2843842,23790071.0000,1.303958,0.849500
2013-11-26,3.7812985600,3.7903882200,3.7222157700,3.7540295800,1787925,14770071.0000,0.819799,-0.601700
2013-11-27,3.7540295800,3.7858433900,3.7403950900,3.7585744100,1251002,10337481.0000,0.573609,0.121100
2013-11-28,3.7858433900,3.8494710100,3.7494847500,3.8176572000,2459895,20592806.0000,1.127911,1.571900
2013-11-29,3.8176572000,3.8176572000,3.7040364500,3.7176709400,2695167,22252714.0000,1.235787,-2.619000
2013-12-02,3.6631329800,3.6813123000,3.3995328400,3.4767949500,2509096,19596892.0000,1.150470,-6.479200
2013-12-03,3.4995191000,3.5995053600,3.4586156300,3.5858708700,1294218,10087863.0000,0.593425,3.137300
2013-12-04,3.5813260400,3.6949467900,3.5540570600,3.6313191700,1794390,14373113.0000,0.822763,1.267400
2013-12-05,3.6313191700,3.6676778100,3.5949605300,3.6222295100,1091685,8721006.0000,0.500559,-0.250300
2013-12-06,3.6176846800,3.7994778800,3.6176846800,3.7313054300,3384857,27833671.0000,1.552024,3.011300
2013-12-09,3.7040364500,3.7722089000,3.6858571300,3.7176709400,1418360,11590432.0000,0.650346,-0.365400
2013-12-10,3.6994916200,3.7994778800,3.6994916200,3.7767537300,2443068,20235345.0000,1.120195,1.589200
2013-12-11,3.7767537300,3.7994778800,3.6404088300,3.6585881500,1752700,14337117.0000,0.803648,-3.128800
2013-12-12,3.6494984900,3.6904019600,3.6267743400,3.6404088300,1476220,11865258.0000,0.676876,-0.496900
2013-12-13,3.6404088300,3.7176709400,3.6176846800,3.7085812800,1003254,8095642.0000,0.460012,1.872700
2013-12-16,3.7267606000,3.7403950900,3.5449674000,3.5540570600,2737709,21781899.0000,1.255294,-4.166700
2013-12-17,3.5495122300,3.5813260400,3.4949742700,3.5495122300,1379248,10739322.0000,0.632413,-0.127900
2013-12-18,3.5631467200,3.5767812100,3.5086087600,3.5449674000,577658,4511894.0000,0.264868,-0.128000
2013-12-19,3.5495122300,3.5676915500,3.5222432500,3.5313329100,776546,6042919.0000,0.356062,-0.384600
2013-12-20,3.5358777400,3.5631467200,3.4540708000,3.4631604600,841286,6487741.0000,0.385746,-1.930500
2013-12-23,3.4222569900,3.4949742700,3.3586293700,3.3768086900,1601528,11980933.0000,0.734332,-2.493400
2013-12-24,3.4313466500,3.4313466500,3.3449948800,3.3768086900,820902,6136822.0000,0.376400,0.000000
2013-12-25,3.3904431800,3.3995328400,3.3631742000,3.3949880100,637250,4744282.0000,0.292192,0.538400
2013-12-26,3.3904431800,3.4268018200,3.3313603900,3.3359052200,991900,7384140.0000,0.454806,-1.740300
2013-12-27,3.3359052200,3.3813535200,3.3177259000,3.3813535200,756356,5592739.0000,0.346804,1.362400
2013-12-30,3.3813535200,3.3813535200,3.2359189600,3.2859120900,2845059,20487819.0000,1.304516,-2.822600
2013-12-31,3.2859120900,3.2859120900,3.2859120900,3.2859120900,0,0.0000,,0.000000
2014-01-02,3.2859120900,3.2859120900,3.2859120900,3.2859120900,0,0.0000,,0.000000
2014-01-03,3.2859120900,3.2859120900,3.2859120900,3.2859120900,0,0.0000,,0.000000
2014-01-06,3.2859120900,3.2859120900,3.2859120900,3.2859120900,0,0.0000,,0.000000
2014-01-07,3.2859120900,3.2859120900,3.2859120900,3.2859120900,0,0.0000,,0.000000
2014-01-08,3.2859120900,3.2859120900,3.2859120900,3.2859120900,0,0.0000,,0.000000
2014-01-09,3.0677602500,3.1813810000,2.9586843300,2.9723188200,5563102,37533388.0000,2.550792,-9.543600
2014-01-10,2.9086912000,3.0768499100,2.8905118800,2.9814084800,2859012,18894485.0000,1.310914,0.305800
2014-01-13,2.9495946700,3.0086774600,2.8859670500,2.8996015400,1806398,11665551.0000,0.828269,-2.743900
2014-01-14,2.8768773900,2.9177808600,2.7632566400,2.8768773900,3274875,20314727.0000,1.501595,-0.783700
2014-01-15,2.8632429000,2.9995878000,2.8223394300,2.9950429700,3129543,20105991.0000,1.434957,4.107400
2014-01-16,2.9677739900,2.9995878000,2.9314153500,2.9723188200,1636187,10667038.0000,0.750224,-0.758700
2014-01-17,2.9541395000,2.9723188200,2.8768773900,2.8950567100,1147016,7322825.0000,0.525930,-2.599400
2014-01-20,2.8496084100,2.8814222200,2.8177946000,2.8586980700,782892,4913501.0000,0.358971,-1.255900
2014-01-21,2.8586980700,2.9132360300,2.8405187500,2.8859670500,628351,3990878.0000,0.288111,0.953900
2014-01-22,2.8905118800,2.9677739900,2.8723325600,2.9677739900,1392418,9012971.0000,0.638451,2.834600
2014-01-23,2.9723188200,3.0859395700,2.9359601800,3.0132222900,1806173,12040117.0000,0.828166,1.531400
2014-01-24,2.9904981400,3.0359464400,2.9904981400,3.0268567800,1758140,11655649.0000,0.806142,0.452500
2014-01-27,3.0041326300,3.0041326300,2.9541395000,2.9677739900,1135350,7433455.0000,0.520580,-1.952000
2014-01-28,2.9677739900,2.9904981400,2.9359601800,2.9541395000,1026154,6675590.0000,0.470512,-0.459400
2014-01-29,2.9541395000,3.0677602500,2.9314153500,3.0586705900,1969726,12918707.0000,0.903158,3.538500
2014-01-30,3.0268567800,3.3631742000,2.9950429700,3.3631742000,5011448,35774639.0000,2.297848,9.955400
2014-02-07,3.4631604600,3.6994916200,3.4631604600,3.6085950200,16219989,129819074.0000,7.437186,7.297300
2014-02-10,3.6085950200,3.6085950200,3.6085950200,3.6085950200,0,0.0000,,0.000000
2014-02-11,3.6085950200,3.6085950200,3.6085950200,3.6085950200,0,0.0000,,0.000000
2014-02-12,3.4631604600,3.5449674000,3.3631742000,3.4677052900,12686918,95855510.0000,5.817203,-3.904300
2014-02-13,3.4677052900,3.4858846100,3.3949880100,3.4313466500,5226348,39501942.0000,2.396384,-1.048500
2014-02-14,3.3995328400,3.4586156300,3.3995328400,3.4358914800,3721445,28092139.0000,1.706356,0.132500
2014-02-17,3.4358914800,3.4904294400,3.3813535200,3.4813397800,4406505,33336072.0000,2.020470,1.322800
2014-02-18,3.4631604600,3.4813397800,3.4131673300,3.4722501200,2904384,21942945.0000,1.331718,-0.261100
2014-02-19,3.4904294400,3.6176846800,3.4358914800,3.5813260400,6371010,49529250.0000,2.921234,3.141400
2014-02-20,3.5676915500,3.7676640700,3.4767949500,3.6631329800,7822444,62478635.0000,3.586745,2.284300
2014-02-21,3.7494847500,4.0176297200,3.6131398500,3.8631055000,12570822,106684075.0000,5.763971,5.459100
2014-02-24,3.8721951600,3.8858296500,3.6585881500,3.7040364500,6431520,52773516.0000,2.948979,-4.117600
2014-02-25,3.6813123000,3.7176709400,3.4813397800,3.4904294400,6247215,49354310.0000,2.864472,-5.766900
2014-02-26,3.4586156300,3.5858708700,3.4540708000,3.5813260400,3548018,27544268.0000,1.626837,2.604200
2014-02-27,3.5904157000,3.6222295100,3.4540708000,3.4904294400,3188819,24842846.0000,1.462137,-2.538100
2014-02-28,3.4904294400,3.5176984200,3.4313466500,3.5040639300,1975482,15135153.0000,0.905798,0.390600
2014-03-03,3.5267880800,3.6313191700,3.4677052900,3.6267743400,2975980,23419464.0000,1.364546,3.501900
2014-03-04,3.6131398500,3.7040364500,3.5813260400,3.6494984900,3344287,26940634.0000,1.533422,0.626600
2014-03-05,3.6404088300,3.6994916200,3.5904157000,3.6085950200,2586369,20743961.0000,1.185901,-1.120800
2014-03-06,3.6085950200,3.7403950900,3.5949605300,3.6994916200,3806732,30897921.0000,1.745462,2.518900
2014-03-07,3.6813123000,3.7222157700,3.6358640000,3.6404088300,2234510,18077520.0000,1.024567,-1.597100
2014-03-10,3.5858708700,3.6994916200,3.5404225700,3.5858708700,2762368,22009510.0000,1.266600,-1.498100
2014-03-11,3.5586018900,3.8358365200,3.5540570600,3.7767537300,4687478,38535471.0000,2.149301,5.323200
2014-03-12,3.7540295800,3.9085538000,3.7494847500,3.8585606700,5232689,44184183.0000,2.399292,2.166100
2014-03-13,3.8131123700,3.9949055700,3.7767537300,3.9630917600,6317763,54544048.0000,2.896819,2.709100
2014-03-14,3.8994641400,3.9540021000,3.8312916900,3.8767399900,4931634,42195227.0000,2.261252,-2.178900
2014-03-17,3.8676503300,3.9176434600,3.8403813500,3.8949193100,3056308,26101111.0000,1.401378,0.468900
2014-03-18,3.8767399900,3.9358227800,3.7767537300,3.7767537300,4127136,34894811.0000,1.892374,-3.033800
2014-03-19,3.7722089000,3.8994641400,3.7540295800,3.8949193100,2561532,21426564.0000,1.174513,3.128800
2014-03-20,3.8676503300,4.0903470000,3.8222020300,3.8721951600,5392526,47157724.0000,2.472580,-0.583400
2014-03-21,3.8631055000,3.9767262500,3.7267606000,3.9358227800,3543586,30264304.0000,1.624804,1.643200
2014-03-24,3.9767262500,4.2994091800,3.9312779500,4.2448712200,8412239,76723913.0000,3.857178,7.852200
2014-03-25,4.1948780900,4.3403126500,4.1494297900,4.2176022400,5297567,49248658.0000,2.429039,-0.642400
2014-03-26,4.1448849600,4.5175610200,4.1448849600,4.4993817000,8638897,83456327.0000,3.961105,6.681000
2014-03-27,4.5584644900,4.9493198700,4.4130299300,4.9493198700,14975208,156141712.0000,6.866429,10.000000
2014-03-28,4.9993130000,5.1992855200,4.6629955800,4.7266232000,18093305,196599645.0000,8.296139,-4.499500
2014-03-31,4.5630093200,4.6539059200,4.4221195900,4.5221058500,9827350,98386161.0000,4.506035,-4.326900
2014-04-01,4.5130161900,4.8629681000,4.4902920400,4.7129887100,10528500,109075352.0000,4.827526,4.221100
2014-04-02,4.5902783000,4.7129887100,4.5357403400,4.6766300700,6846148,69604483.0000,3.139094,-0.771500
2014-04-03,4.6720852400,4.6720852400,4.4993817000,4.5811886400,5481262,55252373.0000,2.513267,-2.040800
2014-04-04,4.5811886400,4.8538784400,4.5130161900,4.7084438800,5992357,62261560.0000,2.747614,2.777800
2014-04-08,4.6539059200,5.1811062000,4.6539059200,5.0629406200,17745134,198609556.0000,8.136495,7.529000
2014-04-09,4.9175060600,5.0402164700,4.8856922500,5.0265819800,9624330,104914921.0000,4.412946,-0.718100
2014-04-10,4.9947681700,5.4537960000,4.9311405500,5.4265270200,12986095,149512686.0000,5.954382,7.956600
2014-04-11,5.3174511000,5.4537960000,5.2129200100,5.3219959300,8929732,104346399.0000,4.094459,-1.926300
2014-04-14,5.3219959300,5.3219959300,5.3219959300,5.3219959300,0,0.0000,,0.000000
2014-04-15,5.3219959300,5.3219959300,5.3219959300,5.3219959300,0,0.0000,,0.000000
2014-04-16,5.3219959300,5.3219959300,5.3219959300,5.3219959300,0,0.0000,,0.000000
2014-04-17,5.3219959300,5.3219959300,5.3219959300,5.3219959300,0,0.0000,,0.000000
2014-04-18,5.3219959300,5.3219959300,5.3219959300,5.3219959300,0,0.0000,,0.000000
2014-04-21,5.3219959300,5.3219959300,5.3219959300,5.3219959300,0,0.0000,,0.000000
2014-04-22,5.3219959300,5.3219959300,5.3219959300,5.3219959300,0,0.0000,,0.000000
2014-04-23,5.3219959300,5.3219959300,5.3219959300,5.3219959300,0,0.0000,,0.000000
2014-04-24,5.3219959300,5.3219959300,5.3219959300,5.3219959300,0,0.0000,,0.000000
2014-04-25,5.3219959300,5.3219959300,5.3219959300,5.3219959300,0,0.0000,,0.000000
2014-04-28,5.3219959300,5.3219959300,5.3219959300,5.3219959300,0,0.0000,,0.000000
2014-04-29,5.3219959300,5.3219959300,5.3219959300,5.3219959300,0,0.0000,,0.000000
2014-04-30,5.3219959300,5.3219959300,5.3219959300,5.3219959300,0,0.0000,,0.000000
2014-05-05,5.3219959300,5.3219959300,5.3219959300,5.3219959300,0,0.0000,,0.000000
2014-05-06,5.3219959300,5.3219959300,5.3219959300,5.3219959300,0,0.0000,,0.000000
2014-05-07,5.3219959300,5.3219959300,5.3219959300,5.3219959300,0,0.0000,,0.000000
2014-05-08,5.3219959300,5.3219959300,5.3219959300,5.3219959300,0,0.0000,,0.000000
2014-05-09,5.3219959300,5.3219959300,5.3219959300,5.3219959300,0,0.0000,,0.000000
2014-05-12,5.3219959300,5.3219959300,5.3219959300,5.3219959300,0,0.0000,,0.000000
2014-05-13,5.3219959300,5.3219959300,5.3219959300,5.3219959300,0,0.0000,,0.000000
2014-05-14,5.3219959300,5.3219959300,5.3219959300,5.3219959300,0,0.0000,,0.000000
2014-05-15,5.3219959300,5.3219959300,5.3219959300,5.3219959300,0,0.0000,,0.000000
2014-05-16,5.3219959300,5.3219959300,5.3219959300,5.3219959300,0,0.0000,,0.000000
2014-05-19,5.3219959300,5.3219959300,5.3219959300,5.3219959300,0,0.0000,,0.000000
2014-05-20,5.3219959300,5.3219959300,5.3219959300,5.3219959300,0,0.0000,,0.000000
2014-05-21,5.3219959300,5.3219959300,5.3219959300,5.3219959300,0,0.0000,,0.000000
2014-05-22,5.3219959300,5.3219959300,5.3219959300,5.3219959300,0,0.0000,,0.000000
2014-05-23,5.3219959300,5.3219959300,5.3219959300,5.3219959300,0,0.0000,,0.000000
2014-05-26,5.3219959300,5.3219959300,5.3219959300,5.3219959300,0,0.0000,,0.000000
2014-05-27,5.3219959300,5.3219959300,5.3219959300,5.3219959300,0,0.0000,,0.000000
2014-05-28,5.3219959300,5.3219959300,5.3219959300,5.3219959300,0,0.0000,,0.000000
2014-05-29,5.3219959300,5.3219959300,5.3219959300,5.3219959300,0,0.0000,,0.000000
2014-05-30,5.3219959300,5.3219959300,5.3219959300,5.3219959300,0,0.0000,,0.000000
2014-06-03,5.3219959300,5.3219959300,5.3219959300,5.3219959300,0,0.0000,,0.000000
2014-06-04,5.3219959300,5.3219959300,5.3219959300,5.3219959300,0,0.0000,,0.000000
2014-06-05,5.3219959300,5.3219959300,5.3219959300,5.3219959300,0,0.0000,,0.000000
2014-06-06,5.3219959300,5.3219959300,5.3219959300,5.3219959300,0,0.0000,,0.000000
2014-06-09,5.3219959300,5.3219959300,5.3219959300,5.3219959300,0,0.0000,,0.000000
2014-06-10,5.3219959300,5.3219959300,5.3219959300,5.3219959300,0,0.0000,,0.000000
2014-06-11,5.3219959300,5.3219959300,5.3219959300,5.3219959300,0,0.0000,,0.000000
2014-06-12,5.3219959300,5.3219959300,5.3219959300,5.3219959300,0,0.0000,,0.000000
2014-06-13,5.3219959300,5.3219959300,5.3219959300,5.3219959300,0,0.0000,,0.000000
2014-06-16,5.3219959300,5.3219959300,5.3219959300,5.3219959300,0,0.0000,,0.000000
2014-06-17,5.3219959300,5.3219959300,5.3219959300,5.3219959300,0,0.0000,,0.000000
2014-06-18,5.3219959300,5.3219959300,5.3219959300,5.3219959300,0,0.0000,,0.000000
2014-06-19,5.3219959300,5.3219959300,5.3219959300,5.3219959300,0,0.0000,,0.000000
2014-06-20,5.3219959300,5.3219959300,5.3219959300,5.3219959300,0,0.0000,,0.000000
2014-06-23,5.3219959300,5.3219959300,5.3219959300,5.3219959300,0,0.0000,,0.000000
2014-06-24,5.3219959300,5.3219959300,5.3219959300,5.3219959300,0,0.0000,,0.000000
2014-06-25,5.3219959300,5.3219959300,5.3219959300,5.3219959300,0,0.0000,,0.000000
2014-06-26,5.3219959300,5.3219959300,5.3219959300,5.3219959300,0,0.0000,,0.000000
2014-06-27,5.3219959300,5.3219959300,5.3219959300,5.3219959300,0,0.0000,,0.000000
2014-06-30,5.3219959300,5.3219959300,5.3219959300,5.3219959300,0,0.0000,,0.000000
2014-07-01,5.3219959300,5.3219959300,5.3219959300,5.3219959300,0,0.0000,,0.000000
2014-07-02,5.3219959300,5.3219959300,5.3219959300,5.3219959300,0,0.0000,,0.000000
2014-07-03,5.3219959300,5.3219959300,5.3219959300,5.3219959300,0,0.0000,,0.000000
2014-07-04,5.3219959300,5.3219959300,5.3219959300,5.3219959300,0,0.0000,,0.000000
2014-07-07,5.3219959300,5.3219959300,5.3219959300,5.3219959300,0,0.0000,,0.000000
2014-07-08,5.3219959300,5.3219959300,5.3219959300,5.3219959300,0,0.0000,,0.000000
2014-07-09,5.3219959300,5.3219959300,5.3219959300,5.3219959300,0,0.0000,,0.000000
2014-07-10,5.3219959300,5.3219959300,5.3219959300,5.3219959300,0,0.0000,,0.000000
2014-07-11,5.3219959300,5.3219959300,5.3219959300,5.3219959300,0,0.0000,,0.000000
2014-07-14,5.3219959300,5.3219959300,5.3219959300,5.3219959300,0,0.0000,,0.000000
2014-07-15,5.3219959300,5.3219959300,5.3219959300,5.3219959300,0,0.0000,,0.000000
2014-07-16,5.3219959300,5.3219959300,5.3219959300,5.3219959300,0,0.0000,,0.000000
2014-07-17,5.3219959300,5.3219959300,5.3219959300,5.3219959300,0,0.0000,,0.000000
2014-07-18,5.3219959300,5.3219959300,5.3219959300,5.3219959300,0,0.0000,,0.000000
2014-07-21,5.3219959300,5.3219959300,5.3219959300,5.3219959300,0,0.0000,,0.000000
2014-07-22,5.3219959300,5.3219959300,5.3219959300,5.3219959300,0,0.0000,,0.000000
2014-07-23,5.3219959300,5.3219959300,5.3219959300,5.3219959300,0,0.0000,,0.000000
2014-07-24,5.3219959300,5.3219959300,5.3219959300,5.3219959300,0,0.0000,,0.000000
2014-07-25,5.3219959300,5.3219959300,5.3219959300,5.3219959300,0,0.0000,,0.000000
2014-07-28,5.3219959300,5.3219959300,5.3219959300,5.3219959300,0,0.0000,,0.000000
2014-07-29,5.3219959300,5.3219959300,5.3219959300,5.3219959300,0,0.0000,,0.000000
2014-07-30,5.3219959300,5.3219959300,5.3219959300,5.3219959300,0,0.0000,,0.000000
2014-07-31,5.3219959300,5.3219959300,5.3219959300,5.3219959300,0,0.0000,,0.000000
2014-08-01,5.3219959300,5.3219959300,5.3219959300,5.3219959300,0,0.0000,,0.000000
2014-08-04,5.3219959300,5.3219959300,5.3219959300,5.3219959300,0,0.0000,,0.000000
2014-08-05,5.3219959300,5.3219959300,5.3219959300,5.3219959300,0,0.0000,,0.000000
2014-08-06,5.3219959300,5.3219959300,5.3219959300,5.3219959300,0,0.0000,,0.000000
2014-08-07,5.3219959300,5.3219959300,5.3219959300,5.3219959300,0,0.0000,,0.000000
2014-08-08,5.3219959300,5.3219959300,5.3219959300,5.3219959300,0,0.0000,,0.000000
2014-08-11,5.3219959300,5.3219959300,5.3219959300,5.3219959300,0,0.0000,,0.000000
2014-08-12,5.3219959300,5.3219959300,5.3219959300,5.3219959300,0,0.0000,,0.000000
2014-08-13,5.3219959300,5.3219959300,5.3219959300,5.3219959300,0,0.0000,,0.000000
2014-08-14,5.3219959300,5.3219959300,5.3219959300,5.3219959300,0,0.0000,,0.000000
2014-08-15,5.3219959300,5.3219959300,5.3219959300,5.3219959300,0,0.0000,,0.000000
2014-08-18,5.3219959300,5.3219959300,5.3219959300,5.3219959300,0,0.0000,,0.000000
2014-08-19,5.3219959300,5.3219959300,5.3219959300,5.3219959300,0,0.0000,,0.000000
2014-08-20,5.3219959300,5.3219959300,5.3219959300,5.3219959300,0,0.0000,,0.000000
2014-08-21,5.3219959300,5.3219959300,5.3219959300,5.3219959300,0,0.0000,,0.000000
2014-08-22,5.3219959300,5.3219959300,5.3219959300,5.3219959300,0,0.0000,,0.000000
2014-08-25,5.8537410400,5.8537410400,5.8537410400,5.8537410400,126695,1631832.0000,0.058092,9.991500
2014-08-26,6.4400241100,6.4400241100,6.4400241100,6.4400241100,251257,3560312.0000,0.115206,10.015500
2014-08-27,7.0853899700,7.0853899700,7.0853899700,7.0853899700,174787,2724929.0000,0.080143,10.021200
2014-08-28,7.7943834500,7.7943834500,7.7943834500,7.7943834500,904009,15503754.0000,0.414506,10.006400
2014-08-29,8.4533838000,8.5760942100,8.0897974000,8.4488389700,26810535,493469184.0000,12.293161,8.396500
2014-09-01,7.9080042000,9.1941910900,7.6035005900,8.4397493100,26453350,469978992.0000,12.129385,-0.107600
2014-09-02,8.2261423000,8.9169564600,8.1352457000,8.5579148900,18533366,349270224.0000,8.497915,1.400100
2014-09-03,8.3988458400,8.8669633300,8.3352182200,8.8396943500,16409887,311756272.0000,7.524258,3.292600
2014-09-04,8.7715219000,9.0896600000,8.4533838000,8.5306459100,15626432,298728816.0000,7.165028,-3.496100
2014-09-05,8.5442804000,8.5760942100,8.3079492400,8.3215837300,9309478,172163970.0000,4.268580,-2.450700
2014-09-09,8.3215837300,8.7033494500,8.2306871300,8.6306321700,9740325,182137950.0000,4.466132,3.713800
2014-09-10,8.5215562500,9.1669221100,8.4624734600,8.8805978200,16813374,328924384.0000,7.709265,2.896300
2014-09-11,8.7306184300,8.9305909500,8.5442804000,8.5806390400,9473980,181463432.0000,4.344007,-3.377700
2014-09-12,8.5261010800,8.7260736000,8.4897424400,8.6442666600,5346976,101230762.0000,2.451694,0.741500
2014-09-15,8.8487840100,8.8942323100,8.4352044800,8.6715356400,5696667,108463035.0000,2.612035,0.315500
2014-09-16,8.6715356400,8.6715356400,7.9807214800,7.9989008000,9287313,169180989.0000,4.258417,-7.756800
2014-09-17,7.9534525000,8.1170663800,7.8080179400,7.9761766500,3902850,68075482.0000,1.789534,-0.284100
2014-09-18,7.9534525000,8.0216249500,7.8171076000,7.8943697100,3449493,60170271.0000,1.581661,-1.025600
2014-09-19,7.9398180100,8.1216112100,7.8671007300,7.9898111400,3295897,58086834.0000,1.511234,1.209000
2014-09-22,7.9534525000,7.9989008000,7.6943971900,7.7216661700,4124849,70876293.0000,1.891325,-3.356100
2014-09-23,7.6580385500,7.8625559000,7.6580385500,7.7807489600,2705093,46235819.0000,1.240339,0.765200
2014-09-24,7.7762041300,8.4488389700,7.7125765100,8.4215699900,8428433,151417834.0000,3.864603,8.236000
2014-09-25,8.3124940700,8.3988458400,8.1352457000,8.1625146800,4546270,82852230.0000,2.084555,-3.076100
2014-09-26,8.1352457000,8.3897561800,8.1125215500,8.3261285600,3033203,55496351.0000,1.390784,2.004500
2014-09-29,8.2988595800,8.6215425100,8.2670457700,8.2852250900,4967070,92028171.0000,2.277500,-0.491300
2014-09-30,8.2988595800,8.3852113500,8.0852525700,8.2488664500,3179858,57263226.0000,1.458028,-0.438800
2014-10-08,8.2715906000,8.3034044100,8.1716043400,8.2761354300,2566471,46486176.0000,1.176778,0.330600
2014-10-09,8.2897699200,8.3397630500,8.1534250200,8.1761491700,2997114,54145106.0000,1.374236,-1.208100
2014-10-10,8.1806940000,8.2943147500,8.0488939300,8.2170526400,3235472,58198470.0000,1.483528,0.500300
2014-10-13,8.1034318900,8.2579561100,8.0670732500,8.1125215500,2390747,42725512.0000,1.096205,-1.272100
2014-10-14,8.1125215500,8.1534250200,7.8261972600,7.9080042000,3349036,58773916.0000,1.535599,-2.521000
2014-10-15,7.9034593700,8.0943422300,7.8671007300,8.0579835900,2472422,43757675.0000,1.133654,1.896600
2014-10-16,7.9989008000,8.2488664500,7.8989145400,7.9125490300,3617003,64537136.0000,1.658467,-1.804800
2014-10-17,7.9489076700,7.9489076700,7.4126177300,7.7262110000,3261726,54994263.0000,1.495566,-2.355000
2014-10-20,7.7171213400,8.4806527800,7.5898661000,8.4442941400,10357929,188011080.0000,4.749316,9.294100
2014-10-21,8.4624734600,8.7260736000,8.3170389000,8.4988321000,6044675,114149012.0000,2.771603,0.645900
2014-10-22,8.6351770000,8.7533425800,8.3261285600,8.4488389700,3424033,64469478.0000,1.569987,-0.588200
2014-10-23,8.4079355000,9.0805703400,8.4079355000,8.9033219700,8098565,157666824.0000,3.713352,5.379200
2014-10-24,8.9124116300,9.0033082300,8.7078942800,8.9033219700,4259851,83147332.0000,1.953226,0.000000
2014-10-27,8.7260736000,9.2169152400,8.4670182900,9.0805703400,5434589,107566938.0000,2.491867,1.990800
2014-10-28,9.0805703400,9.3850739500,8.9851289100,9.3623498000,5970491,121732230.0000,2.737588,3.103100
2014-10-29,9.3578049700,9.4487015700,9.0896600000,9.3123566700,4743208,96744733.0000,2.174855,-0.534000
2014-10-30,9.2987221800,9.3487153100,8.6806253000,8.7397080900,6605651,130220435.0000,3.028822,-6.149300
2014-10-31,8.9487702700,8.9487702700,8.4352044800,8.5397355700,3892728,74096388.0000,1.784893,-2.288100
2014-11-03,8.4533838000,8.6306321700,8.4079355000,8.4715631200,3774981,70473127.0000,1.730904,-0.798300
2014-11-04,8.4851976100,8.5442804000,8.0125352900,8.0443491000,5617981,100862766.0000,2.575956,-5.042900
2014-11-05,8.0443491000,8.8351495200,8.0443491000,8.4352044800,6697197,124041743.0000,3.070797,4.858700
2014-11-06,8.4988321000,8.7351632600,8.4533838000,8.5942735300,5959417,112576219.0000,2.732511,1.885800
2014-11-07,8.7624322400,9.3396256500,8.7624322400,9.2623635400,10046442,202113461.0000,4.606493,7.773700
2014-11-10,9.3214463300,9.3623498000,9.0896600000,9.2396393900,4072772,82699789.0000,1.867447,-0.245300
2014-11-11,9.2396393900,9.3214463300,8.5897287000,9.0896600000,6221350,123197305.0000,2.852612,-1.623200
2014-11-12,9.0169427200,9.3941636100,8.9078668000,9.2396393900,3596378,73112874.0000,1.649011,1.650000
2014-11-13,9.1351083000,9.3214463300,8.7715219000,8.8215150300,4666880,91553240.0000,2.139857,-4.525300
2014-11-14,8.7942460500,8.8805978200,8.5806390400,8.7169839400,1847956,35347146.0000,0.847324,-1.185000
2014-11-17,8.7169839400,9.3759842900,8.5442804000,9.2669083700,4251251,84804365.0000,1.949283,6.308700
2014-11-18,9.2532738800,9.3305359900,9.0214875500,9.2078255800,3923250,79237059.0000,1.798888,-0.637600
2014-11-19,9.1941910900,9.9531777000,9.1896462600,9.9122742300,8149719,174131399.0000,3.736808,7.650500
2014-11-20,9.7486603500,9.9986260000,9.7259362000,9.7941086500,5763449,124688606.0000,2.642655,-1.192100
2014-11-21,9.7168465400,10.5485504300,9.5941361300,10.2395019900,7870480,176002102.0000,3.608771,4.547600
2014-11-24,10.4894676400,10.4985573000,10.0895226000,10.2531364800,5404164,122500662.0000,2.477916,0.133200
2014-11-25,10.2304123300,10.3758468900,9.9440880400,10.0122604900,5190650,115999096.0000,2.380016,-2.349300
2014-11-26,9.8986397400,9.9759018500,9.4577912300,9.7850189900,5953675,126718929.0000,2.729878,-2.269600
2014-11-27,9.7259362000,9.9077294000,9.5486878300,9.6804879000,4297161,91483362.0000,1.970333,-1.068300
2014-11-28,9.6350396000,10.0622536200,9.5941361300,9.9895363400,5342803,116615977.0000,2.449781,3.192500
2014-12-01,9.9895363400,10.1758743700,9.4941498700,9.4986947000,5614796,120492290.0000,2.574495,-4.913600
2014-12-02,9.3987084400,9.6577637500,9.3169015000,9.5305085100,3298281,68902721.0000,1.512327,0.334900
2014-12-03,9.5441430000,9.5850464700,8.6579011500,9.0623910200,9867081,193786894.0000,4.524252,-4.911800
2014-12-04,9.0669358500,9.2260049000,8.8896874800,9.0987496600,6183959,122842660.0000,2.835468,0.401200
2014-12-05,9.0351220400,9.0351220400,8.6124528500,8.6624459800,5917287,113815582.0000,2.713193,-4.795200
2014-12-08,8.6397218300,8.9805840800,8.2034181500,8.8033357100,4845609,91752831.0000,2.221808,1.626500
2014-12-09,8.6442666600,8.9487702700,8.3397630500,8.3988458400,4766334,91689689.0000,2.185459,-4.594700
2014-12-10,8.3943010100,8.9851289100,8.3488527100,8.7669770700,3612029,68931337.0000,1.656187,4.383100
2014-12-11,8.7033494500,8.8624185000,8.5442804000,8.7669770700,2957581,56489727.0000,1.356109,0.000000
2014-12-12,8.7624322400,8.8215150300,8.6488114900,8.7942460500,1881990,36326506.0000,0.862930,0.311000
2014-12-15,8.8715081600,8.8715081600,8.6351770000,8.8169702000,2041266,39391882.0000,0.935961,0.258400
2014-12-16,8.8169702000,9.0396668700,8.6851701300,8.9124116300,3351081,65739869.0000,1.536537,1.082500
2014-12-17,8.9305909500,8.9442254400,8.5397355700,8.7624322400,3014968,57219110.0000,1.382423,-1.682800
2014-12-18,8.6897149600,8.9078668000,8.6533563200,8.7897012200,2804372,54475602.0000,1.285860,0.311200
2014-12-19,8.8260598600,8.8306046900,8.5533700600,8.7624322400,2218548,42317715.0000,1.017248,-0.310200
2014-12-22,8.7260736000,8.7260736000,7.8852800500,7.9080042000,3080409,54972524.0000,1.412429,-9.751000
2014-12-23,8.1806940000,8.1806940000,7.4944246700,7.5035143300,2430910,41284918.0000,1.114620,-5.114900
2014-12-24,7.5898661000,7.7262110000,7.5035143300,7.6171350800,1550347,25909269.0000,0.710865,1.514200
2014-12-25,7.6762178700,7.9443628400,7.6171350800,7.7534799800,1621384,27721487.0000,0.743437,1.790000
2014-12-26,7.7898386200,7.8489214100,7.6444040600,7.7034868500,1667926,28341342.0000,0.764777,-0.644800
2014-12-29,7.9080042000,8.2034181500,7.7489351500,7.7989282800,3186734,55867062.0000,1.461181,1.238900
2014-12-30,7.7989282800,7.7989282800,7.3671694300,7.4444315400,2307865,38490566.0000,1.058202,-4.545500
2014-12-31,7.4080729000,7.4989695000,6.7717967000,7.4262522200,3872857,60640645.0000,1.775782,-0.244200
2015-01-05,7.1853762300,7.3399004500,7.0035830300,7.1853762300,3219476,50817540.0000,1.476193,-3.243600
2015-01-06,7.2171900400,7.3399004500,7.0444865000,7.3308107900,2416221,38348796.0000,1.107885,2.024000
2015-01-07,7.3399004500,7.4989695000,7.1944658900,7.3171763000,2828659,45793296.0000,1.296996,-0.186000
2015-01-08,7.3444452800,8.0488939300,7.2308245300,8.0488939300,3234950,54138819.0000,1.483289,10.000000
2015-01-09,8.0488939300,8.4442941400,7.9625421600,8.0443491000,4773199,85934731.0000,2.188606,-0.056500
2015-01-12,8.0488939300,8.3988458400,7.7353006600,8.0761629100,3003213,53598763.0000,1.377033,0.395500
2015-01-13,8.0670732500,8.4897424400,7.9307283500,8.2579561100,3871640,70597228.0000,1.775224,2.251000
2015-01-14,8.2943147500,8.5351907400,8.2715906000,8.3988458400,2545299,47106587.0000,1.167070,1.706100
2015-01-15,8.3579423700,8.7169839400,8.3579423700,8.6169976800,2890258,54597268.0000,1.325241,2.597400
2015-01-16,8.4670182900,9.1214738100,8.4670182900,9.0851151700,4412311,86958974.0000,2.023132,5.432500
2015-01-19,8.9533151000,9.9849915100,8.7669770700,9.3032670100,7960911,166332844.0000,3.650235,2.401200
2015-01-20,9.3078118400,9.7077568800,9.1169289800,9.4077981000,5250389,108034334.0000,2.407407,1.123600
2015-01-21,9.4077981000,9.5123291900,9.0896600000,9.3032670100,4563663,93435372.0000,2.092530,-1.111100
2015-01-22,9.2941773500,9.4077981000,9.0123978900,9.0487565300,3879862,77883155.0000,1.778994,-2.735700
2015-01-23,9.0487565300,9.0896600000,8.5942735300,8.9305909500,4407791,85341101.0000,2.021059,-1.305900
2015-01-26,8.8533288400,9.0669358500,8.8169702000,8.9805840800,2680855,52904190.0000,1.229225,0.559800
2015-01-27,8.9942185700,9.0487565300,8.8215150300,8.8760529900,2190321,42996711.0000,1.004306,-1.164000
2015-01-28,8.9260461200,9.6350396000,8.9169564600,9.5305085100,8977814,186595900.0000,4.116505,7.373300
2015-01-29,9.5305085100,9.5305085100,9.5305085100,9.5305085100,0,0.0000,,0.000000
2015-01-30,9.5305085100,9.5305085100,9.5305085100,9.5305085100,0,0.0000,,0.000000
2015-02-02,9.5305085100,9.5305085100,9.5305085100,9.5305085100,0,0.0000,,0.000000
2015-02-03,9.5305085100,9.5305085100,9.5305085100,9.5305085100,0,0.0000,,0.000000
2015-02-04,9.5305085100,9.5305085100,9.5305085100,9.5305085100,0,0.0000,,0.000000
2015-02-05,9.5305085100,9.5305085100,9.5305085100,9.5305085100,0,0.0000,,0.000000
2015-02-06,8.5760942100,8.5760942100,8.5760942100,8.5760942100,242600,4577862.0000,0.111237,-10.014300
2015-02-09,7.7171213400,7.7171213400,7.7171213400,7.7171213400,416800,7077264.0000,0.191111,-10.015900
2015-02-10,7.0490313300,7.8125627700,7.0490313300,7.5944109300,15167660,248407133.0000,6.954672,-1.590100
2015-02-11,7.3626246000,7.9443628400,7.3626246000,7.9170938600,8771130,148948699.0000,4.021737,4.249000
2015-02-12,7.8852800500,8.2397767900,7.6716730400,8.0307146100,5152729,90550326.0000,2.362628,1.435100
2015-02-13,8.1125215500,8.1625146800,7.9307283500,7.9489076700,5922499,104366500.0000,2.715583,-1.018700
2015-02-16,7.9080042000,8.6806253000,7.8898248800,8.4261148200,7795341,142058018.0000,3.574318,6.003400
2015-02-17,8.4261148200,8.4942872700,8.1988733200,8.4579286300,4350457,80220923.0000,1.994771,0.377600
2015-02-25,8.4079355000,9.0351220400,8.3170389000,8.7260736000,6911831,132104809.0000,3.169211,3.170300
2015-02-26,8.7169839400,8.9487702700,8.5806390400,8.7351632600,5298789,102624623.0000,2.429600,0.104200
2015-02-27,8.7169839400,9.0214875500,8.7169839400,8.8124253700,5743937,112592426.0000,2.633709,0.884500
2015-03-02,8.9305909500,9.5986809600,8.8987771400,9.3759842900,12159900,247247277.0000,5.575555,6.395000
2015-03-03,9.2805428600,9.8622811000,9.2805428600,9.4441567400,7507552,158411232.0000,3.442361,0.727100
2015-03-04,9.4487015700,9.4714257200,8.6579011500,8.9714944200,17947776,349827648.0000,8.229411,-5.004800
2015-03-05,8.8215150300,8.9396806100,8.1897836600,8.3261285600,14774039,276760272.0000,6.774189,-7.193500
2015-03-06,8.3261285600,8.7033494500,8.3261285600,8.4988321000,6686204,125283277.0000,3.065757,2.074200
2015-03-09,8.4942872700,8.4942872700,8.2215974700,8.4624734600,5171915,95257975.0000,2.371425,-0.427800
2015-03-10,8.4306596500,9.3078118400,8.3624872000,9.0760255100,14604879,288669536.0000,6.696626,7.250300
2015-03-11,8.8805978200,9.4305222500,8.8805978200,9.3805291200,13750186,278632176.0000,6.304733,3.355000
2015-03-12,9.3623498000,9.4305222500,9.0305772100,9.1032944900,7124585,143535343.0000,3.266763,-2.955400
2015-03-13,9.1123841500,9.4487015700,9.0351220400,9.0442117000,10460106,212042790.0000,4.796166,-0.649000
2015-03-16,9.3214463300,9.7032120500,9.1851014300,9.3987084400,10881404,224861457.0000,4.989339,3.919600
2015-03-17,9.3987084400,9.3987084400,9.3987084400,9.3987084400,0,0.0000,,0.000000
2015-03-18,9.3987084400,9.3987084400,9.3987084400,9.3987084400,0,0.0000,,0.000000
2015-03-19,9.3987084400,9.3987084400,9.3987084400,9.3987084400,0,0.0000,,0.000000
2015-03-20,9.3987084400,9.3987084400,9.3987084400,9.3987084400,0,0.0000,,0.000000
2015-03-23,9.3987084400,9.3987084400,9.3987084400,9.3987084400,0,0.0000,,0.000000
2015-03-24,9.3987084400,9.3987084400,9.3987084400,9.3987084400,0,0.0000,,0.000000
2015-03-25,9.3987084400,9.3987084400,9.3987084400,9.3987084400,0,0.0000,,0.000000
2015-03-26,9.3987084400,9.3987084400,9.3987084400,9.3987084400,0,0.0000,,0.000000
2015-03-27,9.3987084400,9.3987084400,9.3987084400,9.3987084400,0,0.0000,,0.000000
2015-03-30,9.3987084400,9.3987084400,9.3987084400,9.3987084400,0,0.0000,,0.000000
2015-03-31,9.3987084400,9.3987084400,9.3987084400,9.3987084400,0,0.0000,,0.000000
2015-04-01,9.3987084400,9.3987084400,9.3987084400,9.3987084400,0,0.0000,,0.000000
2015-04-02,9.3987084400,9.3987084400,9.3987084400,9.3987084400,0,0.0000,,0.000000
2015-04-03,9.3987084400,9.3987084400,9.3987084400,9.3987084400,0,0.0000,,0.000000
2015-04-07,9.3987084400,9.3987084400,9.3987084400,9.3987084400,0,0.0000,,0.000000
2015-04-08,9.3987084400,9.3987084400,9.3987084400,9.3987084400,0,0.0000,,0.000000
2015-04-09,9.3987084400,9.3987084400,9.3987084400,9.3987084400,0,0.0000,,0.000000
2015-04-10,9.3987084400,9.3987084400,9.3987084400,9.3987084400,0,0.0000,,0.000000
2015-04-13,9.3987084400,9.3987084400,9.3987084400,9.3987084400,0,0.0000,,0.000000
2015-04-14,10.3394882500,10.3394882500,9.7713845000,10.3394882500,22922275,520674768.0000,10.510317,10.009700
2015-04-15,10.3576675700,11.3757094900,9.9259087200,11.3757094900,32386576,785245904.0000,14.849886,10.022000
2015-04-16,11.3620750000,12.4755583500,11.1939162900,11.3757094900,25558675,662909696.0000,11.719159,0.000000
2015-04-17,11.2075507800,11.6756682700,10.8848678500,10.9166816600,20182549,493495200.0000,9.254098,-4.035200
2015-04-20,10.7712471000,12.0074408600,10.6803505000,12.0074408600,26005638,651013024.0000,11.924100,9.991700
2015-04-21,12.3664824300,12.8209654300,11.7483855500,12.4255652200,18042858,489729776.0000,8.273008,3.482200
2015-04-22,12.6346274000,13.6663038100,12.6346274000,13.6663038100,7120163,210041607.0000,3.264736,9.985400
2015-04-23,14.7706975000,15.0342976400,14.0844281700,14.7252492000,22804087,738720368.0000,10.456125,7.748600
2015-04-24,14.3662076300,15.7478359500,13.8844556500,15.1479183900,15017068,497270448.0000,6.885623,2.870400
2015-04-27,15.2024563500,16.1795948000,14.7479733500,15.0024838300,11612128,389276096.0000,5.324391,-0.960100
2015-04-28,15.0115734900,15.1570080500,13.6390348300,14.1389661300,12381654,390193776.0000,5.677234,-5.755800
2015-04-29,14.1389661300,15.5524082600,13.7162969400,15.5524082600,14831412,489438896.0000,6.800496,9.996800
2015-04-30,16.0387050700,17.0522021600,15.6614841800,16.3932018100,10287301,366699104.0000,4.716931,5.406200
2015-05-04,16.5250018800,17.2748988300,15.9069050000,16.1296016700,8109606,296049312.0000,3.718415,-1.608000
2015-05-05,16.2204982700,16.2204982700,14.8615941000,15.3524357400,9472639,321893408.0000,4.343393,-4.818300
2015-05-06,15.3206219300,16.7249744000,15.3206219300,16.1750499700,8654214,305907472.0000,3.968128,5.358200
2015-05-07,15.9069050000,16.6613467800,14.9070424000,15.2251805000,6446281,223811189.0000,2.955747,-5.872400
2015-05-08,15.2706288000,16.7476985500,15.2342701600,16.6568019500,10983743,395110096.0000,5.036264,9.403000
2015-05-11,17.1385539300,18.3247545600,17.1340091000,18.3247545600,8276230,324930432.0000,3.794815,10.013600
2015-05-12,19.2700792000,20.1563210500,18.3065752400,20.1563210500,10254799,439688016.0000,4.702028,9.995000
2015-05-13,19.9972520000,21.8697219600,19.3973344400,20.8016869100,8699424,403518016.0000,3.988858,3.201800
2015-05-14,20.9062180000,22.5423568000,20.5835350700,21.4425079400,9692735,462934768.0000,4.444311,3.080600
2015-05-15,21.1789078000,22.2242187000,20.3562935700,20.9971146000,7791461,359088992.0000,3.572539,-2.077200
2015-05-18,21.1652733100,22.0424255000,20.7925972500,21.3743354900,7362034,345807936.0000,3.375638,1.796500
2015-05-19,21.1107353500,22.1787704000,21.1107353500,21.4288734500,6725142,318796336.0000,3.083611,0.255200
2015-05-20,21.4606872600,22.3878325800,20.4517350000,22.2696670000,9230525,442516048.0000,4.232378,3.923600
2015-05-21,22.2151290400,24.4966337000,22.0333358400,24.4966337000,6452265,336165408.0000,2.958491,10.000000
2015-05-22,25.2919789500,26.9053936000,23.4195089900,24.9102132300,10838784,589779472.0000,4.969797,1.688300
2015-05-25,24.7420545200,25.4874066400,24.0421507000,24.5648061500,7857441,428364592.0000,3.602792,-1.386600
2015-05-26,24.0921438300,25.0647374500,23.9058058000,24.5648061500,8541215,459857424.0000,3.916316,0.000000
2015-05-27,24.4057371000,24.4057371000,22.6332534000,24.0694196800,10238691,534172336.0000,4.694643,-2.016700
2015-05-28,23.9512541000,26.3963726400,23.5876677000,24.4511854000,11434632,633534816.0000,5.243005,1.586100
2015-05-29,25.0238339800,26.8963039400,23.1786330000,26.8963039400,13143784,751627440.0000,6.026685,10.000000
2015-06-01,28.6733324700,29.5868433000,28.0234217800,29.5868433000,6520641,418863344.0000,2.989843,10.003400
2015-06-02,31.8138100000,32.5455276300,29.5868433000,32.5455276300,8122572,577794624.0000,3.724360,10.000000
2015-06-03,34.3134665000,34.3134665000,29.5550294900,32.6273345700,12629160,882704496.0000,5.790720,0.251400
2015-06-04,31.4093201300,32.3137413000,29.3641466300,31.7138237400,10675850,724635872.0000,4.895089,-2.799800
2015-06-05,31.7138237400,31.7138237400,31.7138237400,31.7138237400,0,0.0000,,0.000000
2015-06-08,31.7138237400,31.7138237400,31.7138237400,31.7138237400,0,0.0000,,0.000000
2015-06-09,31.7138237400,31.7138237400,31.7138237400,31.7138237400,0,0.0000,,0.000000
2015-06-10,31.7138237400,31.7138237400,31.7138237400,31.7138237400,0,0.0000,,0.000000
2015-06-11,31.7138237400,31.7138237400,31.7138237400,31.7138237400,0,0.0000,,0.000000
2015-06-12,32.2682930000,32.6227897400,29.1641741100,30.9639267900,14126421,964182544.0000,6.477244,-2.364600
2015-06-15,30.4503610000,34.0589560200,29.6822847300,33.7771765600,14079526,1026420656.0000,6.455741,9.085600
2015-06-16,33.6317420000,33.6317420000,30.4003678700,30.4003678700,8494174,588690816.0000,3.894747,-9.997300
2015-06-17,30.4094575300,31.7183685700,27.3598766000,30.4503610000,8810519,557851200.0000,4.039797,0.164500
2015-06-18,30.7094163100,32.2592033400,28.1824908300,29.0141947200,5645705,379933104.0000,2.588668,-4.716400
2015-06-19,28.0870494000,28.0870494000,26.1145931800,26.1145931800,5446671,320851936.0000,2.497406,-9.993700
2015-06-23,23.6376608300,25.4555928300,23.5013159300,24.4648198900,10068513,525678736.0000,4.616613,-6.317400
2015-06-24,24.9965650000,25.1329099000,22.0197013500,22.3605636000,15263080,771705792.0000,6.998424,-8.601200
2015-06-25,22.2196738700,24.5966199600,20.8153214000,22.9377570100,19440140,967765024.0000,8.913689,2.581300
2015-06-26,20.9062180000,22.0878738000,20.6426178600,20.6426178600,10879294,504280224.0000,4.988372,-10.005900
2015-06-29,21.8106391700,21.8106391700,18.5792650400,18.5792650400,10164931,431783680.0000,4.660822,-9.995600
2015-06-30,18.5792650400,18.5792650400,18.5792650400,18.5792650400,0,0.0000,,0.000000
2015-07-01,18.5792650400,18.5792650400,18.5792650400,18.5792650400,0,0.0000,,0.000000
2015-07-02,18.5792650400,18.5792650400,18.5792650400,18.5792650400,0,0.0000,,0.000000
2015-07-03,18.5792650400,18.5792650400,18.5792650400,18.5792650400,0,0.0000,,0.000000
2015-07-06,18.5792650400,18.5792650400,18.5792650400,18.5792650400,0,0.0000,,0.000000
2015-07-07,18.5792650400,18.5792650400,18.5792650400,18.5792650400,0,0.0000,,0.000000
2015-07-08,18.5792650400,18.5792650400,18.5792650400,18.5792650400,0,0.0000,,0.000000
2015-07-09,18.5792650400,18.5792650400,18.5792650400,18.5792650400,0,0.0000,,0.000000
2015-07-10,18.5792650400,18.5792650400,18.5792650400,18.5792650400,0,0.0000,,0.000000
2015-07-13,18.5792650400,18.5792650400,18.5792650400,18.5792650400,0,0.0000,,0.000000
2015-07-14,18.5792650400,18.5792650400,18.5792650400,18.5792650400,0,0.0000,,0.000000
2015-07-15,18.5792650400,18.5792650400,18.5792650400,18.5792650400,0,0.0000,,0.000000
2015-07-16,18.5792650400,18.5792650400,18.5792650400,18.5792650400,0,0.0000,,0.000000
2015-07-17,18.5792650400,18.5792650400,18.5792650400,18.5792650400,0,0.0000,,0.000000
2015-07-20,18.5792650400,18.5792650400,18.5792650400,18.5792650400,0,0.0000,,0.000000
2015-07-21,16.8113261700,20.4381005100,16.7204295700,20.4381005100,36050778,1490939392.0000,16.529996,10.004900
2015-07-22,21.8151840000,22.4832740100,20.4062867000,22.4832740100,34017757,1635962048.0000,15.597815,10.006700
2015-07-23,23.6285711700,24.4511854000,22.5832602700,23.5922125300,21810265,1128741392.0000,10.000438,4.932300
2015-07-24,23.2877089200,23.3149779000,21.2743492300,21.8424529800,20285392,1008633952.0000,9.301254,-7.416700
2015-07-27,21.3516113400,22.0378806700,19.6563897500,19.6563897500,16366008,744106432.0000,7.504139,-10.008300
2015-07-28,17.6930231900,19.5382241700,17.6930231900,17.6930231900,22902229,895925776.0000,10.501125,-9.988400
2015-07-29,17.4066989000,17.8520922400,15.9250843200,16.5704501800,27661109,1001760928.0000,12.683166,-6.344700
2015-07-30,16.4886432400,16.4886432400,14.9115872300,14.9115872300,27902410,956147968.0000,12.793807,-10.011000
2015-07-31,14.0889730000,15.7387462900,13.6344900000,15.1115597500,22513365,733220816.0000,10.322824,1.341100
2015-08-03,14.5070973600,14.5889043000,13.6026761900,13.6026761900,10325719,315800256.0000,4.734547,-9.985000
2015-08-04,13.2709036000,14.3162145000,12.4982825000,14.2298627300,29162352,862245968.0000,13.371516,4.610800
2015-08-05,13.7253866000,13.9980764000,12.8164206000,13.1936414900,27095213,803085488.0000,12.423692,-7.282000
2015-08-06,12.4982825000,13.0891104000,12.3982962400,12.8664137300,18486290,519273568.0000,8.476330,-2.480200
2015-08-07,12.9982138000,14.0435247000,12.9982138000,13.9253591200,26169604,785430816.0000,11.999282,8.230300
2015-08-10,14.2207730700,15.3160771000,13.7117521100,15.1524632200,27432847,871667680.0000,12.578504,8.812000
2015-08-11,15.0524769600,15.6478496900,14.7934216500,15.1115597500,23991020,802347280.0000,11.000358,-0.269900
2015-08-12,14.7252492000,15.1251942400,14.0889730000,14.1298764700,18782691,604489744.0000,8.612236,-6.496200
2015-08-13,14.1707799400,14.9979390000,14.0889730000,14.9752148500,16846018,541092048.0000,7.724233,5.982600
2015-08-14,15.4069737000,16.1386913300,15.0661114500,15.5614979200,22792921,780677248.0000,10.451006,3.915000
2015-08-17,15.5751324100,16.4977329000,15.5751324100,16.1886844600,17080589,604087472.0000,7.831788,4.030400
2015-08-18,16.6795261000,16.7158847400,14.5707249800,14.5707249800,23261375,798961568.0000,10.665801,-9.994400
2015-08-19,13.6117658500,14.9570355300,13.1118345500,14.4480145700,19270708,580247776.0000,8.836001,-0.842200
2015-08-20,14.0889730000,14.1889592600,13.2709036000,13.3436208800,12879155,388753680.0000,5.905348,-7.643900
2015-08-21,12.8164206000,13.1800070000,12.0074408600,12.0074408600,12499429,344053504.0000,5.731236,-10.013600
2015-08-24,11.0439369000,11.3166267000,10.8076057400,10.8076057400,4453697,106586708.0000,2.042108,-9.992400
2015-08-25,9.7259362000,10.0713432800,9.7259362000,9.7259362000,9782246,210246146.0000,4.485353,-10.008400
2015-08-26,9.5441430000,9.9531777000,8.7533425800,8.7533425800,17240509,349295936.0000,7.905115,-10.000000
2015-08-27,8.8306046900,9.1805566000,8.0761629100,8.8851426500,14578421,280296576.0000,6.684495,1.505700
2015-08-28,9.0442117000,9.7759293300,8.8987771400,9.7759293300,19037329,390373328.0000,8.728992,10.025600
2015-08-31,9.9077294000,10.2985847800,9.5441430000,9.7850189900,18448706,403003280.0000,8.459097,0.093000
2015-09-01,9.5850464700,9.5850464700,8.8078805400,8.8078805400,9296569,182582884.0000,4.262661,-9.986100
2015-09-02,7.9989008000,9.0896600000,7.9261835200,7.9261835200,14024395,255192467.0000,6.430463,-10.010300
2015-09-07,8.1579698500,8.7169839400,8.1170663800,8.7169839400,19176415,360451840.0000,8.792766,9.977100
2015-09-08,8.5897287000,9.5895913000,8.4988321000,9.5895913000,15799308,310494976.0000,7.244296,10.010400
2015-09-09,10.2031433500,10.5485504300,9.9440880400,10.5485504300,20019706,460588128.0000,9.179432,10.000000
2015-09-10,10.4531090000,11.2166404400,10.3667572300,10.6212677100,19106071,454454976.0000,8.760512,0.689400
2015-09-11,10.6349022000,11.6847579300,10.6349022000,11.6847579300,20061373,486455008.0000,9.198537,10.012800
2015-09-14,11.9892615400,12.2028685500,10.5167366200,10.5167366200,17920749,446833152.0000,8.217018,-9.996100
2015-09-15,9.4668808900,10.0667984500,9.4668808900,9.4668808900,19055328,401594144.0000,8.737245,-9.982700
2015-09-16,9.5441430000,10.4122055300,9.1396531300,10.4122055300,17581232,380611280.0000,8.061343,9.985600
2015-09-17,10.9075920000,11.4529716000,10.5985435600,11.1393783300,30579910,759445936.0000,14.021494,6.983900
2015-09-18,11.4984199000,11.4984199000,10.2258675000,11.0848403700,24597671,592897408.0000,11.278519,-0.489600
2015-09-21,10.9893989400,12.1937788900,10.9075920000,12.1937788900,21071796,545039168.0000,9.661836,10.004100
2015-09-22,12.6800757000,12.9845793100,12.2165030400,12.5937239300,21067369,585152400.0000,9.659806,3.279900
2015-09-23,12.0665236500,13.6344900000,12.0665236500,13.0073034600,18225884,506771040.0000,8.356929,3.284000
2015-09-24,13.0345724400,14.0253453800,13.0073034600,13.5208692500,14575012,434381568.0000,6.682932,3.948300
2015-09-25,13.5663175500,13.9026349700,12.5028273300,13.1300138700,14014544,403510592.0000,6.425946,-2.890800
2015-09-28,13.2500000000,14.4400000000,12.7000000000,14.4400000000,15201384,209897420.0000,3.168243,9.977100
2015-09-29,13.7600000000,14.3300000000,13.0000000000,13.0000000000,32080327,431425040.0000,6.686121,-9.972300
2015-09-30,12.9800000000,13.3000000000,11.8800000000,12.2700000000,34748826,430048416.0000,7.242284,-5.615400
2015-10-08,12.6500000000,13.5000000000,12.5700000000,13.5000000000,22889544,301530320.0000,4.770595,10.024400
2015-10-09,13.9000000000,14.8500000000,13.6000000000,14.8500000000,48577222,700315648.0000,10.124372,10.000000
2015-10-12,15.1800000000,16.3400000000,14.8000000000,15.4600000000,62889363,987160336.0000,13.107281,4.107700
2015-10-13,15.2600000000,15.9800000000,15.2100000000,15.6800000000,50338749,786187136.0000,10.491506,1.423000
2015-10-14,15.2600000000,15.7500000000,14.9900000000,15.1100000000,35943007,551500288.0000,7.491173,-3.635200
2015-10-15,15.1200000000,16.6200000000,15.1100000000,16.6200000000,53592702,871015488.0000,11.169689,9.993400
2015-10-16,16.7000000000,17.4200000000,16.0400000000,17.1900000000,57234350,954353984.0000,11.928674,3.429600
2015-10-19,17.8000000000,18.9100000000,17.8000000000,18.8900000000,57703448,1062428048.0000,12.026442,9.889500
2015-10-20,18.7100000000,19.9900000000,17.5000000000,19.1800000000,58457833,1101924448.0000,12.183670,1.535200
2015-10-21,18.5000000000,19.2500000000,17.2600000000,17.2600000000,49866068,906286480.0000,10.392991,-10.010400
2015-10-22,17.3500000000,18.9200000000,17.3500000000,18.7900000000,45871329,835318032.0000,9.560415,8.864400
2015-10-23,19.0000000000,20.6100000000,18.5000000000,20.3100000000,44894129,867935056.0000,9.356749,8.089400
2015-10-26,20.9400000000,20.9400000000,18.8800000000,19.6200000000,44781137,881724960.0000,9.333199,-3.397300
2015-10-27,19.3900000000,20.3000000000,18.0000000000,19.6300000000,32304358,615339904.0000,6.732813,0.051000
2015-10-28,18.7000000000,19.8700000000,17.9000000000,18.3700000000,25610872,483807424.0000,5.337769,-6.418700
2015-10-29,18.5500000000,19.6000000000,17.7000000000,18.9900000000,28401421,534720176.0000,5.919370,3.375100
2015-10-30,18.9900000000,18.9900000000,18.9900000000,18.9900000000,0,0.0000,,0.000000
2015-11-02,18.9900000000,18.9900000000,18.9900000000,18.9900000000,0,0.0000,,0.000000
2015-11-03,18.9900000000,18.9900000000,18.9900000000,18.9900000000,0,0.0000,,0.000000
2015-11-04,18.9900000000,18.9900000000,18.9900000000,18.9900000000,0,0.0000,,0.000000
2015-11-05,18.9900000000,18.9900000000,18.9900000000,18.9900000000,0,0.0000,,0.000000
2015-11-06,18.9900000000,18.9900000000,18.9900000000,18.9900000000,0,0.0000,,0.000000
2015-11-09,18.9900000000,18.9900000000,18.9900000000,18.9900000000,0,0.0000,,0.000000
2015-11-10,18.9900000000,18.9900000000,18.9900000000,18.9900000000,0,0.0000,,0.000000
2015-11-11,18.9900000000,18.9900000000,18.9900000000,18.9900000000,0,0.0000,,0.000000
2015-11-12,18.9900000000,18.9900000000,18.9900000000,18.9900000000,0,0.0000,,0.000000
2015-11-13,18.9900000000,18.9900000000,18.9900000000,18.9900000000,0,0.0000,,0.000000
2015-11-16,18.9900000000,18.9900000000,18.9900000000,18.9900000000,0,0.0000,,0.000000
2015-11-17,18.9900000000,18.9900000000,18.9900000000,18.9900000000,0,0.0000,,0.000000
2015-11-18,18.9900000000,18.9900000000,18.9900000000,18.9900000000,0,0.0000,,0.000000
2015-11-19,18.9900000000,18.9900000000,18.9900000000,18.9900000000,0,0.0000,,0.000000
2015-11-20,18.9900000000,18.9900000000,18.9900000000,18.9900000000,0,0.0000,,0.000000
2015-11-23,18.9900000000,18.9900000000,18.9900000000,18.9900000000,0,0.0000,,0.000000
2015-11-24,18.9900000000,18.9900000000,18.9900000000,18.9900000000,0,0.0000,,0.000000
2015-11-25,18.9900000000,18.9900000000,18.9900000000,18.9900000000,0,0.0000,,0.000000
2015-11-26,18.9900000000,18.9900000000,18.9900000000,18.9900000000,0,0.0000,,0.000000
2015-11-27,18.9900000000,18.9900000000,18.9900000000,18.9900000000,0,0.0000,,0.000000
2015-11-30,20.8900000000,20.8900000000,20.8900000000,20.8900000000,969517,20253210.0000,0.202065,10.005300
2015-12-01,22.9800000000,22.9800000000,22.9800000000,22.9800000000,473324,10876986.0000,0.098649,10.004800
2015-12-02,25.2500000000,25.2800000000,22.9000000000,23.8700000000,81295877,1985026576.0000,16.943531,3.872900
2015-12-03,23.9500000000,26.2600000000,23.9500000000,26.2600000000,34394724,887796128.0000,7.168483,10.012600
2015-12-04,27.4400000000,28.6000000000,26.0100000000,27.1100000000,55052381,1487153808.0000,11.473912,3.236900
2015-12-07,26.2500000000,28.4600000000,25.5000000000,27.7000000000,35922297,983777856.0000,7.486857,2.176300
2015-12-08,27.3000000000,30.0600000000,26.6000000000,28.2200000000,33877225,948245168.0000,7.060627,1.877300
2015-12-09,27.9400000000,29.3500000000,27.2000000000,27.6400000000,23539013,665997984.0000,4.905956,-2.055300
2015-12-10,27.0500000000,28.3500000000,26.2400000000,26.8700000000,23933340,650941664.0000,4.988141,-2.785800
2015-12-11,26.8000000000,27.3000000000,25.7500000000,25.7900000000,17164713,454048416.0000,3.577437,-4.019400
2015-12-14,25.6500000000,25.7800000000,23.8900000000,25.2300000000,21555681,534773616.0000,4.492594,-2.171400
2015-12-15,25.5000000000,27.1500000000,25.2500000000,26.4100000000,20273101,536170720.0000,4.225281,4.677000
2015-12-16,26.2100000000,27.4500000000,26.2100000000,27.2600000000,19628084,529764512.0000,4.090848,3.218500
2015-12-17,27.1500000000,28.3100000000,27.0900000000,27.3700000000,24145556,664334224.0000,5.032371,0.403500
2015-12-18,27.2000000000,27.2300000000,26.0800000000,26.3700000000,20269074,538058928.0000,4.224442,-3.653600
2015-12-21,26.0600000000,26.7800000000,25.4100000000,25.6300000000,17317934,448310848.0000,3.609371,-2.806200
2015-12-22,25.7300000000,26.4700000000,25.3200000000,26.0300000000,16528606,427282336.0000,3.444861,1.560700
2015-12-23,26.0000000000,26.5000000000,25.5000000000,25.6500000000,15640218,407705408.0000,3.259704,-1.459900
2015-12-24,26.0600000000,28.2200000000,25.7000000000,28.2200000000,30692054,832453168.0000,6.396779,10.019500
2015-12-25,28.5000000000,29.8900000000,28.0600000000,28.7500000000,26575444,770882704.0000,5.538803,1.878100
2015-12-28,28.6000000000,31.6300000000,28.6000000000,30.3600000000,29316060,890192288.0000,6.109997,5.600000
2015-12-29,30.1100000000,30.9900000000,28.7500000000,29.2900000000,23246823,686490656.0000,4.845058,-3.524400
2015-12-30,29.1000000000,30.2000000000,28.5000000000,28.9600000000,17556713,511085584.0000,3.659137,-1.126700
2015-12-31,29.1500000000,29.1500000000,26.9900000000,27.1900000000,15942327,447569248.0000,3.322669,-6.111900
2016-01-04,26.7400000000,26.9900000000,24.4700000000,24.4700000000,21546099,540061600.0000,4.490597,-10.003700
2016-01-05,22.0200000000,23.6000000000,22.0200000000,22.1500000000,35595300,798968352.0000,7.418704,-9.481000
2016-01-06,22.2000000000,23.0600000000,21.6100000000,22.8000000000,25266157,569157472.0000,5.265924,2.934500
2016-01-07,22.2900000000,22.2900000000,20.5200000000,20.5200000000,4828580,101499465.0000,1.006363,-10.000000
2016-01-08,19.0000000000,21.2000000000,18.4700000000,19.8000000000,34158004,667989632.0000,7.119146,-3.508800
2016-01-11,18.9000000000,19.2300000000,17.8200000000,17.8200000000,20217076,369359040.0000,4.213604,-10.000000
2016-01-12,17.9500000000,18.5500000000,16.0600000000,17.6900000000,29874992,516704160.0000,6.226489,-0.729500
2016-01-13,17.7600000000,18.8000000000,16.7800000000,16.9500000000,28399908,512461488.0000,5.919055,-4.183200
2016-01-14,16.0000000000,18.3700000000,16.0000000000,18.3100000000,25097905,428376112.0000,5.230857,8.023600
2016-01-15,17.9000000000,18.7800000000,16.6000000000,16.9500000000,26595238,479179792.0000,5.542929,-7.427600
2016-01-18,16.3000000000,18.6500000000,16.2500000000,18.3000000000,32026211,567312288.0000,6.674842,7.964600
2016-01-19,18.2600000000,19.8800000000,18.0800000000,19.5700000000,29795782,564579664.0000,6.209980,6.939900
2016-01-20,19.7300000000,20.4400000000,19.0000000000,19.5500000000,26210698,516868304.0000,5.462784,-0.102200
2016-01-21,19.0100000000,20.3800000000,18.8700000000,18.9700000000,23269853,457073872.0000,4.849858,-2.966800
2016-01-22,19.3000000000,20.1700000000,18.9900000000,20.0800000000,24302699,478238176.0000,5.065122,5.851300
2016-01-25,20.2000000000,21.2000000000,20.1100000000,20.5700000000,19941179,411333568.0000,4.156102,2.440200
2016-01-26,20.0000000000,20.3700000000,18.5100000000,18.5100000000,25714601,493702512.0000,5.359388,-10.014600
2016-01-27,18.2000000000,18.6700000000,16.6600000000,16.9600000000,32814706,559163456.0000,6.839178,-8.373900
2016-01-28,16.4900000000,16.8100000000,15.2600000000,15.2600000000,22483706,355061248.0000,4.686011,-10.023600
2016-01-29,14.8900000000,15.9500000000,14.0000000000,15.5900000000,25129683,382880336.0000,5.237481,2.162500
2016-02-01,15.5700000000,16.1700000000,14.3000000000,15.0400000000,18353303,284371392.0000,3.825160,-3.527900
2016-02-02,15.1500000000,16.5400000000,15.1100000000,16.5400000000,13691705,220566854.0000,2.853599,9.973400
2016-02-03,16.6000000000,18.1000000000,16.4000000000,17.7100000000,24592421,419187056.0000,5.125505,7.073700
2016-02-04,17.6800000000,18.8000000000,17.6800000000,18.0500000000,19964786,366274336.0000,4.161023,1.919800
2016-02-05,18.0300000000,18.5000000000,17.7500000000,18.1300000000,14114742,256477986.0000,2.941768,0.443200
2016-02-15,16.8800000000,19.7900000000,16.8800000000,19.0400000000,17649280,330232112.0000,3.678429,5.019300
2016-02-16,19.5000000000,20.5800000000,19.5000000000,20.3200000000,18510628,373647088.0000,3.857950,6.722700
2016-02-17,20.6000000000,20.8500000000,19.6000000000,20.3400000000,20434073,413011648.0000,4.258830,0.098400
2016-02-18,20.3700000000,21.2800000000,20.3700000000,20.6400000000,19036619,396145216.0000,3.967576,1.474900
2016-02-19,20.6400000000,21.5000000000,20.2000000000,20.9000000000,13199090,275655264.0000,2.750929,1.259700
2016-02-22,20.7900000000,21.4500000000,20.4500000000,21.2600000000,15582011,326274832.0000,3.247573,1.722500
2016-02-23,21.0500000000,21.4500000000,20.6000000000,20.7900000000,12999108,273469952.0000,2.709249,-2.210700
2016-02-24,20.7900000000,21.1300000000,19.3600000000,19.9500000000,14936297,299588208.0000,3.112995,-4.040400
2016-02-25,20.0000000000,20.4000000000,17.9600000000,17.9600000000,17734724,335373088.0000,3.696237,-9.974900
2016-02-26,17.9900000000,18.5700000000,17.0000000000,18.3600000000,14887141,268360615.0000,3.102750,2.227200
2016-02-29,17.6900000000,18.1800000000,16.5200000000,16.5200000000,14891583,249901569.0000,3.103675,-10.021800
2016-03-01,16.4900000000,17.1700000000,15.1200000000,16.8900000000,17966285,291491184.0000,3.744499,2.239700
2016-03-02,16.5400000000,18.5800000000,16.2900000000,18.0500000000,24415634,424577264.0000,5.088660,6.868000
2016-03-03,18.0000000000,18.6000000000,17.7500000000,17.7700000000,19611124,356628528.0000,4.087313,-1.551200
2016-03-04,17.5500000000,18.2300000000,16.4500000000,17.0100000000,17859672,309589808.0000,3.722279,-4.276900
2016-03-07,17.0000000000,17.6000000000,16.7000000000,17.1100000000,13737503,235830366.0000,2.863144,0.587900
2016-03-08,17.0000000000,17.3500000000,15.5800000000,16.9700000000,16088633,265956600.0000,3.353162,-0.818200
2016-03-09,16.6000000000,17.0700000000,16.1100000000,16.5800000000,8826591,147577553.0000,1.839621,-2.298200
2016-03-10,16.7000000000,16.9900000000,15.9300000000,16.1800000000,9245636,151945560.0000,1.926958,-2.412500
2016-03-11,15.9000000000,16.1800000000,15.3000000000,15.7800000000,9688699,152229311.0000,2.019300,-2.472200
2016-03-14,16.0500000000,17.2100000000,16.0500000000,17.1700000000,16161401,271746992.0000,3.368328,8.808600
2016-03-15,17.2000000000,17.7800000000,16.9900000000,17.1500000000,14751160,256143292.0000,3.074409,-0.116500
2016-03-16,17.4300000000,17.6300000000,16.6000000000,16.9100000000,11324172,191854377.0000,2.360162,-1.399400
2016-03-17,16.9100000000,18.5000000000,16.7200000000,18.4000000000,22258633,394730368.0000,4.639102,8.811400
2016-03-18,18.3800000000,20.2400000000,18.3800000000,20.2400000000,31961833,632557856.0000,6.661424,10.000000
2016-03-21,20.6100000000,21.3300000000,20.0000000000,20.8600000000,28400411,583715888.0000,5.919159,3.063200
2016-03-22,20.3800000000,21.3300000000,20.0000000000,20.4400000000,21432744,443669728.0000,4.466972,-2.013400
2016-03-23,20.4600000000,20.6100000000,19.8700000000,20.4100000000,17907029,361365616.0000,3.732149,-0.146800
2016-03-24,20.1100000000,21.6000000000,19.9000000000,20.5500000000,24446277,512472416.0000,5.095046,0.685900
2016-03-25,20.3600000000,20.7600000000,19.3800000000,20.1200000000,17701260,354744752.0000,3.689263,-2.092400
2016-03-28,20.1200000000,20.5000000000,19.4300000000,19.7200000000,14623339,292139824.0000,3.047768,-1.988100
2016-03-29,19.5600000000,19.7600000000,18.6500000000,18.9700000000,12253373,233980387.0000,2.553825,-3.803200
2016-03-30,19.4000000000,20.8000000000,19.3000000000,20.6700000000,21980039,441731360.0000,4.581038,8.961500
2016-03-31,21.1000000000,22.4800000000,21.1000000000,21.4200000000,25917775,564586928.0000,5.401733,3.628400
2016-04-01,21.0000000000,22.2900000000,21.0000000000,22.1600000000,19264966,419220832.0000,4.015167,3.454700
2016-04-05,21.6000000000,24.3800000000,21.6000000000,24.0500000000,26930085,625332112.0000,5.612717,8.528900
2016-04-06,23.6900000000,23.9600000000,23.0100000000,23.3300000000,19668676,460420704.0000,4.099308,-2.993800
2016-04-07,23.5000000000,23.9500000000,22.6000000000,22.6500000000,15407385,355708176.0000,3.211178,-2.914700
2016-04-08,22.0000000000,22.4500000000,21.6200000000,22.3500000000,14802801,325054416.0000,3.085172,-1.324500
2016-04-11,22.3500000000,22.3500000000,22.3500000000,22.3500000000,0,0.0000,,0.000000
2016-04-12,22.3500000000,22.3500000000,22.3500000000,22.3500000000,0,0.0000,,0.000000
2016-04-13,22.3500000000,22.3500000000,22.3500000000,22.3500000000,0,0.0000,,0.000000
2016-04-14,22.3500000000,22.3500000000,22.3500000000,22.3500000000,0,0.0000,,0.000000
2016-04-15,22.3500000000,22.3500000000,22.3500000000,22.3500000000,0,0.0000,,0.000000
2016-04-18,22.3500000000,22.3500000000,22.3500000000,22.3500000000,0,0.0000,,0.000000
2016-04-19,22.3500000000,22.3500000000,22.3500000000,22.3500000000,0,0.0000,,0.000000
2016-04-20,22.3500000000,22.3500000000,22.3500000000,22.3500000000,0,0.0000,,0.000000
2016-04-21,22.3500000000,22.3500000000,22.3500000000,22.3500000000,0,0.0000,,0.000000
2016-04-22,22.3500000000,22.3500000000,22.3500000000,22.3500000000,0,0.0000,,0.000000
2016-04-25,22.3500000000,22.3500000000,22.3500000000,22.3500000000,0,0.0000,,0.000000
2016-04-26,22.3500000000,22.3500000000,22.3500000000,22.3500000000,0,0.0000,,0.000000
2016-04-27,22.3500000000,22.3500000000,22.3500000000,22.3500000000,0,0.0000,,0.000000
2016-04-28,22.3500000000,22.3500000000,22.3500000000,22.3500000000,0,0.0000,,0.000000
2016-04-29,22.3500000000,22.3500000000,22.3500000000,22.3500000000,0,0.0000,,0.000000
2016-05-03,22.3500000000,22.3500000000,22.3500000000,22.3500000000,0,0.0000,,0.000000
2016-05-04,22.3500000000,22.3500000000,22.3500000000,22.3500000000,0,0.0000,,0.000000
2016-05-05,22.3500000000,22.3500000000,22.3500000000,22.3500000000,0,0.0000,,0.000000
2016-05-06,22.3500000000,22.3500000000,22.3500000000,22.3500000000,0,0.0000,,0.000000
2016-05-09,22.3500000000,22.3500000000,22.3500000000,22.3500000000,0,0.0000,,0.000000
2016-05-10,22.3500000000,22.3500000000,22.3500000000,22.3500000000,0,0.0000,,0.000000
2016-05-11,22.3500000000,22.3500000000,22.3500000000,22.3500000000,0,0.0000,,0.000000
2016-05-12,22.3500000000,22.3500000000,22.3500000000,22.3500000000,0,0.0000,,0.000000
2016-05-13,22.3500000000,22.3500000000,22.3500000000,22.3500000000,0,0.0000,,0.000000
2016-05-16,22.3500000000,22.3500000000,22.3500000000,22.3500000000,0,0.0000,,0.000000
2016-05-17,22.3500000000,22.3500000000,22.3500000000,22.3500000000,0,0.0000,,0.000000
2016-05-18,22.3500000000,22.3500000000,22.3500000000,22.3500000000,0,0.0000,,0.000000
2016-05-19,22.3500000000,22.3500000000,22.3500000000,22.3500000000,0,0.0000,,0.000000
2016-05-20,22.3500000000,22.3500000000,22.3500000000,22.3500000000,0,0.0000,,0.000000
2016-05-23,22.3500000000,22.3500000000,22.3500000000,22.3500000000,0,0.0000,,0.000000
2016-05-24,22.3500000000,22.3500000000,22.3500000000,22.3500000000,0,0.0000,,0.000000
2016-05-25,22.3500000000,22.3500000000,22.3500000000,22.3500000000,0,0.0000,,0.000000
2016-05-26,22.3500000000,22.3500000000,22.3500000000,22.3500000000,0,0.0000,,0.000000
2016-05-27,22.3500000000,22.3500000000,22.3500000000,22.3500000000,0,0.0000,,0.000000
2016-05-30,22.3500000000,22.3500000000,22.3500000000,22.3500000000,0,0.0000,,0.000000
2016-05-31,22.3500000000,22.3500000000,22.3500000000,22.3500000000,0,0.0000,,0.000000
2016-06-01,22.3500000000,22.3500000000,22.3500000000,22.3500000000,0,0.0000,,0.000000
2016-06-02,22.3500000000,22.3500000000,22.3500000000,22.3500000000,0,0.0000,,0.000000
2016-06-03,22.3500000000,22.3500000000,22.3500000000,22.3500000000,0,0.0000,,0.000000
2016-06-06,22.3500000000,22.3500000000,22.3500000000,22.3500000000,0,0.0000,,0.000000
2016-06-07,22.3500000000,22.3500000000,22.3500000000,22.3500000000,0,0.0000,,0.000000
2016-06-08,22.3500000000,22.3500000000,22.3500000000,22.3500000000,0,0.0000,,0.000000
2016-06-13,22.3500000000,22.3500000000,22.3500000000,22.3500000000,0,0.0000,,0.000000
2016-06-14,22.3500000000,22.3500000000,22.3500000000,22.3500000000,0,0.0000,,0.000000
2016-06-15,22.3500000000,22.3500000000,22.3500000000,22.3500000000,0,0.0000,,0.000000
2016-06-16,22.3500000000,22.3500000000,22.3500000000,22.3500000000,0,0.0000,,0.000000
2016-06-17,22.3500000000,22.3500000000,22.3500000000,22.3500000000,0,0.0000,,0.000000
2016-06-20,22.3500000000,22.3500000000,22.3500000000,22.3500000000,0,0.0000,,0.000000
2016-06-21,22.3500000000,22.3500000000,22.3500000000,22.3500000000,0,0.0000,,0.000000
2016-06-22,22.3500000000,22.3500000000,22.3500000000,22.3500000000,0,0.0000,,0.000000
2016-06-23,22.3500000000,22.3500000000,22.3500000000,22.3500000000,0,0.0000,,0.000000
2016-06-24,22.3500000000,22.3500000000,22.3500000000,22.3500000000,0,0.0000,,0.000000
2016-06-27,22.3500000000,22.3500000000,22.3500000000,22.3500000000,0,0.0000,,0.000000
2016-06-28,22.3500000000,22.3500000000,22.3500000000,22.3500000000,0,0.0000,,0.000000
2016-06-29,22.3500000000,22.3500000000,22.3500000000,22.3500000000,0,0.0000,,0.000000
2016-06-30,22.3500000000,22.3500000000,22.3500000000,22.3500000000,0,0.0000,,0.000000
2016-07-01,22.3500000000,22.3500000000,22.3500000000,22.3500000000,0,0.0000,,0.000000
2016-07-04,22.3500000000,22.3500000000,22.3500000000,22.3500000000,0,0.0000,,0.000000
2016-07-05,22.3500000000,22.3500000000,22.3500000000,22.3500000000,0,0.0000,,0.000000
2016-07-06,22.3500000000,22.3500000000,22.3500000000,22.3500000000,0,0.0000,,0.000000
2016-07-07,22.3500000000,22.3500000000,22.3500000000,22.3500000000,0,0.0000,,0.000000
2016-07-08,22.3500000000,22.3500000000,22.3500000000,22.3500000000,0,0.0000,,0.000000
2016-07-11,22.3500000000,22.3500000000,22.3500000000,22.3500000000,0,0.0000,,0.000000
2016-07-12,22.3500000000,22.3500000000,22.3500000000,22.3500000000,0,0.0000,,0.000000
2016-07-13,22.3500000000,22.3500000000,22.3500000000,22.3500000000,0,0.0000,,0.000000
2016-07-14,22.3500000000,22.3500000000,22.3500000000,22.3500000000,0,0.0000,,0.000000
2016-07-15,22.3500000000,22.3500000000,22.3500000000,22.3500000000,0,0.0000,,0.000000
2016-07-18,22.3500000000,22.3500000000,22.3500000000,22.3500000000,0,0.0000,,0.000000
2016-07-19,22.3500000000,22.3500000000,22.3500000000,22.3500000000,0,0.0000,,0.000000
2016-07-20,22.3500000000,22.3500000000,22.3500000000,22.3500000000,0,0.0000,,0.000000
2016-07-21,22.3500000000,22.3500000000,22.3500000000,22.3500000000,0,0.0000,,0.000000
2016-07-22,22.3500000000,22.3500000000,22.3500000000,22.3500000000,0,0.0000,,0.000000
2016-07-25,22.3500000000,22.3500000000,22.3500000000,22.3500000000,0,0.0000,,0.000000
2016-07-26,22.3500000000,22.3500000000,22.3500000000,22.3500000000,0,0.0000,,0.000000
2016-07-27,22.3500000000,22.3500000000,22.3500000000,22.3500000000,0,0.0000,,0.000000
2016-07-28,22.3500000000,22.3500000000,22.3500000000,22.3500000000,0,0.0000,,0.000000
2016-07-29,22.3500000000,22.3500000000,22.3500000000,22.3500000000,0,0.0000,,0.000000
2016-08-01,22.3500000000,22.3500000000,22.3500000000,22.3500000000,0,0.0000,,0.000000
2016-08-02,22.3500000000,22.3500000000,22.3500000000,22.3500000000,0,0.0000,,0.000000
2016-08-03,22.3500000000,22.3500000000,22.3500000000,22.3500000000,0,0.0000,,0.000000
2016-08-04,22.3500000000,22.3500000000,22.3500000000,22.3500000000,0,0.0000,,0.000000
2016-08-05,22.3500000000,22.3500000000,22.3500000000,22.3500000000,0,0.0000,,0.000000
2016-08-08,22.3500000000,22.3500000000,22.3500000000,22.3500000000,0,0.0000,,0.000000
2016-08-09,22.3500000000,22.3500000000,22.3500000000,22.3500000000,0,0.0000,,0.000000
2016-08-10,22.3500000000,22.3500000000,22.3500000000,22.3500000000,0,0.0000,,0.000000
2016-08-11,22.3500000000,22.3500000000,22.3500000000,22.3500000000,0,0.0000,,0.000000
2016-08-12,22.3500000000,22.3500000000,22.3500000000,22.3500000000,0,0.0000,,0.000000
2016-08-15,22.3500000000,22.3500000000,22.3500000000,22.3500000000,0,0.0000,,0.000000
2016-08-16,22.3500000000,22.3500000000,22.3500000000,22.3500000000,0,0.0000,,0.000000
2016-08-17,22.3500000000,22.3500000000,22.3500000000,22.3500000000,0,0.0000,,0.000000
2016-08-18,22.3500000000,22.3500000000,22.3500000000,22.3500000000,0,0.0000,,0.000000
2016-08-19,22.3500000000,22.3500000000,22.3500000000,22.3500000000,0,0.0000,,0.000000
2016-08-22,22.3500000000,22.3500000000,22.3500000000,22.3500000000,0,0.0000,,0.000000
2016-08-23,22.3500000000,22.3500000000,22.3500000000,22.3500000000,0,0.0000,,0.000000
2016-08-24,22.3500000000,22.3500000000,22.3500000000,22.3500000000,0,0.0000,,0.000000
2016-08-25,22.3500000000,22.3500000000,22.3500000000,22.3500000000,0,0.0000,,0.000000
2016-08-26,22.3500000000,22.3500000000,22.3500000000,22.3500000000,0,0.0000,,0.000000
2016-08-29,22.3500000000,22.3500000000,22.3500000000,22.3500000000,0,0.0000,,0.000000
2016-08-30,22.3500000000,22.3500000000,22.3500000000,22.3500000000,0,0.0000,,0.000000
2016-08-31,22.3500000000,22.3500000000,22.3500000000,22.3500000000,0,0.0000,,0.000000
2016-09-01,22.3500000000,22.3500000000,22.3500000000,22.3500000000,0,0.0000,,0.000000
2016-09-02,22.3500000000,22.3500000000,22.3500000000,22.3500000000,0,0.0000,,0.000000
2016-09-05,22.3500000000,22.3500000000,22.3500000000,22.3500000000,0,0.0000,,0.000000
2016-09-06,22.3500000000,22.3500000000,22.3500000000,22.3500000000,0,0.0000,,0.000000
2016-09-07,22.3500000000,22.3500000000,22.3500000000,22.3500000000,0,0.0000,,0.000000
2016-09-08,22.3500000000,22.3500000000,22.3500000000,22.3500000000,0,0.0000,,0.000000
2016-09-09,22.3500000000,22.3500000000,22.3500000000,22.3500000000,0,0.0000,,0.000000
2016-09-12,22.3500000000,22.3500000000,22.3500000000,22.3500000000,0,0.0000,,0.000000
2016-09-13,20.1200000000,20.1200000000,20.1200000000,20.1200000000,6677700,134355324.0000,1.391753,-9.977626
2016-09-14,18.6100000000,19.5200000000,18.1100000000,18.2600000000,68223976,1254759216.0000,14.219111,-9.244535
2016-09-19,17.8100000000,18.3900000000,17.5000000000,18.3200000000,38208905,683854704.0000,7.963427,0.328584
2016-09-20,18.0700000000,18.2700000000,17.7000000000,17.8100000000,23491022,421631792.0000,4.895954,-2.783844
2016-09-21,17.8300000000,18.1000000000,17.5300000000,17.7900000000,17175042,306424800.0000,3.579589,-0.112288
2016-09-22,18.0000000000,18.5500000000,17.8100000000,18.2900000000,27050111,488907024.0000,5.637732,2.810568
2016-09-23,18.3100000000,20.1200000000,18.2500000000,20.1200000000,57675613,1111200224.0000,12.020641,10.005470
2016-09-26,20.1500000000,20.3200000000,19.0700000000,19.1900000000,37566703,731025920.0000,7.829581,-4.622268
2016-09-27,19.0100000000,19.4900000000,18.7000000000,19.0600000000,24042609,458638608.0000,5.010915,-0.677442
2016-09-28,19.0400000000,19.0400000000,18.1300000000,18.3700000000,22219107,410834016.0000,4.630864,-3.620140
2016-09-29,18.2100000000,18.9600000000,18.2100000000,18.8100000000,18773493,349659008.0000,3.912736,2.395202
2016-09-30,18.7000000000,18.8600000000,18.3600000000,18.5400000000,13451901,250314021.0000,2.803620,-1.435399
2016-10-10,18.7600000000,19.3900000000,18.3000000000,19.2700000000,20439261,386008592.0000,4.259912,3.937430
2016-10-11,19.0800000000,19.6400000000,19.0300000000,19.3000000000,20911112,404024048.0000,4.358254,0.155676
2016-10-12,19.1500000000,19.1500000000,18.5800000000,18.7600000000,18671070,351551856.0000,3.891389,-2.797923
2016-10-13,18.8300000000,19.2600000000,18.6000000000,18.8700000000,16831943,320188128.0000,3.508081,0.586357
2016-10-14,18.7500000000,18.8500000000,18.2200000000,18.5000000000,16686104,307663280.0000,3.477686,-1.960789
2016-10-17,18.4000000000,18.8000000000,18.1100000000,18.3000000000,12499691,230889453.0000,2.605162,-1.081085
2016-10-18,18.3000000000,18.4500000000,18.0400000000,18.4100000000,12161755,222131438.0000,2.534730,0.601096
2016-10-19,18.5000000000,18.5300000000,18.1700000000,18.3400000000,10265560,188249642.0000,2.139528,-0.380227
2016-10-20,18.4500000000,18.9900000000,18.3700000000,18.9600000000,15228448,283332656.0000,3.173884,3.380583
2016-10-21,18.9100000000,18.9100000000,18.2400000000,18.5500000000,13918232,258618710.0000,2.900811,-2.162447
2016-10-24,18.4500000000,19.0700000000,18.3400000000,18.6700000000,19538143,366797440.0000,4.072102,0.646905
2016-10-25,18.6700000000,18.8500000000,18.5100000000,18.6700000000,10819054,201529307.0000,2.254887,0.000000
2016-10-26,18.6000000000,18.7400000000,18.3200000000,18.3900000000,9989136,184147472.0000,2.081917,-1.499736
2016-10-27,18.5300000000,18.8700000000,18.4000000000,18.5600000000,12546061,233819785.0000,2.614826,0.924416
2016-10-28,18.6100000000,18.6100000000,18.1500000000,18.1800000000,11838654,216979937.0000,2.467390,-2.047409
2016-10-31,18.2600000000,18.3500000000,18.0000000000,18.2100000000,7047263,128370597.0000,1.468777,0.165010
2016-11-01,18.2100000000,18.3700000000,18.0700000000,18.3100000000,8323827,151692050.0000,1.734836,0.549151
2016-11-02,18.4900000000,18.5000000000,18.1500000000,18.1900000000,8393004,153563533.0000,1.749254,-0.655374
2016-11-03,18.1700000000,18.2700000000,17.8400000000,18.0800000000,11573415,208939132.0000,2.412109,-0.604731
2016-11-04,18.0200000000,19.2000000000,18.0000000000,18.7000000000,26716326,501236176.0000,5.568166,3.429208
2016-11-07,18.5100000000,18.6600000000,18.2800000000,18.4100000000,10905610,200778019.0000,2.272926,-1.550807
2016-11-08,18.4100000000,18.5300000000,18.1700000000,18.3900000000,8688324,158827152.0000,1.810804,-0.108639
2016-11-09,18.3100000000,18.9000000000,18.0000000000,18.4800000000,17723446,327009312.0000,3.693887,0.489397
2016-11-10,18.5100000000,18.9900000000,18.5000000000,18.7700000000,16540519,310135280.0000,3.447343,1.569269
2016-11-11,18.7000000000,20.3800000000,18.6800000000,19.5500000000,34244079,670479968.0000,7.137086,4.155561
2016-11-14,19.4500000000,20.1500000000,19.3000000000,19.4500000000,18851767,370417824.0000,3.929049,-0.511501
2016-11-15,19.3000000000,19.6200000000,19.0800000000,19.4000000000,15180795,292904160.0000,3.163952,-0.257075
2016-11-16,19.4000000000,19.9800000000,19.3600000000,19.5900000000,15165926,298864400.0000,3.160853,0.979384
2016-11-17,19.6200000000,19.6200000000,19.0100000000,19.1900000000,11600388,222992883.0000,2.417731,-2.041856
2016-11-18,19.2000000000,19.2000000000,18.9200000000,18.9600000000,8011665,152647938.0000,1.669776,-1.198548
2016-11-21,18.9000000000,19.1700000000,18.7900000000,18.9500000000,6766910,128188038.0000,1.410346,-0.052734
2016-11-22,19.0400000000,19.0900000000,18.7500000000,19.0300000000,9362657,176988007.0000,1.951347,0.422163
2016-11-23,19.0300000000,19.0300000000,18.7100000000,18.7300000000,9886654,186030536.0000,2.060558,-1.576464
2016-11-24,18.5000000000,18.8000000000,18.3000000000,18.3300000000,10233099,189387897.0000,2.132763,-2.135609
2016-11-25,18.3600000000,18.4700000000,17.9900000000,18.3800000000,9034196,164430030.0000,1.882890,0.272773
2016-11-28,18.3800000000,18.3800000000,18.3800000000,18.3800000000,0,0.0000,,0.000000
2016-11-29,18.3800000000,18.3800000000,18.3800000000,18.3800000000,0,0.0000,,0.000000
2016-11-30,18.3800000000,18.3800000000,18.3800000000,18.3800000000,0,0.0000,,0.000000
2016-12-01,18.3800000000,18.3800000000,18.3800000000,18.3800000000,0,0.0000,,0.000000
2016-12-02,18.3800000000,18.3800000000,18.3800000000,18.3800000000,0,0.0000,,0.000000
2016-12-05,18.3800000000,18.3800000000,18.3800000000,18.3800000000,0,0.0000,,0.000000
2016-12-06,18.3800000000,18.3800000000,18.3800000000,18.3800000000,0,0.0000,,0.000000
2016-12-07,18.3800000000,18.3800000000,18.3800000000,18.3800000000,0,0.0000,,0.000000
2016-12-08,18.3800000000,18.3800000000,18.3800000000,18.3800000000,0,0.0000,,0.000000
2016-12-09,18.3800000000,18.3800000000,18.3800000000,18.3800000000,0,0.0000,,0.000000
2016-12-12,18.3800000000,18.3800000000,18.3800000000,18.3800000000,0,0.0000,,0.000000
2016-12-13,18.3800000000,18.3800000000,18.3800000000,18.3800000000,0,0.0000,,0.000000
2016-12-14,18.3800000000,18.3800000000,18.3800000000,18.3800000000,0,0.0000,,0.000000
2016-12-15,18.3800000000,18.3800000000,18.3800000000,18.3800000000,0,0.0000,,0.000000
2016-12-16,18.3800000000,18.3800000000,18.3800000000,18.3800000000,0,0.0000,,0.000000
2016-12-19,18.3800000000,18.3800000000,18.3800000000,18.3800000000,0,0.0000,,0.000000
2016-12-20,18.3800000000,18.3800000000,18.3800000000,18.3800000000,0,0.0000,,0.000000
2016-12-21,18.3800000000,18.3800000000,18.3800000000,18.3800000000,0,0.0000,,0.000000
2016-12-22,18.3800000000,18.3800000000,18.3800000000,18.3800000000,0,0.0000,,0.000000
2016-12-23,18.3800000000,18.3800000000,18.3800000000,18.3800000000,0,0.0000,,0.000000
2016-12-26,18.3800000000,18.3800000000,18.3800000000,18.3800000000,0,0.0000,,0.000000
2016-12-27,18.3800000000,18.3800000000,18.3800000000,18.3800000000,0,0.0000,,0.000000
2016-12-28,18.3800000000,18.3800000000,18.3800000000,18.3800000000,0,0.0000,,0.000000
2016-12-29,18.3800000000,18.3800000000,18.3800000000,18.3800000000,0,0.0000,,0.000000
2016-12-30,18.3800000000,18.3800000000,18.3800000000,18.3800000000,0,0.0000,,0.000000
2017-01-03,18.3800000000,18.3800000000,18.3800000000,18.3800000000,0,0.0000,,0.000000
2017-01-04,18.3800000000,18.3800000000,18.3800000000,18.3800000000,0,0.0000,,0.000000
2017-01-05,18.3800000000,18.3800000000,18.3800000000,18.3800000000,0,0.0000,,0.000000
2017-01-06,18.3800000000,18.3800000000,18.3800000000,18.3800000000,0,0.0000,,0.000000
2017-01-09,18.3800000000,18.3800000000,18.3800000000,18.3800000000,0,0.0000,,0.000000
2017-01-10,18.3800000000,18.3800000000,18.3800000000,18.3800000000,0,0.0000,,0.000000
2017-01-11,18.3800000000,18.3800000000,18.3800000000,18.3800000000,0,0.0000,,0.000000
2017-01-12,20.2200000000,20.2200000000,20.2200000000,20.2200000000,2537968,51317713.0000,0.528958,10.010880
2017-01-13,22.2400000000,22.2400000000,20.8000000000,22.2400000000,105186105,2284095872.0000,21.922687,9.990111
2017-01-16,20.9000000000,24.4000000000,20.6100000000,23.0900000000,95882432,2191661680.0000,19.983633,3.821944
2017-01-17,22.6600000000,25.0000000000,22.0800000000,23.9400000000,83449443,1999537936.0000,17.392374,3.681249
2017-01-18,23.7500000000,24.3500000000,22.7300000000,23.1600000000,64006199,1493661696.0000,13.340050,-3.258148
2017-01-19,22.8400000000,23.7500000000,22.1500000000,22.1700000000,56849701,1295014592.0000,11.848506,-4.274611
2017-01-20,21.6600000000,22.8500000000,21.3600000000,22.2300000000,51898005,1145170208.0000,10.816483,0.270634
2017-01-23,21.9200000000,22.2900000000,21.5500000000,21.9400000000,35636626,781050208.0000,7.427318,-1.304539
2017-01-24,22.1300000000,22.2500000000,20.9400000000,21.0300000000,37537979,801004224.0000,7.823594,-4.147675
2017-01-25,20.9800000000,21.5900000000,20.7000000000,21.2100000000,29488820,628171472.0000,6.146004,0.855912
2017-01-26,21.5000000000,21.5200000000,20.6800000000,20.9300000000,21441212,449609824.0000,4.468736,-1.320126
2017-02-03,20.0100000000,20.4800000000,19.3800000000,19.7000000000,33731314,668022624.0000,7.030216,-5.876729
2017-02-06,19.7000000000,20.4400000000,19.5000000000,20.2300000000,26899908,538450112.0000,5.606427,2.690349
2017-02-07,20.0100000000,20.1900000000,19.8200000000,20.1300000000,19891934,397707488.0000,4.145839,-0.494317
2017-02-08,20.1300000000,20.1300000000,20.1300000000,20.1300000000,0,0.0000,,0.000000
2017-02-09,20.1300000000,20.1300000000,20.1300000000,20.1300000000,0,0.0000,,0.000000
2017-02-10,20.1300000000,20.1300000000,20.1300000000,20.1300000000,0,0.0000,,0.000000
2017-02-13,20.1300000000,20.1300000000,20.1300000000,20.1300000000,0,0.0000,,0.000000
2017-02-14,20.1300000000,20.1300000000,20.1300000000,20.1300000000,0,0.0000,,0.000000
2017-02-15,20.1300000000,20.1300000000,20.1300000000,20.1300000000,0,0.0000,,0.000000
2017-02-16,18.1200000000,19.6700000000,18.1200000000,18.4200000000,65239691,1215567200.0000,13.597132,-8.494780
2017-02-17,18.0000000000,18.3200000000,17.0700000000,17.1500000000,64861408,1138451776.0000,13.518291,-6.894682
2017-02-20,16.8900000000,16.8900000000,16.3800000000,16.7300000000,36284773,603619968.0000,7.562403,-2.448980
2017-02-21,16.7500000000,17.1600000000,16.6000000000,17.0500000000,30984500,526154000.0000,6.457730,1.912730
2017-02-22,17.0400000000,17.0400000000,16.7300000000,16.8400000000,25103513,422102448.0000,5.232026,-1.231666
2017-02-23,16.8600000000,17.0800000000,16.7600000000,16.9800000000,22483498,379820608.0000,4.685968,0.831350
2017-02-24,16.9900000000,16.9900000000,16.7800000000,16.8700000000,17411544,293563088.0000,3.628881,-0.647813
2017-02-27,16.8700000000,16.8700000000,16.8700000000,16.8700000000,0,0.0000,,0.000000
2017-02-28,15.1800000000,15.8800000000,15.1800000000,15.1800000000,79932832,1225050864.0000,16.659448,-10.017790
2017-03-01,14.7000000000,16.5000000000,14.1000000000,16.2000000000,96168075,1470695040.0000,20.043167,6.719370
2017-03-02,15.5300000000,15.9300000000,15.3700000000,15.4600000000,57315562,897499792.0000,11.945600,-4.567905
2017-03-03,15.3900000000,15.9300000000,15.0000000000,15.5600000000,36880155,573187280.0000,7.686491,0.646833
2017-03-06,15.3900000000,15.6700000000,15.1700000000,15.4200000000,27745089,426578752.0000,5.782578,-0.899745
2017-03-07,15.4200000000,15.5700000000,15.3200000000,15.4600000000,21238697,327780688.0000,4.426529,0.259403
2017-03-08,15.5000000000,15.5700000000,15.1800000000,15.3200000000,20770601,318396304.0000,4.328969,-0.905565
2017-03-09,15.2800000000,15.2800000000,15.0000000000,15.0500000000,20115495,303453440.0000,4.192433,-1.762399
2017-03-10,15.1600000000,15.7300000000,15.0400000000,15.5800000000,40725483,628798224.0000,8.487927,3.521593
2017-03-13,15.4700000000,15.8400000000,15.1400000000,15.6200000000,29201958,452574864.0000,6.086216,0.256739
2017-03-14,15.5100000000,15.7900000000,15.4000000000,15.5500000000,26371162,410918032.0000,5.496227,-0.448141
2017-03-15,15.5300000000,15.6700000000,15.3200000000,15.5100000000,18023209,279649856.0000,3.756363,-0.257234
2017-03-16,15.5500000000,15.6500000000,15.5000000000,15.5900000000,22186207,345149584.0000,4.624007,0.515796
2017-03-17,15.6500000000,15.6500000000,15.3900000000,15.4200000000,22188011,345016416.0000,4.624383,-1.090443
2017-03-20,15.3300000000,15.3700000000,15.1000000000,15.2400000000,17253513,262313205.0000,3.595944,-1.167317
2017-03-21,15.2500000000,15.3200000000,15.1500000000,15.1900000000,13308963,202324750.0000,2.773829,-0.328085
2017-03-22,15.0600000000,15.1400000000,14.7200000000,14.8000000000,22267905,331527632.0000,4.641034,-2.567475
2017-03-23,14.8000000000,14.8800000000,14.4200000000,14.6200000000,19620163,287844144.0000,4.089197,-1.216218
2017-03-24,14.6000000000,14.7200000000,14.5200000000,14.7100000000,12332574,180471247.0000,2.570332,0.615596
2017-03-27,14.7500000000,15.4500000000,14.5600000000,15.2300000000,30939867,465862688.0000,6.448428,3.535007
2017-03-28,15.0800000000,15.1200000000,14.8600000000,14.8700000000,17920398,268036124.0000,3.734935,-2.363754
2017-03-29,14.8500000000,14.8600000000,14.5200000000,14.5900000000,16501388,241529221.0000,3.439188,-1.882984
2017-03-30,14.4100000000,14.4200000000,13.7800000000,13.8000000000,25190322,354344784.0000,5.250119,-5.414667
2017-03-31,13.7500000000,13.8900000000,13.7100000000,13.8000000000,11424950,157599690.0000,2.381166,0.000000
2017-04-05,13.2100000000,13.7600000000,12.6700000000,13.4700000000,26736129,354063328.0000,5.572293,-2.391304
2017-04-06,13.3000000000,13.7800000000,13.2200000000,13.5200000000,18660320,252953813.0000,3.889148,0.371197
2017-04-07,13.5000000000,13.6200000000,13.3600000000,13.4100000000,13173075,177382348.0000,2.745507,-0.813614
2017-04-10,13.2000000000,13.2000000000,12.6800000000,12.7200000000,22249461,287036848.0000,4.637190,-5.145411
2017-04-11,12.7000000000,12.8500000000,12.4500000000,12.7800000000,16296260,206424352.0000,3.396435,0.471694
2017-04-12,12.8600000000,12.9400000000,12.6200000000,12.6700000000,13345016,170626549.0000,2.781343,-0.860717
2017-04-13,12.7000000000,12.7600000000,12.5100000000,12.5700000000,10968705,138184311.0000,2.286077,-0.789269
2017-04-14,12.6200000000,12.6500000000,12.2900000000,12.3000000000,12386780,154033744.0000,2.581629,-2.147968
2017-04-17,12.1900000000,12.3000000000,11.7000000000,11.7200000000,16309558,194256009.0000,3.399207,-4.715446
2017-04-18,11.7000000000,11.8000000000,11.2800000000,11.3000000000,14347045,165816859.0000,2.990184,-3.583618
2017-04-19,11.2000000000,12.2300000000,11.0500000000,11.9800000000,28351037,330109200.0000,5.908869,6.017693
2017-04-20,11.8600000000,11.9500000000,11.5100000000,11.5900000000,16558193,193988923.0000,3.451027,-3.255421
2017-04-21,11.6100000000,11.7300000000,11.2100000000,11.2400000000,10541720,120459018.0000,2.197085,-3.019848
2017-04-24,11.2700000000,11.3000000000,10.8200000000,11.0000000000,11459862,125835572.0000,2.388443,-2.135229
2017-04-25,11.1000000000,11.3700000000,11.0000000000,11.1400000000,11344971,126809608.0000,2.364497,1.272730
2017-04-26,11.1300000000,11.5500000000,11.0600000000,11.4400000000,15017781,169343413.0000,3.129977,2.692991
2017-04-27,11.3300000000,12.0000000000,11.0800000000,11.8000000000,23040123,266496978.0000,4.801978,3.146858
2017-04-28,11.7000000000,11.9300000000,11.6000000000,11.8400000000,12592084,148495419.0000,2.624418,0.338983
2017-05-02,11.8000000000,11.8100000000,11.6200000000,11.7100000000,7810372,91446241.0000,1.627823,-1.097974
2017-05-03,11.6900000000,11.8300000000,11.4600000000,11.7500000000,11677051,135853121.0000,2.433709,0.341588
2017-05-04,11.6400000000,11.7200000000,11.4700000000,11.5200000000,8678465,100565815.0000,1.808749,-1.957443
2017-05-05,11.4000000000,11.4600000000,11.2200000000,11.2600000000,8718207,99094290.0000,1.817032,-2.256946
2017-05-08,11.2000000000,11.4400000000,10.9800000000,11.1200000000,10233346,114589999.0000,2.132814,-1.243342
2017-05-09,11.0800000000,11.3400000000,10.9600000000,11.2700000000,9043942,100873888.0000,1.884921,1.348926
2017-05-10,11.2700000000,11.3500000000,10.7200000000,10.7300000000,12074977,133594335.0000,2.516644,-4.791490
2017-05-11,10.6000000000,10.6300000000,9.9100000000,10.3500000000,17945212,184722045.0000,3.740107,-3.541465
2017-05-12,10.3200000000,10.3800000000,10.1100000000,10.1900000000,8807211,90124695.0000,1.835582,-1.545901
2017-05-15,10.2300000000,10.2900000000,10.1000000000,10.1200000000,6467520,65901689.0000,1.347948,-0.686945
2017-05-16,10.1200000000,10.5100000000,9.9300000000,10.4900000000,14456299,148119661.0000,3.012954,3.656126
2017-05-17,10.4600000000,10.6900000000,10.3900000000,10.4900000000,11231125,118303199.0000,2.340770,0.000000
2017-05-18,10.3800000000,10.6000000000,10.3300000000,10.5300000000,8905249,93381326.0000,1.856015,0.381315
2017-05-19,10.5600000000,10.5800000000,10.4000000000,10.4800000000,7325324,76855337.0000,1.526730,-0.474836
2017-05-22,10.4500000000,10.5000000000,9.8900000000,9.9400000000,12362194,125885307.0000,2.576505,-5.152672
2017-05-23,9.8200000000,9.9400000000,9.2600000000,9.2800000000,13587522,130774950.0000,2.831885,-6.639837
2017-05-24,9.2000000000,9.4400000000,9.1000000000,9.4000000000,10285406,95724918.0000,2.143665,1.293102
2017-05-25,9.4000000000,9.5600000000,9.2000000000,9.5000000000,9502058,89409934.0000,1.980401,1.063834
2017-05-26,9.4300000000,9.5900000000,9.4100000000,9.4900000000,6277395,59700050.0000,1.308323,-0.105266
2017-05-31,9.6100000000,9.7200000000,9.4100000000,9.4200000000,7059759,67576171.0000,1.471381,-0.737615
2017-06-01,9.3600000000,9.6500000000,9.1300000000,9.1500000000,10249124,96374870.0000,2.136103,-2.866247
2017-06-02,9.0000000000,9.2900000000,8.8500000000,9.2300000000,10261258,93209147.0000,2.138632,0.874316
2017-06-05,9.2800000000,9.5000000000,9.2100000000,9.4100000000,9102358,85390209.0000,1.897096,1.950166
2017-06-06,9.3600000000,9.6800000000,9.3400000000,9.6600000000,12594530,120560267.0000,2.624928,2.656748
2017-06-07,9.6100000000,9.8500000000,9.5800000000,9.7700000000,15198053,147716452.0000,3.167549,1.138723
2017-06-08,9.7600000000,10.7500000000,9.7300000000,10.7500000000,36903502,382329776.0000,7.691357,10.030700
2017-06-09,10.7400000000,10.8800000000,10.3000000000,10.5200000000,32007701,338570720.0000,6.670984,-2.139531
2017-06-12,10.4000000000,10.4000000000,10.0400000000,10.2500000000,16416888,167895846.0000,3.421576,-2.566544
2017-06-13,10.2700000000,10.8700000000,10.1200000000,10.7400000000,28200638,300028880.0000,5.877523,4.780486
2017-06-14,10.7300000000,10.7300000000,10.4700000000,10.5800000000,15035965,158978733.0000,3.133767,-1.489757
2017-06-15,10.6000000000,10.8700000000,10.5300000000,10.6900000000,17381820,186335953.0000,3.622686,1.039694
2017-06-16,10.6700000000,10.6700000000,10.3200000000,10.4100000000,15636496,163931109.0000,3.258929,-2.619268
2017-06-19,10.4600000000,10.7800000000,10.3400000000,10.6100000000,14746960,155861741.0000,3.073533,1.921228
2017-06-20,10.5400000000,10.6500000000,10.4200000000,10.4700000000,11189063,117772374.0000,2.332003,-1.319504
2017-06-21,10.5400000000,10.5400000000,10.2500000000,10.3700000000,11358051,117482646.0000,2.367223,-0.955113
2017-06-22,10.3600000000,10.3700000000,10.0100000000,10.0300000000,9785018,100079429.0000,2.039375,-3.278690
2017-06-23,10.0300000000,10.1700000000,9.8100000000,10.0400000000,9905470,99090005.0000,2.064479,0.099703
2017-06-26,10.0400000000,10.1200000000,9.9300000000,10.1200000000,7314572,73633156.0000,1.524489,0.796812
2017-06-27,10.0900000000,10.2700000000,10.0800000000,10.2000000000,8016710,81714852.0000,1.670827,0.790513
2017-06-28,10.1600000000,10.1800000000,9.9600000000,10.0000000000,7128160,71522570.0000,1.485637,-1.960783
2017-06-29,10.0600000000,10.1500000000,10.0000000000,10.0200000000,6347399,63925839.0000,1.322913,0.200005
2017-06-30,9.9700000000,10.0400000000,9.8600000000,9.9900000000,6610058,65712531.0000,1.377656,-0.299408
2017-07-03,9.9800000000,10.2600000000,9.9300000000,10.1800000000,7687647,77976947.0000,1.602245,1.901907
2017-07-04,10.2000000000,10.2200000000,10.0300000000,10.0900000000,6258402,63255409.0000,1.304364,-0.884088
2017-07-05,10.1000000000,10.1800000000,10.0500000000,10.1700000000,6275695,63589971.0000,1.307968,0.792864
2017-07-06,10.1900000000,10.1900000000,10.0600000000,10.1300000000,7342610,74289373.0000,1.530333,-0.393313
2017-07-07,10.1600000000,10.3200000000,10.1200000000,10.3100000000,13297171,135977264.0000,2.771371,1.776903
2017-07-10,10.3000000000,10.3200000000,10.0600000000,10.1200000000,8786925,89285565.0000,1.831354,-1.842876
2017-07-11,10.0900000000,10.1600000000,9.9800000000,9.9900000000,8810085,88691361.0000,1.836181,-1.284586
2017-07-12,9.9900000000,10.0300000000,9.7700000000,9.8600000000,8711124,85918003.0000,1.815556,-1.301302
2017-07-13,9.8600000000,9.9200000000,9.8000000000,9.8700000000,4693947,46281082.0000,0.978303,0.101422
2017-07-14,9.8900000000,9.9700000000,9.8200000000,9.8500000000,4255482,42049669.0000,0.886919,-0.202629
2017-07-17,9.8000000000,9.8300000000,8.8700000000,8.9300000000,13961680,128130496.0000,2.909867,-9.340102
2017-07-18,8.9100000000,9.1000000000,8.8000000000,9.0800000000,6836677,61351410.0000,1.424887,1.679727
2017-07-19,9.0800000000,9.2100000000,8.9500000000,9.1900000000,7503714,68239423.0000,1.563910,1.211450
2017-07-20,9.1500000000,9.2400000000,9.1100000000,9.1200000000,7429451,68142285.0000,1.548432,-0.761694
2017-07-21,9.0700000000,9.1600000000,9.0000000000,9.0300000000,6115460,55483719.0000,1.274572,-0.986844
2017-07-24,9.0000000000,9.0700000000,8.9500000000,9.0500000000,4684445,42205343.0000,0.976323,0.221489
2017-07-25,9.0300000000,9.2200000000,9.0100000000,9.1400000000,6809832,62148442.0000,1.419292,0.994477
2017-07-26,9.1400000000,9.1900000000,9.0000000000,9.0400000000,5976412,54146820.0000,1.245592,-1.094096
2017-07-27,9.0400000000,9.6000000000,8.9800000000,9.5800000000,16167055,150860186.0000,3.369507,5.973451
2017-07-28,9.5100000000,9.5600000000,9.3700000000,9.4100000000,8253902,77926981.0000,1.720262,-1.774531
2017-07-31,9.4100000000,9.4100000000,9.4100000000,9.4100000000,0,0.0000,,0.000000
2017-08-01,9.4100000000,9.4100000000,9.4100000000,9.4100000000,0,0.0000,,0.000000
2017-08-02,9.4100000000,9.4100000000,9.4100000000,9.4100000000,0,0.0000,,0.000000
2017-08-03,9.4100000000,9.4100000000,9.4100000000,9.4100000000,0,0.0000,,0.000000
2017-08-04,9.4100000000,9.4100000000,9.4100000000,9.4100000000,0,0.0000,,0.000000
2017-08-07,10.3500000000,10.3500000000,10.0900000000,10.3500000000,21130896,217632861.0000,4.404061,9.989379
2017-08-08,10.6500000000,11.3900000000,10.5100000000,11.3600000000,55969582,620488160.0000,11.665073,9.758447
2017-08-09,11.0900000000,11.0900000000,10.7500000000,10.8800000000,32590166,355689264.0000,6.792380,-4.225348
2017-08-10,10.7200000000,10.8500000000,10.5300000000,10.7600000000,21160320,225444781.0000,4.410193,-1.102940
2017-08-11,10.5600000000,10.5800000000,10.2100000000,10.2600000000,17180477,178301684.0000,3.580722,-4.646840
2017-08-14,10.3500000000,10.4800000000,10.2600000000,10.4100000000,10889599,113003074.0000,2.269589,1.461985
2017-08-15,10.3500000000,10.6800000000,10.2600000000,10.6600000000,17414061,182553875.0000,3.629405,2.401537
2017-08-16,10.6000000000,10.7800000000,10.5100000000,10.5600000000,12605772,133712954.0000,2.627271,-0.938081
2017-08-17,10.5400000000,10.5900000000,10.3700000000,10.5000000000,11061597,115818259.0000,2.305437,-0.568186
2017-08-18,10.4000000000,10.4600000000,10.3500000000,10.3900000000,7511802,78089973.0000,1.565595,-1.047616
2017-08-21,10.3400000000,10.7500000000,10.3400000000,10.5900000000,13240867,140652786.0000,2.759636,1.924926
2017-08-22,10.5800000000,10.6000000000,10.3600000000,10.4000000000,7824238,81657158.0000,1.630713,-1.794150
2017-08-23,10.3500000000,10.4700000000,10.3300000000,10.3600000000,5235059,54330316.0000,1.091081,-0.384615
2017-08-24,10.3600000000,10.3800000000,10.1500000000,10.1800000000,6490702,66511329.0000,1.352780,-1.737446
2017-08-25,10.1500000000,10.2900000000,10.1300000000,10.2500000000,5567257,56891410.0000,1.160317,0.687620
2017-08-28,10.3200000000,10.4000000000,10.2800000000,10.3200000000,6534543,67546497.0000,1.361917,0.682924
2017-08-29,10.4300000000,10.7200000000,10.4200000000,10.5100000000,12052765,127277283.0000,2.512014,1.841090
2017-08-30,10.4200000000,10.5000000000,10.3500000000,10.3700000000,7374040,76582153.0000,1.536883,-1.332068
2017-08-31,10.3800000000,10.5400000000,10.3100000000,10.4000000000,6415891,66915700.0000,1.337188,0.289293
2017-09-01,10.4300000000,10.4800000000,10.3200000000,10.3600000000,5593169,57930268.0000,1.165718,-0.384615
2017-09-04,10.3300000000,10.3600000000,10.2100000000,10.2400000000,7387960,75708949.0000,1.539785,-1.158300
2017-09-05,10.2500000000,10.4700000000,10.2400000000,10.4200000000,8798393,91247025.0000,1.833744,1.757815
2017-09-06,10.4300000000,10.4400000000,10.2900000000,10.3900000000,6318562,65377459.0000,1.316903,-0.287905
2017-09-07,10.4200000000,10.8400000000,10.3400000000,10.7400000000,23058039,245722781.0000,4.805712,3.368618
2017-09-08,10.6700000000,11.0400000000,10.6200000000,10.7300000000,16716893,180813282.0000,3.484103,-0.093112
2017-09-11,10.7700000000,10.9300000000,10.6000000000,10.8900000000,10990258,118642201.0000,2.290569,1.491154
2017-09-12,10.8900000000,10.9700000000,10.7200000000,10.7800000000,11079549,119676177.0000,2.309178,-1.010107
2017-09-13,10.7700000000,10.7700000000,10.5600000000,10.6300000000,8435284,89585684.0000,1.758066,-1.391462
2017-09-14,10.6100000000,10.6700000000,10.5000000000,10.5400000000,6220502,65697758.0000,1.296465,-0.846662
2017-09-15,10.5800000000,10.6000000000,10.4100000000,10.4500000000,6489702,68182998.0000,1.352571,-0.853891
2017-09-18,10.3800000000,10.5400000000,10.3800000000,10.5000000000,4130795,43263275.0000,0.860932,0.478471
2017-09-19,10.5000000000,10.7800000000,10.4200000000,10.7400000000,11090757,117889972.0000,2.311514,2.285712
2017-09-20,10.7000000000,10.9300000000,10.6200000000,10.8200000000,12534757,135314529.0000,2.612470,0.744878
2017-09-21,10.9000000000,11.2000000000,10.8000000000,10.8000000000,20244140,222777492.0000,4.219245,-0.184838
2017-09-22,10.7100000000,10.7900000000,10.5500000000,10.7500000000,9371474,99874525.0000,1.953185,-0.462965
2017-09-25,10.7000000000,11.2600000000,10.7000000000,11.1700000000,22829167,252776691.0000,4.758011,3.906978
2017-09-26,11.2200000000,11.2800000000,10.6900000000,10.7600000000,16417821,178840969.0000,3.421771,-3.670545
2017-09-27,10.6800000000,10.8700000000,10.2300000000,10.3500000000,17858780,187929067.0000,3.722093,-3.810408
2017-09-28,10.3800000000,10.4200000000,10.0800000000,10.1900000000,12067827,123031884.0000,2.515153,-1.545901
2017-09-29,9.9700000000,10.1600000000,9.9600000000,10.0900000000,7433747,74864927.0000,1.549327,-0.981349
2017-10-09,10.0900000000,10.3200000000,10.0900000000,10.2200000000,5643480,57710855.0000,1.176203,1.288405
2017-10-10,10.1800000000,10.3300000000,10.1800000000,10.3200000000,5591456,57461658.0000,1.165361,0.978468
2017-10-11,10.3100000000,10.3900000000,10.2400000000,10.2600000000,6153402,63495527.0000,1.282480,-0.581390
2017-10-12,10.2300000000,10.2300000000,10.0500000000,10.1800000000,5960929,60479819.0000,1.242365,-0.779726
2017-10-13,10.2000000000,10.2500000000,10.1400000000,10.2200000000,3832792,39090123.0000,0.798823,0.392927
2017-10-16,9.9500000000,9.9500000000,9.2900000000,9.5200000000,15449711,148554557.0000,3.219999,-6.849313
2017-10-17,9.4800000000,9.5700000000,9.4100000000,9.5400000000,5678586,53996816.0000,1.183520,0.210079
2017-10-18,9.5100000000,9.5800000000,9.4500000000,9.4600000000,3780740,36008307.0000,0.787975,-0.838574
2017-10-19,9.4800000000,9.5200000000,9.3100000000,9.3100000000,4227640,39618167.0000,0.881117,-1.585620
2017-10-20,9.3000000000,9.5200000000,9.3000000000,9.4900000000,2885572,27217886.0000,0.601405,1.933398
2017-10-23,9.5500000000,9.5800000000,9.4500000000,9.4900000000,2227652,21133920.0000,0.464283,0.000000
2017-10-24,9.6400000000,9.6800000000,9.4400000000,9.5500000000,3477822,33206284.0000,0.724841,0.632249
2017-10-25,9.5100000000,9.5800000000,9.4800000000,9.5400000000,2443065,23287401.0000,0.509179,-0.104714
2017-10-26,9.5200000000,9.6000000000,9.4700000000,9.5500000000,3616140,34559191.0000,0.753669,0.104824
2017-10-27,9.5600000000,9.5800000000,9.3800000000,9.4200000000,3149782,29850053.0000,0.656472,-1.361258
2017-10-30,9.4700000000,9.4700000000,9.0200000000,9.0800000000,7209189,66042345.0000,1.502525,-3.609343
2017-10-31,9.1100000000,9.1900000000,9.0800000000,9.1600000000,2497243,22789035.0000,0.520471,0.881056
2017-11-01,9.1600000000,9.2700000000,9.0100000000,9.2300000000,4106940,37568503.0000,0.855961,0.764189
2017-11-02,9.1700000000,9.1900000000,9.0800000000,9.1400000000,3665045,33454540.0000,0.763862,-0.975073
2017-11-03,9.1400000000,9.7900000000,9.0900000000,9.3400000000,7685996,72182211.0000,1.601901,2.188182
2017-11-06,9.3200000000,9.6500000000,9.2100000000,9.5200000000,7595860,72027607.0000,1.583115,1.927198
2017-11-07,9.5200000000,9.6500000000,9.4300000000,9.4700000000,4848903,46103746.0000,1.010599,-0.525212
2017-11-08,9.4700000000,9.6500000000,9.3200000000,9.3700000000,7580540,72071015.0000,1.579922,-1.055970
2017-11-09,9.3400000000,9.5600000000,9.2600000000,9.3200000000,6860604,64437768.0000,1.429874,-0.533620
2017-11-10,9.2700000000,10.2500000000,9.2700000000,9.7000000000,22763973,224305889.0000,4.744424,4.077255
2017-11-13,9.5400000000,9.6800000000,9.4000000000,9.4800000000,10635822,101047457.0000,2.216698,-2.268044
2017-11-14,9.4800000000,9.4900000000,9.1900000000,9.2500000000,7845961,72888553.0000,1.635240,-2.426156
2017-11-15,9.2900000000,9.3000000000,9.0700000000,9.0800000000,5336691,48868576.0000,1.112263,-1.837839
2017-11-16,9.0500000000,9.2800000000,9.0200000000,9.0800000000,4657802,42528666.0000,0.970770,0.000000
2017-11-17,9.0300000000,9.0800000000,8.1800000000,8.5000000000,10604314,92502822.0000,2.210131,-6.387664
2017-11-20,8.4000000000,8.4500000000,7.9800000000,8.2200000000,7659570,62600382.0000,1.596393,-3.294114
2017-11-21,8.2000000000,8.8800000000,8.1300000000,8.6700000000,9773651,82507282.0000,2.037006,5.474450
2017-11-22,8.5700000000,9.0200000000,8.4600000000,8.6000000000,9130112,79574973.0000,1.902881,-0.807378
2017-11-23,8.7900000000,8.8500000000,8.4000000000,8.4300000000,6863063,59396856.0000,1.430386,-1.976745
2017-11-24,8.3800000000,8.4200000000,8.2400000000,8.2900000000,3812906,31721364.0000,0.794679,-1.660739
2017-11-27,8.2200000000,8.3300000000,8.1100000000,8.1500000000,3754381,30687114.0000,0.782481,-1.688786
2017-11-28,8.1500000000,8.2300000000,8.1300000000,8.2000000000,2742682,22453801.0000,0.571625,0.613499
2017-11-29,8.2000000000,8.2400000000,8.0200000000,8.1100000000,4774903,38607877.0000,0.995176,-1.097563
2017-11-30,8.1100000000,8.1400000000,8.0500000000,8.0700000000,3085300,24963784.0000,0.643032,-0.493218
2017-12-01,8.0600000000,8.2200000000,7.9800000000,8.1300000000,2997124,24339207.0000,0.624655,0.743500
2017-12-04,8.1500000000,8.1500000000,8.0100000000,8.0300000000,3207633,25942586.0000,0.668529,-1.230017
2017-12-05,8.0600000000,8.1000000000,7.6800000000,7.7700000000,6249453,49151376.0000,1.302499,-3.237855
2017-12-06,7.7900000000,7.8500000000,7.6100000000,7.7900000000,3644662,28251030.0000,0.759613,0.257400
2017-12-07,7.8000000000,7.9200000000,7.7700000000,7.8500000000,3477878,27294112.0000,0.724853,0.770217
2017-12-08,7.7300000000,8.0900000000,7.7300000000,7.9500000000,6768033,53577649.0000,1.410581,1.273884
2017-12-11,7.9400000000,8.0400000000,7.9100000000,7.9900000000,2997459,23977414.0000,0.624725,0.503144
2017-12-12,8.0000000000,8.1500000000,7.9800000000,8.0000000000,5166614,41594463.0000,1.076816,0.125159
2017-12-13,8.0000000000,8.0000000000,7.8700000000,7.9100000000,3401582,26946997.0000,0.708951,-1.125002
2017-12-14,7.9300000000,7.9300000000,7.6800000000,7.7600000000,4987440,38727229.0000,1.039473,-1.896329
2017-12-15,7.7500000000,7.9500000000,7.6200000000,7.8400000000,4911822,38217625.0000,1.023713,1.030927
2017-12-18,7.8000000000,7.8700000000,7.7300000000,7.7600000000,3760690,29291704.0000,0.783796,-1.020407
2017-12-19,7.7800000000,7.8500000000,7.7400000000,7.8200000000,2637562,20601336.0000,0.549716,0.773195
2017-12-20,7.8000000000,7.8300000000,7.6600000000,7.6700000000,2958380,22854343.0000,0.616580,-1.918160
2017-12-21,7.6900000000,7.6900000000,7.5200000000,7.5800000000,3284347,24997674.0000,0.684517,-1.173405
2017-12-22,7.5900000000,7.7500000000,7.5500000000,7.5800000000,2728820,20773243.0000,0.568735,0.000000
2017-12-25,7.5800000000,7.6200000000,7.4000000000,7.4100000000,3571107,26900660.0000,0.744283,-2.242745
2017-12-26,7.4100000000,7.5200000000,7.3600000000,7.4800000000,3319535,24699132.0000,0.691851,0.944672
2017-12-27,7.4800000000,7.5500000000,7.4100000000,7.4300000000,2788100,20856556.0000,0.581090,-0.668452
2017-12-28,7.4200000000,7.5300000000,7.3100000000,7.4200000000,4116562,30650622.0000,0.857966,-0.134586
2017-12-29,7.5400000000,7.6900000000,7.5000000000,7.5600000000,4934584,37405960.0000,1.028457,1.886791
2018-01-02,7.5600000000,7.6400000000,7.4200000000,7.5900000000,3531640,26741764.0000,0.736058,0.396828
2018-01-03,7.5800000000,7.7800000000,7.5700000000,7.6900000000,4679804,35920396.0000,0.975356,1.317522
2018-01-04,7.7100000000,7.7800000000,7.6000000000,7.6500000000,4732849,36229535.0000,0.986411,-0.520155
2018-01-05,7.6400000000,7.7200000000,7.6200000000,7.7000000000,3400832,26135820.0000,0.708795,0.653591
2018-01-08,7.7000000000,7.7000000000,7.5700000000,7.6600000000,3354297,25619095.0000,0.699096,-0.519480
2018-01-09,7.6800000000,7.7800000000,7.6300000000,7.7200000000,4669150,36006024.0000,0.973135,0.783289
2018-01-10,7.7200000000,7.7200000000,7.4800000000,7.5500000000,4070555,30928014.0000,0.848377,-2.202067
2018-01-11,7.4400000000,7.7700000000,7.4000000000,7.6700000000,5785051,44136882.0000,1.205709,1.589402
2018-01-12,7.6200000000,7.8400000000,7.6200000000,7.7600000000,5638123,43595540.0000,1.175087,1.173405
2018-01-15,7.8200000000,7.8300000000,7.2500000000,7.2700000000,10536747,78490034.0000,2.196049,-6.314436
2018-01-16,7.2300000000,7.3200000000,7.1700000000,7.2600000000,5697060,41284699.0000,1.187370,-0.137548
2018-01-17,7.2900000000,7.3100000000,7.1500000000,7.2800000000,4040722,29219748.0000,0.842160,0.275482
2018-01-18,7.3000000000,7.3200000000,7.2400000000,7.2700000000,3192552,23227039.0000,0.665386,-0.137366
2018-01-19,7.2600000000,7.3300000000,7.2200000000,7.2700000000,3425131,24905115.0000,0.713859,0.000000
2018-01-22,7.2700000000,7.3000000000,7.0700000000,7.2200000000,4996109,35921152.0000,1.041279,-0.687760
2018-01-23,7.2000000000,7.2700000000,7.1900000000,7.2600000000,3457982,24989872.0000,0.720706,0.554023
2018-01-24,7.2100000000,7.4700000000,7.1700000000,7.3900000000,7904314,58124389.0000,1.647402,1.790629
2018-01-25,7.3400000000,7.5200000000,7.3400000000,7.3500000000,6252637,46432720.0000,1.303163,-0.541272
2018-01-26,7.2600000000,7.3500000000,7.2200000000,7.3200000000,4517517,32940690.0000,0.941532,-0.408160
2018-01-29,7.2700000000,7.3300000000,7.2300000000,7.2300000000,4274120,31130201.0000,0.890804,-1.229510
2018-01-30,7.2700000000,7.2700000000,7.1100000000,7.1800000000,3516843,25211030.0000,0.732974,-0.691566
2018-01-31,7.1300000000,7.1500000000,6.7200000000,6.8000000000,8349364,57615339.0000,1.740159,-5.292474
2018-02-01,6.7900000000,6.8300000000,6.1200000000,6.1600000000,11139415,70791704.0000,2.321656,-9.411769
2018-02-02,6.1600000000,6.4000000000,5.8000000000,6.2700000000,7183702,44465985.0000,1.497213,1.785716
2018-02-05,6.2800000000,6.3300000000,6.1800000000,6.2000000000,3322674,20786938.0000,0.692505,-1.116430
2018-02-06,6.0800000000,6.1500000000,5.7100000000,5.7500000000,5086864,30400658.0000,1.060194,-7.258061
2018-02-07,5.8900000000,5.9400000000,5.7100000000,5.8700000000,4411444,25782745.0000,0.919425,2.086955
2018-02-08,5.8500000000,6.1300000000,5.8100000000,6.0700000000,5527269,33201342.0000,1.151983,3.407160
2018-02-09,5.9600000000,6.1200000000,5.9000000000,5.9900000000,5000700,29944663.0000,1.042236,-1.317964
2018-02-12,5.9300000000,6.1700000000,5.9300000000,6.1100000000,2985342,18239247.0000,0.622199,2.003345
2018-02-13,6.1100000000,6.1900000000,6.0000000000,6.0300000000,3232104,19724402.0000,0.673629,-1.309328
2018-02-14,6.0600000000,6.0600000000,5.9600000000,6.0200000000,2034402,12238370.0000,0.424006,-0.165841
2018-02-22,6.0800000000,6.1400000000,6.0700000000,6.1200000000,2324440,14190081.0000,0.484455,1.661128
2018-02-23,6.1500000000,6.1800000000,6.0800000000,6.1400000000,2622820,16085428.0000,0.546643,0.326797
2018-02-26,6.1600000000,6.3200000000,6.1300000000,6.2800000000,3913061,24376446.0000,0.815553,2.280136
2018-02-27,6.3000000000,6.4300000000,6.2200000000,6.3700000000,4768294,30127423.0000,0.993799,1.433116
2018-02-28,6.3600000000,6.5600000000,6.2700000000,6.4300000000,4562920,29075901.0000,0.950995,0.941914
2018-03-01,6.5500000000,6.6200000000,6.3800000000,6.5700000000,5835988,38015077.0000,1.216325,2.177299
2018-03-02,6.5000000000,6.5900000000,6.4700000000,6.4800000000,3079776,20124061.0000,0.641881,-1.369865
2018-03-05,6.5000000000,6.5100000000,6.3200000000,6.4400000000,4785038,30623205.0000,0.997288,-0.617283
2018-03-06,6.4500000000,6.6600000000,6.3900000000,6.5200000000,6045873,39174527.0000,1.260069,1.242235
2018-03-07,6.5000000000,6.5100000000,6.3800000000,6.3900000000,3031182,19543015.0000,0.631753,-1.993867
2018-03-08,6.3700000000,6.5200000000,6.3500000000,6.4400000000,2986803,19223939.0000,0.622504,0.782476
2018-03-09,6.4500000000,6.7800000000,6.4200000000,6.6500000000,8470113,56095308.0000,1.765325,3.260870
2018-03-12,6.6400000000,6.8300000000,6.6100000000,6.7800000000,7283203,48959803.0000,1.517951,1.954889
2018-03-13,6.7500000000,7.0800000000,6.7100000000,6.8300000000,10303461,70945205.0000,2.147428,0.737459
2018-03-14,6.7900000000,6.8400000000,6.5900000000,6.6000000000,7138782,47781678.0000,1.487851,-3.367497
2018-03-15,6.5500000000,6.6100000000,6.4000000000,6.5800000000,5433088,35281394.0000,1.132354,-0.303030
2018-03-16,6.5300000000,6.6700000000,6.4900000000,6.5400000000,3546449,23421283.0000,0.739144,-0.607902
2018-03-19,6.5100000000,6.6000000000,6.4800000000,6.5200000000,3351360,21932288.0000,0.698484,-0.305810
2018-03-20,6.4700000000,6.5900000000,6.4000000000,6.5500000000,3689693,23859560.0000,0.768999,0.460126
2018-03-21,6.5200000000,6.8600000000,6.5200000000,6.5900000000,6703846,44869387.0000,1.397203,0.610686
2018-03-22,6.5600000000,6.6600000000,6.5300000000,6.6000000000,4191265,27635925.0000,0.873535,0.151741
2018-03-23,6.4300000000,6.4600000000,5.9600000000,6.0200000000,8171325,50732372.0000,1.703052,-8.787878
2018-03-26,5.9400000000,6.0800000000,5.7600000000,6.0600000000,4479579,26615881.0000,0.933625,0.664451
2018-03-27,6.1000000000,6.2700000000,6.1000000000,6.2300000000,4957282,30748248.0000,1.033187,2.805282
2018-03-28,6.1400000000,6.3700000000,6.1100000000,6.2500000000,5455260,34210645.0000,1.136975,0.321027
2018-03-29,6.2500000000,6.3600000000,6.1500000000,6.3200000000,3490004,21991568.0000,0.727380,1.120003
2018-03-30,6.3300000000,6.4300000000,6.2900000000,6.3800000000,4050158,25796595.0000,0.844126,0.949366
2018-04-02,6.5000000000,6.5000000000,6.3500000000,6.4100000000,6596362,42338265.0000,1.374801,0.470215
2018-04-03,6.3200000000,6.3200000000,6.1600000000,6.2600000000,3412373,21362410.0000,0.711200,-2.340088
2018-04-04,6.2700000000,6.3500000000,6.1800000000,6.2100000000,3725702,23400632.0000,0.776504,-0.798725
2018-04-09,6.1000000000,6.3300000000,6.0500000000,6.2900000000,4326647,26908078.0000,0.901752,1.288244
2018-04-10,6.3000000000,6.3200000000,6.2200000000,6.2900000000,2986162,18724627.0000,0.622370,0.000000
2018-04-11,6.3000000000,6.4600000000,6.3000000000,6.3600000000,4247654,27089982.0000,0.885288,1.112880
2018-04-12,6.3400000000,6.4700000000,6.3100000000,6.4600000000,4378702,27980485.0000,0.912601,1.572325
2018-04-13,6.4400000000,6.4800000000,6.3500000000,6.4100000000,3712700,23797203.0000,0.773794,-0.773997
2018-04-16,6.3500000000,6.4600000000,6.2300000000,6.3000000000,3521116,22346878.0000,0.733864,-1.716063
2018-04-17,6.3200000000,6.3500000000,6.1300000000,6.1500000000,3186192,19899094.0000,0.664060,-2.380954
2018-04-18,6.1800000000,6.2400000000,6.0800000000,6.2400000000,3281692,20222865.0000,0.683964,1.463409
2018-04-19,6.2500000000,6.2600000000,6.1800000000,6.1900000000,2601700,16178716.0000,0.542241,-0.801277
2018-04-20,6.1500000000,6.2200000000,5.9800000000,6.1300000000,3507780,21358236.0000,0.731085,-0.969304
2018-04-23,6.1100000000,6.1100000000,5.9500000000,5.9800000000,3887300,23413024.0000,0.810184,-2.446984
2018-04-24,6.0200000000,6.0800000000,5.9500000000,6.0500000000,2660244,16038666.0000,0.554443,1.170571
2018-04-25,6.0300000000,6.3500000000,5.9900000000,6.3000000000,7597582,46910994.0000,1.583474,4.132231
2018-04-26,6.2500000000,6.2500000000,5.9500000000,6.0200000000,4883820,29951160.0000,1.017876,-4.444448
2018-04-27,6.0100000000,6.0900000000,6.0000000000,6.0300000000,2217500,13387483.0000,0.462167,0.166117
2018-05-02,6.1900000000,6.1900000000,5.9800000000,6.0000000000,1974302,11930334.0000,0.411480,-0.497516
2018-05-03,6.0000000000,6.1600000000,5.9500000000,6.1200000000,2940025,17840217.0000,0.612754,1.999998
2018-05-04,6.1200000000,6.1500000000,6.0900000000,6.1100000000,1943554,11900593.0000,0.405072,-0.163395
2018-05-07,6.1100000000,6.2600000000,6.1000000000,6.2000000000,2793284,17355808.0000,0.582171,1.472990
2018-05-08,6.1700000000,6.2700000000,6.1400000000,6.2500000000,3417448,21213302.0000,0.712258,0.806455
2018-05-09,6.5500000000,6.8800000000,6.5500000000,6.8800000000,39123349,267031879.0000,8.154014,10.080000
2018-05-10,6.7000000000,7.3700000000,6.6100000000,7.1300000000,47675767,335893471.0000,9.936492,3.633721
2018-05-11,6.9500000000,6.9900000000,6.6600000000,6.6800000000,24297417,165309024.0000,5.064021,-6.311365
2018-05-14,6.6000000000,6.7600000000,6.4400000000,6.5000000000,13814746,90512303.0000,2.879243,-2.694608
2018-05-15,6.5100000000,6.6600000000,6.4600000000,6.6400000000,11213071,73993958.0000,2.337007,2.153844
2018-05-16,6.6000000000,6.6300000000,6.4500000000,6.5000000000,9050700,58970303.0000,1.886330,-2.108432
2018-05-17,6.5100000000,6.5700000000,6.4700000000,6.5300000000,4844223,31576841.0000,1.009624,0.461542
2018-05-18,6.5300000000,6.5400000000,6.3800000000,6.4600000000,6181470,39791098.0000,1.288330,-1.071978
2018-05-21,6.4700000000,6.5200000000,6.4300000000,6.5100000000,6384270,41378914.0000,1.330597,0.773997
2018-05-22,6.4900000000,6.5800000000,6.4400000000,6.5600000000,6551893,42650741.0000,1.365533,0.768045
2018-05-23,6.5100000000,6.5400000000,6.4000000000,6.4100000000,5739043,37155222.0000,1.196120,-2.286587
2018-05-24,6.4100000000,6.4800000000,6.3500000000,6.3900000000,4990300,31946849.0000,1.040069,-0.312012
2018-05-25,6.4200000000,6.4200000000,6.2800000000,6.3000000000,4819762,30490745.0000,1.004526,-1.408446
2018-05-28,6.2900000000,6.3300000000,6.2200000000,6.2300000000,3664482,22957567.0000,0.763744,-1.111114
2018-05-29,6.2300000000,6.3000000000,6.1900000000,6.2000000000,3144022,19623824.0000,0.655271,-0.481544
2018-05-30,6.1600000000,6.1600000000,5.8700000000,5.9300000000,6763100,40719506.0000,1.409552,-4.354839
2018-05-31,5.9300000000,6.1400000000,5.9300000000,6.1200000000,5913642,35730116.0000,1.232510,3.204048
2018-06-01,6.1200000000,6.2400000000,6.0700000000,6.1900000000,3577440,21989681.0000,0.745603,1.143794
2018-06-04,6.1300000000,6.2300000000,6.1300000000,6.1900000000,2635862,16296189.0000,0.549361,0.000000
2018-06-05,6.1900000000,6.2300000000,6.1500000000,6.2200000000,2157920,13351073.0000,0.449750,0.484648
2018-06-06,6.2100000000,6.2200000000,6.1200000000,6.1600000000,2153620,13266648.0000,0.448853,-0.964629
2018-06-07,6.1500000000,6.1900000000,6.0700000000,6.0900000000,2163900,13272647.0000,0.450996,-1.136359
2018-06-08,6.0700000000,6.1000000000,5.9400000000,6.0000000000,2857800,17158277.0000,0.595617,-1.477835
2018-06-11,6.0500000000,6.1000000000,5.9700000000,6.0000000000,1783991,10759355.0000,0.371816,0.000000
2018-06-12,6.0100000000,6.0400000000,5.9400000000,6.0300000000,2116914,12685555.0000,0.441203,0.500004
2018-06-13,6.0300000000,6.0300000000,5.9100000000,5.9200000000,2012849,11968190.0000,0.419514,-1.824214
2018-06-14,5.9100000000,5.9300000000,5.8400000000,5.8500000000,1940721,11409923.0000,0.404481,-1.182435
2018-06-15,5.8600000000,5.8900000000,5.7000000000,5.7300000000,2827938,16353725.0000,0.589393,-2.051280
2018-06-19,5.6700000000,5.6700000000,5.1600000000,5.2000000000,5895960,31707245.0000,1.228825,-9.249567
2018-06-20,5.0200000000,5.2900000000,5.0200000000,5.2600000000,4761285,24579432.0000,0.992338,1.153854
2018-06-21,5.2400000000,5.3000000000,5.0200000000,5.0200000000,3454320,17673112.0000,0.719943,-4.562742
2018-06-22,4.9800000000,5.1100000000,4.9800000000,5.0900000000,2029178,10287310.0000,0.422917,1.394426
2018-06-25,5.1200000000,5.1800000000,5.0500000000,5.0600000000,1691500,8648076.0000,0.352539,-0.589395
2018-06-26,5.0200000000,5.1600000000,4.9900000000,5.1100000000,1945720,9908041.0000,0.405523,0.988146
2018-06-27,5.0800000000,5.1400000000,5.0600000000,5.1200000000,1670027,8536448.0000,0.348064,0.195690
2018-06-28,5.1200000000,5.1400000000,5.0200000000,5.0500000000,1773060,9019208.0000,0.369538,-1.367182
2018-06-29,5.1200000000,5.1800000000,5.0400000000,5.1700000000,2237404,11470799.0000,0.466315,2.376235
2018-07-02,5.2200000000,5.2200000000,5.0500000000,5.0900000000,1875100,9623261.0000,0.390805,-1.547387
2018-07-03,5.1000000000,5.1700000000,5.0500000000,5.1500000000,2071400,10598555.0000,0.431717,1.178781
2018-07-04,5.1200000000,5.1500000000,5.0500000000,5.0600000000,1933662,9829185.0000,0.403010,-1.747576
2018-07-05,5.0600000000,5.0900000000,4.9900000000,5.0000000000,2239400,11305092.0000,0.466731,-1.185770
2018-07-06,4.9900000000,5.0300000000,4.7000000000,4.8700000000,4297370,20922934.0000,0.895650,-2.600002
2018-07-09,4.8800000000,5.3600000000,4.8400000000,5.3600000000,6442371,33242428.0000,1.342707,10.061610
2018-07-10,5.3100000000,5.5400000000,5.3100000000,5.4600000000,10009355,54274960.0000,2.086131,1.865670
2018-07-11,5.3100000000,5.3800000000,5.1500000000,5.3600000000,5818686,30840975.0000,1.212719,-1.831500
2018-07-12,5.3200000000,5.4700000000,5.2600000000,5.3900000000,4850003,26179697.0000,1.010828,0.559697
2018-07-13,5.4600000000,5.4600000000,5.3300000000,5.4200000000,2640800,14240850.0000,0.550390,0.556590
2018-07-16,5.3900000000,5.4400000000,5.3600000000,5.3800000000,1446700,7793856.0000,0.301518,-0.738007
2018-07-17,5.3500000000,5.3900000000,5.2800000000,5.3700000000,1667944,8918081.0000,0.347630,-0.185878
2018-07-18,5.3700000000,5.3800000000,5.3100000000,5.3200000000,1576162,8414402.0000,0.328501,-0.931093
2018-07-19,5.3200000000,5.4000000000,5.2100000000,5.2200000000,2754080,14602779.0000,0.574000,-1.879706
2018-07-20,5.2300000000,5.2800000000,5.1600000000,5.2700000000,1589800,8321914.0000,0.331343,0.957858
2018-07-23,5.2200000000,5.3000000000,5.2200000000,5.3000000000,1897620,9996376.0000,0.395498,0.569264
2018-07-24,5.3000000000,5.4500000000,5.2800000000,5.4000000000,3094160,16624541.0000,0.644879,1.886791
2018-07-25,5.4000000000,5.4100000000,5.3400000000,5.3900000000,2344102,12611508.0000,0.488553,-0.185189
2018-07-26,5.3900000000,5.5200000000,5.3400000000,5.4000000000,4495141,24425628.0000,0.936869,0.185533
2018-07-27,5.4300000000,5.5000000000,5.3600000000,5.4500000000,3126060,16979945.0000,0.651527,0.925921
2018-07-30,5.4600000000,5.4600000000,5.2700000000,5.2900000000,2440285,13053968.0000,0.508600,-2.935777
2018-07-31,5.2700000000,5.3500000000,5.2600000000,5.3000000000,1350922,7149172.0000,0.281557,0.189040
2018-08-01,5.3200000000,5.4400000000,5.2000000000,5.3700000000,3299903,17478587.0000,0.687759,1.320749
2018-08-02,5.3100000000,5.3500000000,5.0000000000,5.1500000000,3134000,16244353.0000,0.653182,-4.096830
2018-08-03,5.1000000000,5.2000000000,5.0900000000,5.1100000000,1071900,5520560.0000,0.223403,-0.776698
2018-08-06,5.1100000000,5.2200000000,5.0200000000,5.0700000000,1471300,7546597.0000,0.306646,-0.782778
2018-08-07,5.0500000000,5.1500000000,5.0400000000,5.1500000000,1801002,9216445.0000,0.375361,1.577908
2018-08-08,5.1600000000,5.1700000000,5.0500000000,5.0700000000,1504322,7689468.0000,0.313528,-1.553396
2018-08-09,5.0500000000,5.1700000000,5.0100000000,5.1500000000,1903600,9783874.0000,0.396745,1.577908
2018-08-10,5.1100000000,5.1600000000,5.1000000000,5.1500000000,1977747,10145700.0000,0.412198,0.000000
2018-08-13,5.1300000000,5.1500000000,5.0600000000,5.1400000000,1490100,7606940.0000,0.310564,-0.194179
2018-08-14,5.1400000000,5.1700000000,5.1100000000,5.1300000000,1133906,5821881.0000,0.236327,-0.194548
2018-08-15,5.1100000000,5.1400000000,5.0200000000,5.0200000000,1600502,8113755.0000,0.333574,-2.144252
2018-08-16,5.0100000000,5.0300000000,4.9000000000,4.9600000000,1523120,7584976.0000,0.317446,-1.195218
2018-08-17,5.0200000000,5.0300000000,4.8700000000,4.8700000000,1557327,7672969.0000,0.324575,-1.814519
2018-08-20,4.8600000000,4.9200000000,4.7800000000,4.8700000000,1431182,6929359.0000,0.298284,0.000000
2018-08-21,4.8400000000,4.9300000000,4.8400000000,4.9100000000,1131827,5550478.0000,0.235893,0.821354
2018-08-22,4.9200000000,4.9700000000,4.8800000000,4.9000000000,874400,4297443.0000,0.182241,-0.203661
2018-08-23,4.9300000000,4.9300000000,4.8800000000,4.8800000000,979913,4799317.0000,0.204232,-0.408163
2018-08-24,4.8800000000,4.9400000000,4.8700000000,4.9300000000,920349,4522006.0000,0.191817,1.024584
2018-08-27,4.9200000000,5.0000000000,4.9200000000,4.9900000000,1488082,7385297.0000,0.310143,1.217037
2018-08-28,4.9900000000,5.0000000000,4.9600000000,4.9600000000,1207000,6002768.0000,0.251561,-0.601197
2018-08-29,4.9900000000,4.9900000000,4.9300000000,4.9400000000,660782,3271411.0000,0.137719,-0.403225
2018-08-30,4.9400000000,5.1600000000,4.9300000000,4.9600000000,2825800,14191265.0000,0.588948,0.404858
2018-08-31,4.9300000000,5.1600000000,4.9300000000,5.0300000000,4032140,20386635.0000,0.840371,1.411294
2018-09-03,4.9900000000,5.0600000000,4.8800000000,4.9700000000,2241500,11161467.0000,0.467169,-1.192851
2018-09-04,4.9600000000,5.0200000000,4.8900000000,4.9800000000,1806540,8972856.0000,0.376516,0.201212
2018-09-05,5.0000000000,5.1200000000,4.9600000000,5.0500000000,3026402,15258904.0000,0.630757,1.405626
2018-09-06,5.0700000000,5.0900000000,4.9400000000,4.9600000000,1788460,8979905.0000,0.372747,-1.782181
2018-09-07,4.9500000000,5.0300000000,4.9300000000,4.9700000000,1837602,9149271.0000,0.382990,0.201608
2018-09-10,4.9400000000,4.9900000000,4.9000000000,4.9100000000,1281000,6325418.0000,0.266984,-1.207242
2018-09-11,4.9000000000,4.9500000000,4.8900000000,4.9100000000,746282,3674114.0000,0.155539,0.000000
2018-09-12,4.9100000000,4.9500000000,4.8700000000,4.9000000000,1033562,5081209.0000,0.215413,-0.203661
2018-09-13,4.9300000000,4.9500000000,4.8800000000,4.9300000000,948700,4662238.0000,0.197726,0.612239
2018-09-14,4.9300000000,4.9400000000,4.8800000000,4.9000000000,1001902,4924426.0000,0.208815,-0.608514
2018-09-17,4.8600000000,4.9500000000,4.8300000000,4.8300000000,836400,4083395.0000,0.174321,-1.428575
2018-09-18,4.8400000000,4.9200000000,4.8000000000,4.9000000000,1272782,6173751.0000,0.265271,1.449279
2018-09-19,4.9100000000,4.9500000000,4.8800000000,4.9300000000,1517400,7471522.0000,0.316254,0.612239
2018-09-20,4.9300000000,4.9400000000,4.8700000000,4.8900000000,1497500,7351499.0000,0.312106,-0.811358
2018-09-21,4.9000000000,4.9600000000,4.8900000000,4.9500000000,1469420,7243883.0000,0.306254,1.226993
2018-09-25,4.9300000000,4.9400000000,4.8700000000,4.9200000000,982262,4818531.0000,0.204721,-0.606055
2018-09-26,4.9200000000,4.9400000000,4.8900000000,4.9200000000,1305482,6418069.0000,0.272086,0.000000
2018-09-27,4.9100000000,4.9200000000,4.8000000000,4.8000000000,1773000,8603891.0000,0.369525,-2.439022
2018-09-28,4.7800000000,4.8500000000,4.7800000000,4.8500000000,1210720,5841602.0000,0.252336,1.041661
2018-10-08,4.7900000000,4.8100000000,4.6800000000,4.6900000000,1258620,5977715.0000,0.262319,-3.298966
2018-10-09,4.6900000000,4.7500000000,4.6700000000,4.6800000000,916320,4306001.0000,0.190978,-0.213225
2018-10-10,4.7500000000,4.7700000000,4.6500000000,4.6700000000,828060,3879354.0000,0.172583,-0.213670
2018-10-11,4.5900000000,4.5900000000,4.2000000000,4.2000000000,3826300,16554449.0000,0.797470,-10.064250
2018-10-12,4.1300000000,4.1800000000,3.8600000000,4.0300000000,3102380,12465963.0000,0.646592,-4.047610
2018-10-15,4.0900000000,4.1600000000,4.0000000000,4.0000000000,1595262,6502950.0000,0.332481,-0.744422
2018-10-16,4.0000000000,4.0700000000,3.9700000000,4.0300000000,1744446,7017229.0000,0.363574,0.750005
2018-10-17,4.0600000000,4.1000000000,3.9900000000,4.0300000000,1130656,4574426.0000,0.235649,0.000000
2018-10-18,4.0200000000,4.0200000000,3.8800000000,3.9100000000,1333476,5249603.0000,0.277921,-2.977670
2018-10-19,3.8700000000,4.0200000000,3.8500000000,4.0100000000,1475040,5822648.0000,0.307425,2.557548
2018-10-22,4.1200000000,4.2400000000,4.0300000000,4.1800000000,3015289,12509054.0000,0.628441,4.239391
2018-10-23,4.1600000000,4.2200000000,4.0800000000,4.1100000000,2833482,11720441.0000,0.590549,-1.674634
2018-10-24,4.1200000000,4.1900000000,4.1100000000,4.1300000000,1921660,7985290.0000,0.400509,0.486617
2018-10-25,4.0700000000,4.1300000000,3.9700000000,4.1000000000,1473142,5964052.0000,0.307029,-0.726397
2018-10-26,4.1400000000,4.1700000000,4.0900000000,4.1000000000,1334020,5513641.0000,0.278034,0.000000
2018-10-29,4.1000000000,4.1400000000,4.0500000000,4.0500000000,1212261,4965966.0000,0.252657,-1.219505
2018-10-30,4.0500000000,4.1300000000,4.0300000000,4.1100000000,1409700,5762243.0000,0.293807,1.481480
2018-10-31,4.1100000000,4.1800000000,4.1100000000,4.1400000000,1948522,8084622.0000,0.406107,0.729920
2018-11-01,4.1800000000,4.2800000000,4.1600000000,4.2100000000,3137220,13220190.0000,0.653853,1.690825
2018-11-02,4.2300000000,4.3100000000,4.2000000000,4.2700000000,3264502,13916507.0000,0.680381,1.425177
2018-11-05,4.2900000000,4.3400000000,4.2500000000,4.3100000000,2634304,11314353.0000,0.549037,0.936767
2018-11-06,4.2700000000,4.3100000000,4.2300000000,4.3000000000,1734190,7409046.0000,0.361437,-0.232013
2018-11-07,4.2800000000,4.3500000000,4.2700000000,4.2800000000,1818500,7836581.0000,0.379008,-0.465116
2018-11-08,4.2800000000,4.4300000000,4.2800000000,4.3300000000,3625320,15808926.0000,0.755582,1.168218
2018-11-09,4.3300000000,4.4500000000,4.3000000000,4.4200000000,3932960,17319527.0000,0.819700,2.078526
2018-11-12,4.4200000000,4.5700000000,4.3800000000,4.5600000000,4368503,19670367.0000,0.910475,3.167418
2018-11-13,4.5000000000,5.0000000000,4.4700000000,4.7800000000,9032248,42910400.0000,1.882484,4.824567
2018-11-14,4.7300000000,4.8200000000,4.6900000000,4.7500000000,5621397,26598071.0000,1.171601,-0.627619
2018-11-15,4.7200000000,4.8600000000,4.7100000000,4.8100000000,5128160,24444286.0000,1.068801,1.263157
2018-11-16,4.7500000000,4.8600000000,4.7400000000,4.8300000000,4126623,19853650.0000,0.860063,0.415800
2018-11-19,4.8100000000,4.8500000000,4.6900000000,4.7600000000,4211697,20025160.0000,0.877794,-1.449269
2018-11-20,4.7900000000,4.8600000000,4.7000000000,4.7000000000,5376282,25718235.0000,1.120514,-1.260513
2018-11-21,4.6500000000,4.7700000000,4.6000000000,4.7600000000,3195860,15068708.0000,0.666075,1.276605
2018-11-22,4.7400000000,5.0700000000,4.7400000000,4.8900000000,10059162,49721413.0000,2.096511,2.731085
2018-11-23,4.8400000000,4.8700000000,4.5400000000,4.5500000000,6881946,32318230.0000,1.434322,-6.952959
2018-11-26,4.5100000000,4.6200000000,4.4600000000,4.4900000000,3619187,16397490.0000,0.754304,-1.318690
2018-11-27,4.5700000000,4.6800000000,4.5000000000,4.6100000000,3258539,14965955.0000,0.679138,2.672614
2018-11-28,4.6600000000,4.7900000000,4.5500000000,4.7400000000,4685769,22028283.0000,0.976599,2.819949
2018-11-29,4.7800000000,4.8300000000,4.5900000000,4.6100000000,3965980,18652036.0000,0.826582,-2.742609
2018-11-30,4.6800000000,4.6800000000,4.4400000000,4.5400000000,3331786,15161197.0000,0.694404,-1.518442
2018-12-03,4.6500000000,4.7000000000,4.6000000000,4.6400000000,3407513,15853940.0000,0.710187,2.202641
2018-12-04,4.6300000000,4.7000000000,4.5900000000,4.6500000000,3164080,14701172.0000,0.659452,0.215522
2018-12-05,4.5500000000,4.6800000000,4.5000000000,4.6500000000,3508033,16194068.0000,0.731138,0.000000
2018-12-06,4.6500000000,4.8800000000,4.6300000000,4.6700000000,5702818,27008845.0000,1.084438,0.430107
2018-12-07,4.6500000000,4.7000000000,4.5600000000,4.6100000000,2970542,13729409.0000,0.564873,-1.284795
2018-12-10,4.5700000000,4.5700000000,4.4500000000,4.4700000000,3347385,15101050.0000,0.636533,-3.036884
2018-12-11,4.4900000000,4.5700000000,4.4900000000,4.5500000000,2200594,9973400.0000,0.418461,1.789718
2018-12-12,4.5800000000,4.6000000000,4.5100000000,4.5300000000,1251800,5689491.0000,0.238040,-0.439560
2018-12-13,4.5300000000,4.6100000000,4.5100000000,4.5500000000,2525750,11518972.0000,0.480292,0.441501
2018-12-14,4.5800000000,4.5800000000,4.4200000000,4.4600000000,2186491,9862010.0000,0.415779,-1.978025
2018-12-17,4.4600000000,4.5000000000,4.3500000000,4.4500000000,1618220,7146831.0000,0.307718,-0.224220
2018-12-18,4.4400000000,4.4600000000,4.3300000000,4.3600000000,1634600,7156942.0000,0.310833,-2.022465
2018-12-19,4.4200000000,4.4400000000,4.3500000000,4.3600000000,1942060,8546486.0000,0.369299,0.000000
2018-12-20,4.3700000000,4.4200000000,4.3500000000,4.4000000000,1874300,8224530.0000,0.356413,0.917430
2018-12-21,4.3800000000,4.4600000000,4.3100000000,4.4000000000,1975820,8675330.0000,0.375718,0.000000
2018-12-24,4.4000000000,4.4000000000,4.3400000000,4.3600000000,1762400,7696807.0000,0.335135,-0.909090
2018-12-25,4.3200000000,4.3200000000,4.1500000000,4.2700000000,2513786,10640860.0000,0.478017,-2.064224
2018-12-26,4.2900000000,4.3600000000,4.2300000000,4.3000000000,2069920,8941350.0000,0.393612,0.702581
2018-12-27,4.3700000000,4.3700000000,4.2000000000,4.2000000000,2168040,9256312.0000,0.412271,-2.325590
2018-12-28,4.2100000000,4.2600000000,4.1500000000,4.2000000000,1409263,5930714.0000,0.267983,0.000000
2019-01-02,4.2000000000,4.2600000000,4.1500000000,4.2100000000,1146900,4802738.0000,0.218092,0.238101
2019-01-03,4.2100000000,4.2300000000,4.1800000000,4.2000000000,1099109,4627095.0000,0.229074,-0.237535
2019-01-04,4.1500000000,4.2900000000,4.1200000000,4.2800000000,1685940,7149515.0000,0.320595,1.904771
2019-01-07,4.3100000000,4.3600000000,4.2800000000,4.3400000000,2294213,9933482.0000,0.436263,1.401868
2019-01-08,4.3300000000,4.3800000000,4.3100000000,4.3500000000,1818240,7901726.0000,0.345753,0.230409
2019-01-09,4.3500000000,4.5500000000,4.3200000000,4.3600000000,4607680,20490236.0000,0.876188,0.229890
2019-01-10,4.3700000000,4.4400000000,4.3500000000,4.4400000000,2662211,11721038.0000,0.506241,1.834861
2019-01-11,4.4400000000,4.4800000000,4.3900000000,4.4300000000,2167709,9560474.0000,0.412208,-0.225230
2019-01-14,4.4100000000,4.4100000000,4.3400000000,4.3600000000,1778109,7785158.0000,0.338122,-1.580129
2019-01-15,4.2900000000,4.4100000000,4.2400000000,4.4000000000,2656476,11479469.0000,0.505151,0.917430
2019-01-16,4.4100000000,4.4100000000,4.3500000000,4.3600000000,1581990,6927285.0000,0.300828,-0.909090
2019-01-17,4.3900000000,4.3900000000,4.3200000000,4.3300000000,1558440,6793698.0000,0.296350,-0.688078
2019-01-18,4.3500000000,4.3900000000,4.2700000000,4.3000000000,2528402,10916041.0000,0.480796,-0.692835
2019-01-21,4.2800000000,4.3400000000,4.2800000000,4.3000000000,1962720,8455462.0000,0.373227,0.000000
2019-01-22,4.3500000000,4.3500000000,4.2500000000,4.2600000000,2015600,8662983.0000,0.383283,-0.930232
2019-01-23,4.2400000000,4.2900000000,4.1900000000,4.2300000000,1970000,8344031.0000,0.374612,-0.704230
2019-01-24,4.2300000000,4.2900000000,4.2000000000,4.2600000000,1746924,7433578.0000,0.332192,0.709225
2019-01-25,4.3300000000,4.3300000000,4.1400000000,4.1500000000,2319305,9792074.0000,0.441035,-2.582163
2019-01-28,4.1700000000,4.2000000000,4.1000000000,4.1100000000,2212260,9202846.0000,0.420679,-0.963854
2019-01-29,4.0800000000,4.1500000000,3.9900000000,3.9900000000,4206004,17026070.0000,0.799806,-2.919711
2019-01-30,3.9600000000,4.0100000000,3.9100000000,3.9600000000,1378974,5470551.0000,0.262223,-0.751879
2019-01-31,3.9000000000,3.9600000000,3.8800000000,3.9100000000,2380922,9333309.0000,0.452752,-1.262625
2019-02-01,3.9200000000,4.0300000000,3.9000000000,4.0100000000,1469620,5839636.0000,0.279460,2.557548
2019-02-11,4.0300000000,4.0900000000,4.0000000000,4.0800000000,2130700,8635708.0000,0.405170,1.745628
2019-02-12,4.0800000000,4.1800000000,4.0600000000,4.1500000000,2376769,9815158.0000,0.451962,1.715690
2019-02-13,4.1400000000,4.2100000000,4.1300000000,4.1800000000,2225542,9295795.0000,0.423205,0.722885
2019-02-14,4.1600000000,4.2200000000,4.1600000000,4.1900000000,2605800,10923825.0000,0.495514,0.239240
2019-02-15,4.2000000000,4.2300000000,4.1500000000,4.2100000000,3077462,12924283.0000,0.585205,0.477326
2019-02-18,4.2300000000,4.3300000000,4.1900000000,4.3100000000,3734920,15965277.0000,0.710226,2.375295
2019-02-19,4.3100000000,4.3600000000,4.2500000000,4.3000000000,5024964,21627515.0000,0.955538,-0.232013
2019-02-20,4.3000000000,4.3300000000,4.2600000000,4.3200000000,3309500,14226800.0000,0.629329,0.465116
2019-02-21,4.3100000000,4.5300000000,4.3000000000,4.4200000000,7876457,34710094.0000,1.497773,2.314812
2019-02-22,4.5000000000,4.5000000000,4.3300000000,4.4400000000,9152604,40365072.0000,1.740443,0.452488
2019-02-25,4.4800000000,4.6600000000,4.4400000000,4.6100000000,11241053,51070341.0000,2.137578,3.828831
2019-02-26,4.6100000000,4.7600000000,4.5400000000,4.6100000000,11779864,54638298.0000,2.240038,0.000000
2019-02-27,4.6000000000,4.7400000000,4.5700000000,4.6700000000,10154360,47544347.0000,1.930935,1.301517
2019-02-28,4.6400000000,4.7200000000,4.6100000000,4.6400000000,5652429,26320486.0000,1.074856,-0.642403
2019-03-01,4.6500000000,4.7000000000,4.5900000000,4.6600000000,5136054,23880931.0000,0.976663,0.431034
2019-03-04,4.6700000000,4.7600000000,4.6600000000,4.6800000000,9004538,42417120.0000,1.712287,0.429184
2019-03-05,4.6800000000,4.8500000000,4.6400000000,4.8500000000,10226360,48799267.0000,1.944626,3.632480
2019-03-06,4.8500000000,4.9500000000,4.7800000000,4.9500000000,12052604,58535241.0000,2.291901,2.061854
2019-03-07,4.9400000000,5.1900000000,4.9000000000,5.1200000000,14547769,73608028.0000,2.766377,3.434345
2019-03-08,5.0600000000,5.1500000000,4.8500000000,4.8600000000,12118440,60515835.0000,2.304421,-5.078120
2019-03-11,4.8400000000,5.0200000000,4.8400000000,5.0200000000,8665543,42730512.0000,1.647824,3.292178
2019-03-12,5.0600000000,5.5200000000,5.0000000000,5.5200000000,32070346,174827053.0000,6.098439,9.960159
2019-03-13,5.5400000000,5.6000000000,5.0900000000,5.2400000000,30404165,162996844.0000,5.781601,-5.072467
2019-03-14,5.1400000000,5.2000000000,4.8800000000,4.9800000000,11750403,59029908.0000,2.234435,-4.961827
2019-03-15,5.1000000000,5.1900000000,5.0100000000,5.0700000000,11094916,56478641.0000,2.109789,1.807232
2019-03-18,5.1000000000,5.1700000000,5.0400000000,5.1700000000,7684509,39311242.0000,1.461272,1.972385
2019-03-19,5.3300000000,5.4100000000,5.1600000000,5.2100000000,10984544,57634084.0000,2.088801,0.773694
2019-03-20,5.2100000000,5.2100000000,4.9800000000,5.1100000000,11606922,58863877.0000,2.207151,-1.919384
2019-03-21,5.1000000000,5.2600000000,5.0500000000,5.2400000000,13664921,71002670.0000,2.598497,2.544024
2019-03-22,5.2400000000,5.3000000000,5.1100000000,5.2000000000,7887422,40935703.0000,1.499858,-0.763358
2019-03-25,5.0900000000,5.2300000000,5.0600000000,5.1800000000,7829966,40410904.0000,1.488932,-0.384615
2019-03-26,5.1400000000,5.1800000000,5.0100000000,5.0100000000,8614257,43801964.0000,1.638071,-3.281846
2019-03-27,5.0300000000,5.0700000000,4.8700000000,4.9400000000,7861799,38782968.0000,1.494985,-1.397209
2019-03-28,4.9000000000,4.9900000000,4.8300000000,4.8300000000,5086942,24949889.0000,0.967324,-2.226723
2019-03-29,4.8500000000,4.9700000000,4.7700000000,4.9600000000,5750097,28028971.0000,1.093428,2.691514
2019-04-01,4.9600000000,5.1600000000,4.9500000000,5.1500000000,8919225,45465433.0000,1.696064,3.830646
2019-04-02,5.1500000000,5.3000000000,5.1100000000,5.1900000000,10636417,55325766.0000,2.022602,0.776698
2019-04-03,5.1700000000,5.3100000000,5.1400000000,5.2900000000,10067095,52952750.0000,1.914341,1.926780
2019-04-04,5.2900000000,5.3400000000,5.2100000000,5.2700000000,8648980,45489919.0000,1.644674,-0.378072
2019-04-08,5.3200000000,5.3200000000,5.1100000000,5.1800000000,8315820,43398018.0000,1.581321,-1.707783
2019-04-09,5.2200000000,5.4300000000,5.1600000000,5.3900000000,13305966,70783637.0000,2.530238,4.054055
2019-04-10,5.3600000000,5.3700000000,5.2500000000,5.3100000000,8278053,43975722.0000,1.574140,-1.484229
2019-04-11,5.3200000000,5.4500000000,5.2700000000,5.3000000000,9603740,51486035.0000,1.826230,-0.188319
2019-04-12,5.3200000000,5.4100000000,5.2700000000,5.3600000000,5763262,30799481.0000,1.095931,1.132074
2019-04-15,5.4500000000,5.6400000000,5.2100000000,5.2800000000,11189364,60644726.0000,2.127749,-1.492536
2019-04-16,5.2800000000,5.2800000000,5.0700000000,5.2400000000,9547293,49276575.0000,1.815496,-0.757584
2019-04-17,5.2200000000,5.3500000000,5.2000000000,5.3100000000,7574622,40085390.0000,1.440376,1.335881
2019-04-18,5.2600000000,5.4200000000,5.2600000000,5.3300000000,8282181,44428327.0000,1.574925,0.376648
2019-04-19,5.3400000000,5.4600000000,5.3400000000,5.4500000000,7874566,42525270.0000,1.497413,2.251405
2019-04-22,5.4500000000,5.4900000000,5.2500000000,5.2900000000,6991182,37419947.0000,1.329430,-2.935777
2019-04-23,5.3400000000,5.3500000000,5.1400000000,5.1900000000,6434608,33645371.0000,1.223593,-1.890357
2019-04-24,5.2600000000,5.2800000000,5.1300000000,5.2000000000,4803720,24906060.0000,0.913467,0.192673
2019-04-25,5.2000000000,5.2500000000,4.9000000000,4.9500000000,8193192,41496591.0000,1.558003,-4.807693
2019-04-26,4.9100000000,5.0100000000,4.8600000000,4.8700000000,4991132,24657446.0000,0.949105,-1.616160
2019-04-29,4.8900000000,4.9300000000,4.7500000000,4.7800000000,5195358,25126093.0000,0.987940,-1.848043
2019-04-30,4.8100000000,4.8900000000,4.7800000000,4.8300000000,3606166,17446035.0000,0.685742,1.046019
2019-05-06,4.7300000000,4.7300000000,4.4100000000,4.4400000000,6192780,28312971.0000,1.177608,-8.074532
2019-05-07,4.5000000000,4.5300000000,4.4500000000,4.5100000000,2646402,11915735.0000,0.503235,1.576581
2019-05-08,4.3600000000,4.5400000000,4.3600000000,4.4900000000,2763902,12390214.0000,0.525579,-0.443469
2019-05-09,4.5000000000,4.5000000000,4.4300000000,4.4400000000,2115600,9433825.0000,0.402299,-1.113579
2019-05-10,4.4800000000,4.5800000000,4.4500000000,4.5700000000,3889122,17587567.0000,0.739548,2.927930
2019-05-13,4.5200000000,4.5600000000,4.4900000000,4.5300000000,2564102,11602785.0000,0.487585,-0.875273
2019-05-14,4.4600000000,4.5200000000,4.4500000000,4.4800000000,2190200,9835000.0000,0.416484,-1.103757
2019-05-15,4.4900000000,4.5500000000,4.4900000000,4.5500000000,1947942,8806816.0000,0.370417,1.562504
2019-05-16,4.5600000000,4.6000000000,4.5200000000,4.5900000000,2525284,11528079.0000,0.480203,0.879120
2019-05-17,4.6000000000,4.6200000000,4.4400000000,4.4600000000,3224344,14518069.0000,0.613135,-2.832246
2019-05-20,4.4600000000,4.5000000000,4.3800000000,4.4300000000,1898625,8390218.0000,0.361039,-0.672651
2019-05-21,4.4300000000,4.5300000000,4.4300000000,4.4800000000,1633600,7309819.0000,0.310642,1.128672
2019-05-22,4.4900000000,4.5100000000,4.4500000000,4.4700000000,1760000,7875927.0000,0.334678,-0.223219
2019-05-23,4.4700000000,4.4800000000,4.4000000000,4.4100000000,1978000,8765570.0000,0.376133,-1.342281
2019-05-24,4.4000000000,4.4300000000,4.3800000000,4.3900000000,1291920,5678189.0000,0.245669,-0.453514
2019-05-27,4.4300000000,4.4800000000,4.3800000000,4.4700000000,1852852,8211086.0000,0.352335,1.822322
2019-05-28,4.4700000000,4.5200000000,4.4600000000,4.4600000000,2022300,9078302.0000,0.384557,-0.223708
2019-05-29,4.4100000000,4.4800000000,4.4000000000,4.4500000000,1873622,8324247.0000,0.356285,-0.224220
2019-05-30,4.4500000000,4.4500000000,4.3500000000,4.4000000000,2227108,9782055.0000,0.423503,-1.123589
2019-05-31,4.4200000000,4.4300000000,4.4000000000,4.4000000000,1509588,6664439.0000,0.287061,0.000000
2019-06-03,4.3600000000,4.4100000000,4.3200000000,4.3700000000,1663820,7253342.0000,0.316389,-0.681823
2019-06-04,4.3800000000,4.3800000000,4.2900000000,4.3100000000,1875580,8114545.0000,0.356657,-1.372996
2019-06-05,4.3300000000,4.3500000000,4.3100000000,4.3200000000,1463003,6337366.0000,0.278202,0.232024
2019-06-06,4.3100000000,4.3100000000,4.2600000000,4.2800000000,1409320,6035847.0000,0.267994,-0.925925
2019-06-10,4.2700000000,4.3100000000,4.2600000000,4.3000000000,1262200,5411029.0000,0.240018,0.467289
2019-06-11,4.3000000000,4.4100000000,4.2800000000,4.4100000000,2117143,9241838.0000,0.402592,2.558131
2019-06-12,4.4200000000,4.4400000000,4.3800000000,4.4000000000,1535200,6748485.0000,0.291931,-0.226752
2019-06-13,4.4200000000,4.4700000000,4.3900000000,4.4400000000,2486780,11013550.0000,0.472882,0.909090
2019-06-14,4.4700000000,4.4700000000,4.3500000000,4.3900000000,1788467,7870201.0000,0.340092,-1.126130
2019-06-17,4.3500000000,4.3800000000,4.3100000000,4.3400000000,1116843,4851209.0000,0.212377,-1.138946
2019-06-18,4.3400000000,4.3900000000,4.3300000000,4.3900000000,1256380,5479945.0000,0.238911,1.152067
2019-06-19,4.4400000000,4.4800000000,4.4100000000,4.4200000000,2515252,11168612.0000,0.478296,0.683376
2019-06-20,4.4200000000,4.6500000000,4.3900000000,4.5300000000,5597392,25293042.0000,1.064390,2.488691
2019-06-21,4.5200000000,4.7800000000,4.4900000000,4.6600000000,8829825,40890408.0000,1.679064,2.869749
2019-06-24,4.6100000000,4.6500000000,4.5500000000,4.6000000000,3921560,18017577.0000,0.745717,-1.287552
2019-06-25,4.6000000000,4.6000000000,4.4700000000,4.5500000000,2948789,13317436.0000,0.560736,-1.086950
2019-06-26,4.5300000000,4.5800000000,4.4900000000,4.5500000000,1637113,7435715.0000,0.311310,0.000000
2019-06-27,4.5500000000,4.6000000000,4.5500000000,4.5800000000,2062699,9439895.0000,0.392239,0.659335
2019-06-28,4.5900000000,4.5900000000,4.4700000000,4.4800000000,2118600,9540385.0000,0.402869,-2.183404
2019-07-01,4.5300000000,4.5900000000,4.5300000000,4.5800000000,3621748,16539160.0000,0.688705,2.232141
2019-07-02,4.5800000000,4.5900000000,4.5000000000,4.5300000000,2914540,13232346.0000,0.554224,-1.091697
2019-07-03,4.5300000000,4.5300000000,4.4600000000,4.4800000000,2497602,11192978.0000,0.474939,-1.103757
2019-07-04,4.4800000000,4.4900000000,4.4300000000,4.4400000000,2285200,10183157.0000,0.434549,-0.892856
2019-07-05,4.4400000000,4.4700000000,4.4300000000,4.4300000000,1529900,6796144.0000,0.290923,-0.225230
2019-07-08,4.4500000000,4.4500000000,4.2800000000,4.2900000000,3320618,14416154.0000,0.631443,-3.160268
2019-07-09,4.2800000000,4.3000000000,4.2200000000,4.2700000000,2792044,11875721.0000,0.530930,-0.466200
2019-07-10,4.2700000000,4.2700000000,4.2000000000,4.2100000000,2125300,8977302.0000,0.404143,-1.405151
2019-07-11,4.2100000000,4.2600000000,4.1700000000,4.1700000000,2691993,11336752.0000,0.511905,-0.950118
2019-07-12,4.2000000000,4.2200000000,4.1600000000,4.1700000000,1665344,6976060.0000,0.316679,0.000000
2019-07-15,4.1800000000,4.3000000000,4.1700000000,4.2900000000,2999579,12771035.0000,0.570395,2.877695
2019-07-16,4.2900000000,4.2900000000,4.2500000000,4.2800000000,1335540,5700694.0000,0.253964,-0.233095
2019-07-17,4.2700000000,4.3300000000,4.2500000000,4.3300000000,2304998,9880304.0000,0.438314,1.168218
2019-07-18,4.3800000000,4.4900000000,4.2600000000,4.2600000000,3537120,15319164.0000,0.672612,-1.616621
2019-07-19,4.2400000000,4.3000000000,4.2400000000,4.2600000000,1262512,5388709.0000,0.240077,0.000000
2019-07-22,4.2600000000,4.2800000000,4.1700000000,4.1800000000,1879502,7912043.0000,0.357403,-1.877944
2019-07-23,4.1800000000,4.2100000000,4.1500000000,4.1800000000,1068502,4468136.0000,0.203184,0.000000
2019-07-24,4.2000000000,4.2600000000,4.1800000000,4.2200000000,1619260,6866662.0000,0.307916,0.956937
2019-07-25,4.2200000000,4.2500000000,4.2000000000,4.2200000000,1591562,6730866.0000,0.302649,0.000000
2019-07-26,4.2200000000,4.2500000000,4.1800000000,4.2500000000,1214280,5123379.0000,0.230900,0.710900
2019-07-29,4.2200000000,4.2600000000,4.2200000000,4.2400000000,1133084,4802540.0000,0.215465,-0.235299
2019-07-30,4.2400000000,4.3000000000,4.2300000000,4.2700000000,2027160,8650252.0000,0.385500,0.707600
2019-07-31,4.2400000000,4.2700000000,4.2100000000,4.2400000000,1222684,5183730.0000,0.232500,-0.702600
2019-08-01,4.2200000000,4.2400000000,4.1900000000,4.2400000000,1277612,5375890.0000,0.242900,0.000000
2019-08-02,4.1800000000,4.2200000000,4.1300000000,4.1600000000,2513483,10455823.0000,0.478000,-1.886800
2019-08-05,4.1600000000,4.1600000000,4.1000000000,4.1100000000,1328703,5487580.0000,0.252700,-1.201900
2019-08-06,4.0300000000,4.0700000000,3.9400000000,4.0000000000,2658700,10599493.0000,0.505600,-2.676400
2019-08-07,4.0000000000,4.0400000000,3.9700000000,3.9900000000,1140188,4559258.0000,0.216800,-0.250000
2019-08-08,3.9900000000,4.0100000000,3.9500000000,4.0000000000,1162500,4636800.0000,0.221100,0.250600
2019-08-09,4.0400000000,4.0400000000,3.9900000000,4.0000000000,1363700,5471830.0000,0.259300,0.000000
2019-08-12,3.9800000000,4.0300000000,3.9800000000,4.0300000000,1279060,5127893.0000,0.243200,0.750000
2019-08-13,3.9900000000,4.0100000000,3.9700000000,4.0000000000,1113400,4437909.0000,0.211700,-0.744400
2019-08-14,4.0300000000,4.0400000000,4.0000000000,4.0000000000,1113040,4479180.0000,0.211700,0.000000
2019-08-15,3.9100000000,4.0300000000,3.9000000000,4.0300000000,1858640,7361692.0000,0.353400,0.750000
2019-08-16,4.0300000000,4.0600000000,4.0000000000,4.0300000000,1770092,7128972.0000,0.336600,0.000000
2019-08-19,4.0700000000,4.1600000000,4.0400000000,4.1600000000,2594740,10674493.0000,0.493400,3.225800
2019-08-20,4.1600000000,4.2000000000,4.1300000000,4.1600000000,2323948,9676989.0000,0.441900,0.000000
2019-08-21,4.1400000000,4.1800000000,4.1100000000,4.1500000000,1438620,5962856.0000,0.273600,-0.240400
2019-08-22,4.1800000000,4.2200000000,4.1300000000,4.1600000000,2023404,8425874.0000,0.384800,0.241000
2019-08-23,4.1500000000,4.1800000000,4.1100000000,4.1700000000,1461600,6081772.0000,0.277900,0.240400
2019-08-26,4.0600000000,4.1300000000,4.0600000000,4.1100000000,1549540,6354086.0000,0.294700,-1.438800
2019-08-27,4.1600000000,4.1900000000,4.1100000000,4.1800000000,1984820,8260713.0000,0.377400,1.703200
2019-08-28,4.1700000000,4.1800000000,4.1400000000,4.1700000000,1875722,7806613.0000,0.356700,-0.239200
2019-08-29,4.1700000000,4.2100000000,4.1500000000,4.1800000000,2903148,12150968.0000,0.552100,0.239800
2019-08-30,4.2000000000,4.2200000000,4.1000000000,4.1000000000,2822102,11739700.0000,0.536600,-1.913900
2019-09-02,4.1100000000,4.2100000000,4.1000000000,4.2000000000,2538662,10608142.0000,0.482700,2.439000
2019-09-03,4.2000000000,4.2600000000,4.1900000000,4.2600000000,2756794,11672185.0000,0.524200,1.428600
2019-09-04,4.2500000000,4.2800000000,4.2100000000,4.2600000000,1855568,7870562.0000,0.352900,0.000000
2019-09-05,4.2800000000,4.3200000000,4.2600000000,4.2800000000,3349405,14382226.0000,0.636900,0.469500
2019-09-06,4.2700000000,4.3200000000,4.2700000000,4.3200000000,2481522,10651360.0000,0.471900,0.934600
2019-09-09,4.3400000000,4.4700000000,4.3300000000,4.4700000000,5548290,24451333.0000,1.055100,3.472200
2019-09-10,4.4700000000,4.5200000000,4.3900000000,4.4700000000,4179002,18600797.0000,0.794700,0.000000
2019-09-11,4.5200000000,4.5200000000,4.4500000000,4.4600000000,4183712,18783102.0000,0.795600,-0.223700
2019-09-12,4.4600000000,4.5900000000,4.4600000000,4.5700000000,5656509,25687986.0000,1.075600,2.466400
2019-09-16,4.5500000000,4.6600000000,4.5400000000,4.6300000000,3131300,14455020.0000,0.595400,1.312900
2019-09-17,4.6400000000,4.6400000000,4.4500000000,4.4900000000,3788700,17149859.0000,0.720500,-3.023800
2019-09-18,4.5200000000,4.5600000000,4.4900000000,4.5200000000,1916400,8668306.0000,0.364400,0.668200
2019-09-19,4.5200000000,4.5400000000,4.4700000000,4.5000000000,1900100,8558911.0000,0.361300,-0.442500
2019-09-20,4.5400000000,4.5400000000,4.4600000000,4.4900000000,2247500,10114212.0000,0.427400,-0.222200
2019-09-23,4.5100000000,4.5100000000,4.3900000000,4.4400000000,2130260,9422817.0000,0.405100,-1.113600
2019-09-24,4.4000000000,4.4800000000,4.4000000000,4.4300000000,1376400,6110117.0000,0.261700,-0.225200
2019-09-25,4.4000000000,4.4100000000,4.3300000000,4.3500000000,1663700,7259307.0000,0.316400,-1.805900
2019-09-26,4.3300000000,4.4100000000,4.2100000000,4.2100000000,2053442,8751676.0000,0.390500,-3.218400
2019-09-27,4.1800000000,4.3100000000,4.1800000000,4.2700000000,1283200,5487257.0000,0.244000,1.425200
2019-09-30,4.2700000000,4.3200000000,4.2000000000,4.2400000000,1212400,5155215.0000,0.230500,-0.702600
2019-10-08,4.2200000000,4.2900000000,4.2100000000,4.2500000000,1162400,4938741.0000,0.221000,0.235900
2019-10-09,4.2500000000,4.2500000000,4.1800000000,4.2300000000,1182733,4976410.0000,0.224900,-0.470600
2019-10-10,4.2600000000,4.2800000000,4.2200000000,4.2800000000,1305520,5568150.0000,0.248300,1.182000
2019-10-11,4.2900000000,4.3100000000,4.2500000000,4.2800000000,1127702,4824128.0000,0.214400,0.000000
2019-10-14,4.3200000000,4.3700000000,4.3000000000,4.3600000000,1442980,6271163.0000,0.274400,1.869200
2019-10-15,4.3600000000,4.3600000000,4.2900000000,4.3600000000,1425942,6174148.0000,0.271200,0.000000
2019-10-16,4.3600000000,4.3700000000,4.3200000000,4.3400000000,984637,4280060.0000,0.187200,-0.458700
2019-10-17,4.3400000000,4.3800000000,4.2800000000,4.3100000000,1296620,5612113.0000,0.246600,-0.691200
2019-10-18,4.3100000000,4.3500000000,4.2200000000,4.2600000000,1648517,7047265.0000,0.313500,-1.160100
2019-10-21,4.2600000000,4.2800000000,4.1700000000,4.2800000000,1797800,7563787.0000,0.341900,0.469500
2019-10-22,4.2400000000,4.2800000000,4.1900000000,4.2800000000,1265100,5373594.0000,0.240600,0.000000
2019-10-23,4.3000000000,4.3300000000,4.2700000000,4.2800000000,1545710,6652274.0000,0.293900,0.000000
2019-10-24,4.2700000000,4.2900000000,4.2400000000,4.2700000000,889020,3787505.0000,0.169100,-0.233700
2019-10-25,4.2600000000,4.3700000000,4.2600000000,4.3700000000,2169140,9406830.0000,0.412500,2.341900
2019-10-28,4.3800000000,4.4400000000,4.3500000000,4.4300000000,2179422,9615352.0000,0.414400,1.373000
2019-10-29,4.4500000000,4.4500000000,4.3500000000,4.3900000000,1513062,6641790.0000,0.287700,-0.902900
2019-10-30,4.3700000000,4.3900000000,4.2900000000,4.3400000000,1713722,7422889.0000,0.325900,-1.138900
2019-10-31,4.3200000000,4.3600000000,4.2700000000,4.2900000000,1288600,5556003.0000,0.245000,-1.152100
2019-11-01,4.2800000000,4.3500000000,4.2600000000,4.3500000000,1465313,6333422.0000,0.278600,1.398600
2019-11-04,4.3700000000,4.3900000000,4.3200000000,4.3600000000,1518100,6621505.0000,0.288700,0.229900
2019-11-05,4.3400000000,4.3500000000,4.3000000000,4.3400000000,1522400,6577462.0000,0.289500,-0.458700
2019-11-06,4.3400000000,4.3400000000,4.2300000000,4.2300000000,1698066,7245784.0000,0.322900,-2.534600
2019-11-07,4.2300000000,4.2700000000,4.2100000000,4.2600000000,689382,2928304.0000,0.131100,0.709200
2019-11-08,4.2600000000,4.2800000000,4.2300000000,4.2400000000,924361,3927577.0000,0.175800,-0.469500
2019-11-11,4.2400000000,4.2700000000,4.1300000000,4.1500000000,1590102,6639260.0000,0.302400,-2.122600
2019-11-12,4.1300000000,4.1600000000,4.1000000000,4.1200000000,779602,3219954.0000,0.148200,-0.722900
2019-11-13,4.1000000000,4.1400000000,4.0900000000,4.1300000000,942002,3871995.0000,0.179100,0.242700
2019-11-14,4.1000000000,4.1300000000,4.0900000000,4.1300000000,780182,3210512.0000,0.148400,0.000000
2019-11-15,4.1200000000,4.2300000000,4.0900000000,4.1900000000,1837445,7671406.0000,0.349400,1.452800
2019-11-18,4.1700000000,4.6100000000,4.1600000000,4.3800000000,5329207,23330814.0000,1.013400,4.534600
2019-11-19,4.3300000000,4.5700000000,4.3200000000,4.5000000000,8197758,36712238.0000,1.558900,2.739700
2019-11-20,4.4600000000,4.5200000000,4.4000000000,4.4300000000,6722550,29913066.0000,1.278300,-1.555600
2019-11-21,4.3900000000,4.4400000000,4.3100000000,4.4300000000,4855182,21249914.0000,0.923300,0.000000
2019-11-22,4.4000000000,4.4800000000,4.3300000000,4.3800000000,4335378,19057952.0000,0.824400,-1.128700
2019-11-25,4.3300000000,4.4200000000,4.3200000000,4.4200000000,2100659,9195920.0000,0.399500,0.913200
2019-11-26,4.4600000000,4.4600000000,4.2900000000,4.3200000000,2837579,12335730.0000,0.539600,-2.262400
2019-11-27,4.3200000000,4.3500000000,4.2700000000,4.3100000000,1702061,7325308.0000,0.323700,-0.231500
2019-11-28,4.3000000000,4.3000000000,4.2500000000,4.2700000000,1016583,4339291.0000,0.193300,-0.928100
2019-11-29,4.2700000000,4.3000000000,4.2300000000,4.2600000000,814500,3467792.0000,0.154900,-0.234200
2019-12-02,4.2600000000,4.2800000000,4.2200000000,4.2600000000,941060,4001025.0000,0.179000,0.000000
2019-12-03,4.2500000000,4.2700000000,4.2100000000,4.2700000000,1443631,6120407.0000,0.274500,0.234700
2019-12-04,4.2400000000,4.3400000000,4.2400000000,4.2800000000,2098953,8991169.0000,0.399100,0.234200
2019-12-05,4.2900000000,4.3200000000,4.2600000000,4.2800000000,1750340,7495989.0000,0.332800,0.000000
2019-12-06,4.2700000000,4.7100000000,4.2600000000,4.7100000000,10613412,48430565.0000,2.018200,10.046700
2019-12-09,5.1000000000,5.1800000000,4.9900000000,5.1800000000,29457750,151886700.0000,5.601600,9.978800
2019-12-10,5.2200000000,5.7000000000,5.0600000000,5.7000000000,68972361,374363720.0000,13.115700,10.038600
2019-12-11,6.1000000000,6.2700000000,5.6100000000,5.6800000000,89163857,536590214.0000,16.955200,-0.350900
2019-12-12,5.2000000000,5.4900000000,5.2000000000,5.3300000000,62003804,328713872.0000,11.790500,-6.162000
2019-12-13,5.2900000000,5.4300000000,5.1200000000,5.1700000000,37729384,197019540.0000,7.174600,-3.001900
2019-12-16,5.1000000000,5.3200000000,5.0700000000,5.2900000000,32024594,167596833.0000,6.089700,2.321100
2019-12-17,5.2100000000,5.4200000000,5.1700000000,5.3200000000,34607687,183123615.0000,6.580900,0.567100
2019-12-18,5.2900000000,5.5200000000,5.2200000000,5.5000000000,41634326,223501206.0000,7.917100,3.383500
2019-12-19,5.4500000000,5.7600000000,5.3600000000,5.3900000000,43910042,243902785.0000,8.349900,-2.000000
2019-12-20,5.2000000000,5.2500000000,5.0600000000,5.0600000000,31770196,163061430.0000,6.041400,-6.122400
2019-12-23,4.9800000000,4.9800000000,4.8500000000,4.8600000000,16600348,81337501.0000,3.156700,-3.952600
2019-12-24,4.8300000000,4.9400000000,4.8300000000,4.9300000000,8639118,42378655.0000,1.642800,1.440300
2019-12-25,4.9400000000,4.9700000000,4.8400000000,4.8800000000,11386841,55801410.0000,2.165300,-1.014200
2019-12-26,4.8800000000,5.0200000000,4.8400000000,5.0000000000,15262424,75564663.0000,2.902300,2.459000
2019-12-27,5.0100000000,5.0300000000,4.8400000000,4.8500000000,13676080,67528455.0000,2.600600,-3.000000
2019-12-30,4.7400000000,4.9000000000,4.7100000000,4.9000000000,10593172,50870612.0000,2.014400,1.030900
2019-12-31,4.8500000000,4.9500000000,4.8400000000,4.8900000000,8836397,43141131.0000,1.680300,-0.204100
2020-01-02,4.8800000000,5.1100000000,4.8600000000,5.0400000000,19649340,98372151.0000,3.736500,3.067500
2020-01-03,5.0400000000,5.0900000000,4.9400000000,4.9900000000,16266467,81525922.0000,3.093200,-0.992100
2020-01-06,4.9500000000,5.0600000000,4.8900000000,5.0000000000,14744879,73519630.0000,2.803900,0.200400
2020-01-07,5.0200000000,5.3400000000,5.0200000000,5.2300000000,27768799,145314345.0000,4.483200,4.600000
2020-01-08,5.1600000000,5.3500000000,5.1000000000,5.2000000000,21011138,109267178.0000,3.392200,-0.573600
2020-01-09,5.1700000000,5.3000000000,5.1600000000,5.2000000000,16141728,84154377.0000,2.606000,0.000000
2020-01-10,5.2300000000,5.2300000000,5.0500000000,5.1200000000,11087262,56681884.0000,1.790000,-1.538500
2020-01-13,5.0400000000,5.1300000000,5.0400000000,5.1200000000,6944617,35303479.0000,1.121200,0.000000
2020-01-14,5.1300000000,5.1400000000,5.0500000000,5.0900000000,7571778,38532757.0000,1.222400,-0.585900
2020-01-15,5.1200000000,5.1300000000,4.9300000000,4.9900000000,8665987,43334121.0000,1.399100,-1.964600
2020-01-16,5.0100000000,5.1000000000,4.9500000000,4.9600000000,8182820,41105480.0000,1.321100,-0.601200
2020-01-17,4.9600000000,5.0000000000,4.9000000000,4.9000000000,6654184,32915029.0000,1.074300,-1.209700
2020-01-20,4.8900000000,4.9400000000,4.8400000000,4.9300000000,5688659,27762577.0000,0.918400,0.612200
2020-01-21,4.9000000000,4.9900000000,4.8700000000,4.9300000000,5125607,25219249.0000,0.827500,0.000000
2020-01-22,4.4400000000,4.6600000000,4.4400000000,4.4400000000,22199133,99146290.0000,3.584000,-9.939100
2020-01-23,4.3500000000,4.4800000000,4.2100000000,4.2800000000,9184443,40150427.0000,1.482800,-3.603600
2020-02-03,3.8500000000,3.8500000000,3.8500000000,3.8500000000,2943200,11331320.0000,0.475200,-10.046700
2020-02-04,3.4700000000,3.8500000000,3.4700000000,3.8000000000,14370146,52946168.0000,2.320000,-1.298700
2020-02-05,3.7800000000,4.0700000000,3.7800000000,4.0200000000,13418199,53320743.0000,2.166300,5.789500
2020-02-06,4.0600000000,4.2100000000,3.9600000000,4.1500000000,10670220,43929742.0000,1.722700,3.233800
2020-02-07,4.1400000000,4.2500000000,4.1000000000,4.1900000000,8619028,35882615.0000,1.391500,0.963900
2020-02-10,4.1900000000,4.2600000000,4.1500000000,4.1900000000,6093022,25620220.0000,0.983700,0.000000
2020-02-11,4.1700000000,4.2100000000,4.1000000000,4.1500000000,6113182,25331170.0000,0.986900,-0.954700
2020-02-12,4.1900000000,4.1900000000,4.0700000000,4.1600000000,6408428,26440542.0000,1.034600,0.241000
2020-02-13,4.1800000000,4.1800000000,4.0500000000,4.0600000000,7000724,28632534.0000,1.130200,-2.403800
2020-02-14,4.0700000000,4.0800000000,4.0000000000,4.0200000000,4757020,19202078.0000,0.768000,-0.985200
2020-02-17,4.0500000000,4.1600000000,4.0200000000,4.1600000000,6633822,27361259.0000,1.071000,3.482600
2020-02-18,4.1700000000,4.3300000000,4.1700000000,4.2700000000,10413820,44069243.0000,1.681300,2.644200
2020-02-19,4.2500000000,4.2500000000,4.1600000000,4.1600000000,6953740,29166801.0000,1.122700,-2.576100
2020-02-20,4.1600000000,4.2500000000,4.1600000000,4.2500000000,6516862,27494461.0000,1.052100,2.163500
2020-02-21,4.2500000000,4.3200000000,4.2200000000,4.2700000000,7590880,32404742.0000,1.225500,0.470600
2020-02-24,4.2500000000,4.2700000000,4.1700000000,4.2700000000,7553747,31983436.0000,1.219500,0.000000
2020-02-25,4.2200000000,4.2200000000,4.0100000000,4.1700000000,9020227,37442696.0000,1.456300,-2.341900
2020-02-26,4.1000000000,4.3300000000,4.1000000000,4.2200000000,10004270,42604780.0000,1.615100,1.199000
2020-02-27,4.1300000000,4.3300000000,4.1300000000,4.2800000000,9690946,41335958.0000,1.564600,1.421800
2020-02-28,4.1500000000,4.2000000000,4.0200000000,4.0200000000,9219272,37918287.0000,1.488400,-6.074800
2020-03-02,4.0300000000,4.1600000000,4.0300000000,4.1400000000,5088389,20934116.0000,0.821500,2.985100
2020-03-03,4.2000000000,4.2600000000,4.1300000000,4.1500000000,5930824,24899051.0000,0.957500,0.241600
2020-03-04,4.1000000000,4.2500000000,4.1000000000,4.2000000000,6133255,25631216.0000,0.990200,1.204800
2020-03-05,4.2800000000,4.3700000000,4.2100000000,4.3400000000,10177973,43658333.0000,1.643200,3.333300
2020-03-06,4.2900000000,4.4800000000,4.2600000000,4.4000000000,11289683,49515086.0000,1.822700,1.382500
2020-03-09,4.3700000000,4.4000000000,4.2200000000,4.2200000000,8248856,35334126.0000,1.331700,-4.090900
2020-03-10,4.1300000000,4.3000000000,4.1000000000,4.2800000000,8029771,33682063.0000,1.296400,1.421800
2020-03-11,4.2800000000,4.4700000000,4.2600000000,4.3400000000,11509760,50554620.0000,1.858200,1.401900
2020-03-12,4.3000000000,4.5200000000,4.2400000000,4.4700000000,14061218,62022672.0000,2.270100,2.995400
2020-03-13,4.2000000000,4.4400000000,4.2000000000,4.3600000000,12103423,52103134.0000,1.954000,-2.460800
2020-03-16,4.4100000000,4.4400000000,4.0600000000,4.0600000000,10719608,45972532.0000,1.730600,-6.880700
2020-03-17,4.1000000000,4.1800000000,3.8500000000,4.0100000000,8152942,32683004.0000,1.316300,-1.231500
2020-03-18,4.0600000000,4.1000000000,3.9400000000,3.9500000000,5930988,23869817.0000,0.957500,-1.496300
2020-03-19,3.9500000000,3.9900000000,3.8500000000,3.9400000000,5071902,19865803.0000,0.818800,-0.253200
2020-03-20,3.9900000000,4.0400000000,3.9500000000,4.0200000000,3908740,15612218.0000,0.631100,2.030500
2020-03-23,3.9500000000,3.9900000000,3.8900000000,3.8900000000,4128080,16230861.0000,0.666500,-3.233800
2020-03-24,3.9500000000,4.0000000000,3.8800000000,3.9700000000,3291082,12962966.0000,0.531300,2.056600
2020-03-25,4.0400000000,4.0900000000,3.9900000000,4.0500000000,4466240,18048530.0000,0.721100,2.015100
2020-03-26,4.0200000000,4.0400000000,3.9500000000,3.9800000000,5442042,21720682.0000,0.878600,-1.728400
2020-03-27,4.0300000000,4.0600000000,3.9700000000,3.9900000000,4727002,18961577.0000,0.763200,0.251300
2020-03-30,4.0000000000,4.0000000000,3.8600000000,3.8800000000,4573600,17794140.0000,0.738400,-2.756900
2020-03-31,3.9200000000,3.9200000000,3.8700000000,3.8800000000,2595509,10086880.0000,0.419000,0.000000
2020-04-01,3.9000000000,4.2600000000,3.8500000000,3.9600000000,9519704,38417394.0000,1.536900,2.061900
2020-04-02,3.8700000000,3.9600000000,3.8000000000,3.9600000000,6183542,24020752.0000,0.998300,0.000000
2020-04-03,3.9500000000,4.0000000000,3.8700000000,3.9000000000,3951320,15541488.0000,0.637900,-1.515200
2020-04-07,3.9500000000,4.0000000000,3.9300000000,3.9800000000,3950560,15661533.0000,0.637800,2.051300
2020-04-08,3.9700000000,4.0200000000,3.9400000000,3.9900000000,4437094,17699330.0000,0.716400,0.251300
2020-04-09,4.0000000000,4.0500000000,3.9600000000,4.0200000000,4053873,16328577.0000,0.654500,0.751900
2020-04-10,4.0200000000,4.0300000000,3.9100000000,3.9200000000,3727660,14727528.0000,0.601800,-2.487600
2020-04-13,3.9200000000,3.9200000000,3.8400000000,3.8500000000,2793120,10793535.0000,0.450900,-1.785700
2020-04-14,3.8600000000,3.9100000000,3.8500000000,3.9000000000,2358840,9162486.0000,0.380800,1.298700
2020-04-15,3.8600000000,3.9000000000,3.8500000000,3.8500000000,2681140,10373815.0000,0.432900,-1.282100
2020-04-16,3.8400000000,3.8500000000,3.8100000000,3.8100000000,3134920,11992972.0000,0.506100,-1.039000
2020-04-17,3.8400000000,3.8400000000,3.7900000000,3.7900000000,2779400,10603762.0000,0.448700,-0.524900
2020-04-20,3.8000000000,3.8100000000,3.7600000000,3.7900000000,2716000,10280289.0000,0.438500,0.000000
2020-04-21,3.7900000000,3.7900000000,3.7100000000,3.7200000000,2432320,9094088.0000,0.392700,-1.847000
2020-04-22,3.7100000000,3.7700000000,3.6700000000,3.7500000000,2837509,10504710.0000,0.458100,0.806500
2020-04-23,3.7500000000,3.7900000000,3.7000000000,3.7800000000,2455840,9183512.0000,0.396500,0.800000
2020-04-24,3.7500000000,3.7700000000,3.7000000000,3.7100000000,2294920,8558111.0000,0.370500,-1.851900
2020-04-27,3.7100000000,3.7500000000,3.6200000000,3.6200000000,2475762,9077780.0000,0.399700,-2.425900
2020-04-28,3.6200000000,3.6800000000,3.4600000000,3.5500000000,3436689,12239107.0000,0.554800,-1.933700
2020-04-29,3.5700000000,3.6000000000,3.5100000000,3.5400000000,3085802,10942089.0000,0.498200,-0.281700
2020-04-30,3.5600000000,3.6500000000,3.5400000000,3.6500000000,2511895,9035214.0000,0.405500,3.107300
2020-05-06,3.6400000000,3.6800000000,3.5800000000,3.6700000000,2909722,10564440.0000,0.469800,0.547900
2020-05-07,3.6600000000,3.7500000000,3.6400000000,3.6700000000,2801836,10330578.0000,0.452300,0.000000
2020-05-08,3.6900000000,3.7200000000,3.6600000000,3.7000000000,2464379,9106937.0000,0.397900,0.817400
2020-05-11,3.7500000000,3.7800000000,3.7100000000,3.7300000000,2858084,10685389.0000,0.461400,0.810800
2020-05-12,3.7300000000,3.7500000000,3.6700000000,3.7000000000,2345440,8710531.0000,0.378700,-0.804300
2020-05-13,3.7100000000,3.7500000000,3.6800000000,3.7300000000,1351640,5025204.0000,0.218200,0.810800
2020-05-14,3.7200000000,3.7400000000,3.6700000000,3.6800000000,1638582,6058638.0000,0.264500,-1.340500
2020-05-15,3.7000000000,3.7000000000,3.6500000000,3.6700000000,1737387,6390608.0000,0.280500,-0.271700
2020-05-18,3.6700000000,3.6700000000,3.5500000000,3.5600000000,3362220,12078499.0000,0.542800,-2.997300
2020-05-19,3.6000000000,3.6400000000,3.5600000000,3.6200000000,2600880,9347463.0000,0.419900,1.685400
2020-05-20,3.6000000000,3.6400000000,3.5400000000,3.5500000000,2253422,8044703.0000,0.363800,-1.933700
2020-05-21,3.5600000000,3.5700000000,3.5100000000,3.5200000000,1760000,6237918.0000,0.284100,-0.845100
2020-05-22,3.5000000000,3.5500000000,3.4600000000,3.5500000000,2786342,9759463.0000,0.449800,0.852300
2020-05-25,3.5500000000,3.5800000000,3.5100000000,3.5100000000,1513602,5356844.0000,0.244400,-1.126800
2020-05-26,3.5400000000,3.5900000000,3.5100000000,3.5800000000,2021202,7188228.0000,0.326300,1.994300
2020-05-27,3.5800000000,3.6700000000,3.5700000000,3.6500000000,2670900,9683658.0000,0.431200,1.955300
2020-05-28,3.6400000000,3.6800000000,3.5800000000,3.6300000000,2388440,8651175.0000,0.385600,-0.547900
2020-05-29,3.6000000000,3.6800000000,3.6000000000,3.6600000000,2458142,8979373.0000,0.396900,0.826400
2020-06-01,3.7900000000,3.9700000000,3.7000000000,3.8400000000,11347808,43841621.0000,1.832100,4.918000
2020-06-02,3.8500000000,3.9200000000,3.7600000000,3.8200000000,6985765,26655697.0000,1.127800,-0.520800
2020-06-03,3.7800000000,3.8300000000,3.7700000000,3.7800000000,4537380,17229452.0000,0.732500,-1.047100
2020-06-04,3.7900000000,4.0500000000,3.7600000000,3.9600000000,11916684,46442115.0000,1.923900,4.761900
2020-06-05,3.9900000000,3.9900000000,3.8800000000,3.9000000000,5306368,20807758.0000,0.856700,-1.515200
2020-06-08,3.8800000000,4.0900000000,3.8800000000,4.0100000000,8076487,32250683.0000,1.303900,2.820500
2020-06-09,4.0400000000,4.0800000000,3.9500000000,4.0300000000,4566854,18270415.0000,0.737300,0.498800
2020-06-10,4.0000000000,4.0600000000,3.8800000000,3.8900000000,4734278,18663002.0000,0.764300,-3.473900
2020-06-11,3.9000000000,4.0500000000,3.8700000000,3.9700000000,6746956,26717510.0000,1.089300,2.056600
2020-06-12,3.8500000000,4.3700000000,3.8500000000,4.3700000000,18361710,76198113.0000,2.964400,10.075600
2020-06-15,4.4500000000,4.7900000000,4.3300000000,4.3900000000,33242892,150890258.0000,5.366900,0.457700
2020-06-16,4.3300000000,4.5200000000,4.2200000000,4.4000000000,18621504,81023589.0000,3.006400,0.227800
2020-06-17,4.3500000000,4.3800000000,4.2000000000,4.3000000000,12600645,53898361.0000,2.034300,-2.272700
2020-06-18,4.3100000000,4.4500000000,4.2200000000,4.2400000000,10817845,46725926.0000,1.746500,-1.395400
2020-06-19,4.2000000000,4.2600000000,4.1300000000,4.1600000000,8127525,34031069.0000,1.312200,-1.886800
2020-06-22,4.1500000000,4.1800000000,4.0500000000,4.0800000000,7093100,29022963.0000,1.145200,-1.923100
2020-06-23,4.0800000000,4.3500000000,4.0600000000,4.2600000000,13471862,57159886.0000,2.175000,4.411800
2020-06-24,4.2900000000,4.4200000000,4.1600000000,4.1700000000,8138362,34517121.0000,1.313900,-2.112700
2020-06-29,4.1000000000,4.1700000000,4.0500000000,4.1700000000,6547820,26901756.0000,1.057100,0.000000
2020-06-30,4.1700000000,4.2500000000,4.1300000000,4.2100000000,4824341,20204903.0000,0.778900,0.959200
2020-07-01,4.1900000000,4.3400000000,4.1700000000,4.2300000000,5787302,24688478.0000,0.934300,0.475100
2020-07-02,4.2000000000,4.2900000000,4.1800000000,4.2400000000,6635410,28106954.0000,1.071300,0.236400
2020-07-03,4.2300000000,4.2700000000,4.1900000000,4.2400000000,5291700,22398294.0000,0.854300,0.000000
2020-07-06,4.2400000000,4.4100000000,4.2400000000,4.3700000000,11505185,49876767.0000,1.857500,3.066000
2020-07-07,4.3800000000,4.5600000000,4.3100000000,4.4700000000,13335928,59420641.0000,2.153000,2.288300
2020-07-08,4.4600000000,4.5300000000,4.3900000000,4.5000000000,12094403,54039204.0000,1.952600,0.671100
2020-07-09,4.5000000000,4.7000000000,4.4700000000,4.6400000000,11724869,54051709.0000,1.892900,3.111100
2020-07-10,4.7500000000,4.8200000000,4.6100000000,4.6300000000,14009894,65870299.0000,2.261800,-0.215500
2020-07-13,4.6300000000,4.7500000000,4.5900000000,4.7200000000,10904947,51053545.0000,1.760600,1.943800
2020-07-14,4.6900000000,4.9400000000,4.6400000000,4.8300000000,14577182,70046480.0000,2.353400,2.330500
2020-07-15,4.8000000000,4.9000000000,4.6000000000,4.6200000000,9213469,43424292.0000,1.487500,-4.347800
2020-07-16,4.6700000000,4.6900000000,4.3600000000,4.3900000000,8897590,40373463.0000,1.436500,-4.978400
2020-07-17,4.4000000000,4.4800000000,4.3100000000,4.3400000000,5756842,25167321.0000,0.929400,-1.138900
2020-07-20,4.3700000000,4.4900000000,4.3700000000,4.4800000000,4835565,21491960.0000,0.780700,3.225800
2020-07-21,4.4800000000,4.5800000000,4.4600000000,4.5400000000,5201601,23519290.6800,0.839800,1.339300
2020-07-22,4.5100000000,4.5600000000,4.3900000000,4.4000000000,8165242,36605099.9200,1.318200,-3.083700
2020-07-23,4.3800000000,4.4200000000,4.2500000000,4.3200000000,7153182,30879205.7600,1.154900,-1.818200
2020-07-24,4.3100000000,4.3700000000,4.1800000000,4.1900000000,6492942,27672662.8000,1.048300,-3.009300
2020-07-27,4.2200000000,4.2700000000,4.0900000000,4.1300000000,4297363,17776322.0200,0.693800,-1.432000
2020-07-28,4.1400000000,4.5400000000,4.0900000000,4.5400000000,8656052,37522947.1200,1.397500,9.927400
2020-07-29,4.5400000000,4.5900000000,4.3900000000,4.5400000000,15586167,70019834.9300,2.516300,0.000000
2020-07-30,4.5400000000,4.5400000000,4.3700000000,4.3800000000,9033830,40010745.0800,1.458500,-3.524200
2020-07-31,4.3500000000,4.4400000000,4.3000000000,4.3800000000,6087605,26525751.9400,0.982800,0.000000
2020-08-03,4.4100000000,4.5400000000,4.3800000000,4.5400000000,11509872,51578743.6200,1.858200,3.653000
2020-08-04,4.6000000000,4.6000000000,4.4700000000,4.4800000000,8342120,37745677.6500,1.346800,-1.321600
2020-08-05,4.5000000000,4.5600000000,4.4300000000,4.5000000000,6343540,28519553.6000,1.024100,0.446400
2020-08-06,4.5100000000,4.5900000000,4.4100000000,4.5500000000,7440002,33445039.0000,1.201200,1.111100
2020-08-07,4.5200000000,4.5500000000,4.4200000000,4.4700000000,5340459,23881131.8900,0.862200,-1.758200
2020-08-10,4.4500000000,4.5400000000,4.4400000000,4.5300000000,4665424,20981445.9900,0.753200,1.342300
2020-08-11,4.5400000000,4.5400000000,4.3800000000,4.3800000000,5331520,23811712.8400,0.860800,-3.311300
2020-08-12,4.3400000000,4.4100000000,4.2900000000,4.4100000000,4691862,20376864.5000,0.757500,0.684900
2020-08-13,4.4100000000,4.6100000000,4.4100000000,4.5100000000,6826567,30897675.5200,1.102100,2.267600
2020-08-14,4.5400000000,4.5900000000,4.5000000000,4.5800000000,6578900,29939060.0000,1.062100,1.552100
2020-08-17,4.6100000000,4.6400000000,4.5600000000,4.6300000000,6902528,31840647.0600,1.114400,1.091700
2020-08-18,4.6100000000,4.6200000000,4.5500000000,4.5600000000,5836100,26685825.2000,0.942200,-1.511900
2020-08-19,4.5800000000,4.5900000000,4.4200000000,4.4300000000,6503160,29188233.6200,1.049900,-2.850900
2020-08-20,4.4300000000,4.5600000000,4.4000000000,4.5000000000,6013814,27055116.5400,0.970900,1.580100
2020-08-21,4.4700000000,4.6200000000,4.4700000000,4.4900000000,6154720,27835393.2000,0.993700,-0.222200
2020-08-24,4.4800000000,4.5200000000,4.4000000000,4.4400000000,5080102,22617673.0000,0.820200,-1.113600
2020-08-25,4.4400000000,4.4600000000,4.3700000000,4.3800000000,4442822,19561441.9600,0.717300,-1.351400
2020-08-26,4.3800000000,4.4100000000,4.2200000000,4.2500000000,5337820,22956780.8000,0.861800,-2.968000
2020-08-27,4.2500000000,4.3700000000,4.2100000000,4.3500000000,4175582,18009734.1400,0.674100,2.352900
2020-08-28,4.3400000000,4.3800000000,4.3000000000,4.3500000000,3242520,14069280.2000,0.523500,0.000000
2020-08-31,4.3700000000,4.4700000000,4.3500000000,4.3500000000,3450020,15215279.4000,0.557000,0.000000
2020-09-01,4.3500000000,4.3700000000,4.2800000000,4.3100000000,3511100,15135631.3500,0.566900,-0.919500
2020-09-02,4.3000000000,4.3300000000,4.2300000000,4.3100000000,4607500,19742550.2000,0.743900,0.000000
2020-09-03,4.2900000000,4.3800000000,4.2900000000,4.2900000000,4350767,18824733.1800,0.702400,-0.464000
2020-09-04,4.2300000000,4.3200000000,4.2000000000,4.3000000000,3668234,15657492.9900,0.592200,0.233100
2020-09-07,4.3000000000,4.3700000000,4.2400000000,4.2600000000,3983615,17157637.4800,0.643100,-0.930200
2020-09-08,4.2500000000,4.3600000000,4.2300000000,4.3600000000,4750333,20397515.5800,0.766900,2.347400
2020-09-09,4.3400000000,4.4500000000,4.2700000000,4.3400000000,8178920,35797456.1000,1.320500,-0.458700
2020-09-10,4.3500000000,4.3700000000,4.1000000000,4.1000000000,9579642,40518231.6200,1.546600,-5.530000
2020-09-11,4.1000000000,4.1700000000,4.0500000000,4.1400000000,4261280,17479246.6000,0.688000,0.975600
2020-09-14,4.1500000000,4.2100000000,4.1300000000,4.1900000000,2781520,11616295.4000,0.449100,1.207700
2020-09-15,4.1600000000,4.2100000000,4.1200000000,4.1500000000,2412740,10023628.0000,0.389500,-0.954700
2020-09-16,4.1500000000,4.1600000000,4.1000000000,4.1400000000,2001800,8256009.0000,0.323200,-0.241000
2020-09-17,4.1400000000,4.1900000000,4.0900000000,4.1600000000,2568820,10632158.2000,0.414700,0.483100
2020-09-18,4.1500000000,4.2200000000,4.1200000000,4.2100000000,3385863,14163742.2000,0.546600,1.201900
2020-09-21,4.1900000000,4.2400000000,4.1500000000,4.1700000000,2619676,10981554.6800,0.422900,-0.950100
2020-09-22,4.1300000000,4.1300000000,4.0500000000,4.0500000000,3990300,16346479.0000,0.644200,-2.877700
2020-09-23,4.0500000000,4.0900000000,4.0500000000,4.0600000000,1568924,6375477.4200,0.253300,0.246900
2020-09-24,4.0600000000,4.0600000000,3.9500000000,3.9500000000,3429320,13662190.0000,0.553600,-2.709400
2020-09-25,3.9900000000,4.0000000000,3.8900000000,3.9200000000,2343360,9197078.0000,0.378300,-0.759500
2020-09-28,3.9600000000,3.9600000000,3.8200000000,3.8400000000,2269009,8754287.2400,0.366300,-2.040800
2020-09-29,3.8600000000,3.9300000000,3.8400000000,3.9000000000,1991480,7768799.8000,0.321500,1.562500
2020-09-30,3.9100000000,3.9500000000,3.8600000000,3.9200000000,2318900,9062273.0000,0.374400,0.512800
2020-10-09,3.9700000000,4.0100000000,3.9600000000,3.9900000000,1407760,5621132.8000,0.227300,1.785700
2020-10-12,3.9900000000,4.1200000000,3.9900000000,4.1100000000,2508000,10222782.2000,0.404900,3.007500
2020-10-13,4.0800000000,4.1000000000,4.0600000000,4.0900000000,1458600,5941342.0000,0.235500,-0.486600
2020-10-14,4.0600000000,4.0700000000,4.0000000000,4.0400000000,2183300,8801589.0000,0.352500,-1.222500
2020-10-15,4.0000000000,4.0600000000,4.0000000000,4.0300000000,1171309,4719647.0000,0.189100,-0.247500
2020-10-16,4.0100000000,4.1300000000,4.0000000000,4.0900000000,3063815,12475067.6500,0.494600,1.488800
2020-10-19,4.1400000000,4.1400000000,4.0400000000,4.0400000000,1707562,6972946.1000,0.275700,-1.222500
2020-10-20,4.0500000000,4.1000000000,4.0300000000,4.1000000000,1543660,6286235.4000,0.249200,1.485100
2020-10-21,4.0900000000,4.1000000000,4.0500000000,4.0600000000,1049007,4268612.2900,0.169400,-0.975600
2020-10-22,4.0800000000,4.1000000000,4.0400000000,4.0700000000,1799512,7313848.1000,0.290500,0.246300
2020-10-23,4.0800000000,4.1000000000,4.0000000000,4.0200000000,1647906,6666777.6500,0.266000,-1.228500
2020-10-26,4.0200000000,4.0200000000,3.9500000000,3.9700000000,1719776,6840437.7800,0.277700,-1.243800
2020-10-27,3.9800000000,4.0000000000,3.9000000000,3.9600000000,1662224,6586097.8000,0.268400,-0.251900
2020-10-28,3.9200000000,3.9900000000,3.8900000000,3.9600000000,2333191,9194469.3500,0.376700,0.000000
2020-10-29,3.9500000000,3.9500000000,3.8600000000,3.9100000000,1383320,5424519.0000,0.223300,-1.262600
2020-10-30,3.9100000000,3.9300000000,3.7800000000,3.7900000000,3567260,13726815.1800,0.575900,-3.069100
2020-11-02,3.8000000000,3.8200000000,3.7000000000,3.7600000000,3522920,13202488.4000,0.568800,-0.791600
2020-11-03,3.7600000000,3.8600000000,3.7500000000,3.8600000000,2586162,9900068.3800,0.417500,2.659600
2020-11-04,3.8600000000,3.8900000000,3.7800000000,3.7900000000,2160320,8249673.2000,0.348800,-1.813500
2020-11-05,3.8300000000,3.8400000000,3.7700000000,3.8300000000,1984070,7554114.4000,0.320300,1.055400
2020-11-06,3.8300000000,3.8500000000,3.7700000000,3.8000000000,1601540,6091686.8000,0.258600,-0.783300
2020-11-09,3.8000000000,3.8700000000,3.8000000000,3.8700000000,2974964,11451713.5800,0.480300,1.842100
2020-11-10,3.8800000000,3.9000000000,3.8100000000,3.8300000000,2958260,11367861.6000,0.477600,-1.033600
2020-11-11,3.8300000000,3.8300000000,3.7700000000,3.7900000000,2004002,7623227.5600,0.323500,-1.044400
2020-11-12,3.7800000000,3.8100000000,3.7800000000,3.8100000000,1792920,6799197.8000,0.289500,0.527700
2020-11-13,3.8000000000,3.8100000000,3.7700000000,3.8100000000,1617054,6126563.0400,0.261100,0.000000
2020-11-16,3.8100000000,3.8500000000,3.8000000000,3.8500000000,1722600,6605271.0000,0.278100,1.049900
2020-11-17,3.8600000000,3.8600000000,3.8100000000,3.8300000000,1207500,4620459.0000,0.194900,-0.519500
2020-11-18,3.8400000000,3.8800000000,3.8000000000,3.8500000000,1743800,6714977.7800,0.281500,0.522200
2020-11-19,3.8300000000,3.8700000000,3.8100000000,3.8400000000,2400400,9211931.0000,0.387500,-0.259700
2020-11-20,3.8300000000,3.8600000000,3.8200000000,3.8500000000,1907600,7325657.5600,0.308000,0.260400
2020-11-23,3.8700000000,3.9100000000,3.8300000000,3.8900000000,2576572,9983889.4900,0.416000,1.039000
2020-11-24,3.8900000000,3.9100000000,3.8200000000,3.8400000000,2895260,11192068.0000,0.467400,-1.285300
2020-11-25,3.8400000000,3.8700000000,3.8100000000,3.8300000000,2575305,9884229.8000,0.415800,-0.260400
2020-11-26,3.8100000000,3.8500000000,3.8100000000,3.8200000000,1957072,7478667.7200,0.316000,-0.261100
2020-11-27,3.8400000000,3.8500000000,3.7600000000,3.7800000000,2864945,10853664.6500,0.462500,-1.047100
2020-11-30,3.7800000000,3.8200000000,3.7600000000,3.7800000000,3503722,13271325.7600,0.565700,0.000000
2020-12-01,3.7800000000,3.8400000000,3.7500000000,3.8100000000,2978300,11303129.0000,0.480800,0.793700
2020-12-02,3.8100000000,3.8300000000,3.7800000000,3.8000000000,2367249,8979487.9800,0.382200,-0.262500
2020-12-03,3.8100000000,3.8200000000,3.7700000000,3.8100000000,2104900,7986821.7500,0.339800,0.263200
2020-12-04,3.8200000000,3.8200000000,3.7900000000,3.8000000000,1791140,6805236.6000,0.289200,-0.262500
2020-12-07,3.8100000000,3.8100000000,3.7500000000,3.7700000000,2047109,7742527.9300,0.330500,-0.789500
2020-12-08,3.7700000000,3.7800000000,3.7500000000,3.7500000000,1781327,6695413.2500,0.287600,-0.530500
2020-12-09,3.7700000000,3.7700000000,3.6700000000,3.6700000000,2609100,9690188.0000,0.421200,-2.133300
2020-12-10,3.6800000000,3.7200000000,3.6600000000,3.6800000000,1392405,5131076.5000,0.224800,0.272500
2020-12-11,3.7000000000,3.7100000000,3.5900000000,3.6000000000,2530365,9192684.9500,0.408500,-2.173900
2020-12-14,3.6100000000,3.6400000000,3.5500000000,3.6000000000,1898269,6829159.3300,0.306500,0.000000
2020-12-15,3.6000000000,3.6000000000,3.5600000000,3.5700000000,1401466,5015476.8600,0.226300,-0.833300
2020-12-16,3.5900000000,3.6100000000,3.5000000000,3.5800000000,2435640,8650688.5200,0.393200,0.280100
2020-12-17,3.5500000000,3.5900000000,3.5100000000,3.5700000000,1894200,6718680.0000,0.305800,-0.279300
2020-12-18,3.5700000000,3.7400000000,3.5500000000,3.6500000000,4151144,15097074.5000,0.670200,2.240900
2020-12-21,3.6600000000,3.6700000000,3.6000000000,3.6400000000,2352900,8565765.0000,0.379900,-0.274000
2020-12-22,3.6200000000,3.6400000000,3.5600000000,3.5700000000,1717100,6180800.0000,0.277200,-1.923100
2020-12-23,3.5900000000,3.6400000000,3.5600000000,3.6200000000,2235802,8038308.5400,0.361000,1.400600
2020-12-24,3.6200000000,3.6200000000,3.5100000000,3.5300000000,2041702,7255030.1800,0.329600,-2.486200
2020-12-25,3.5400000000,3.5700000000,3.5100000000,3.5300000000,1417605,5026811.5500,0.228900,0.000000
2020-12-28,3.5500000000,3.5500000000,3.5000000000,3.5300000000,2171220,7635571.4000,0.350500,0.000000
2020-12-29,3.5300000000,3.5700000000,3.5100000000,3.5600000000,1474746,5230346.2600,0.238100,0.849900
2020-12-30,3.5600000000,3.5700000000,3.5200000000,3.5300000000,1200100,4253001.0000,0.193800,-0.842700
2020-12-31,3.5500000000,3.5800000000,3.5300000000,3.5800000000,1656700,5899148.4000,0.267500,1.416400
2021-01-04,3.5900000000,3.6000000000,3.5200000000,3.5600000000,1800999,6412713.4500,0.290800,-0.558700
2021-01-05,3.5600000000,3.5600000000,3.5000000000,3.5200000000,2290096,8058548.3600,0.369700,-1.123600
2021-01-06,3.5300000000,3.5300000000,3.3900000000,3.4500000000,3249261,11215355.6200,0.524600,-1.988600
2021-01-07,3.4500000000,3.4600000000,3.3200000000,3.3300000000,3648580,12306624.4000,0.589000,-3.478300
2021-01-08,3.3300000000,3.3900000000,3.2200000000,3.3600000000,2054486,6841854.7600,0.331700,0.900900
2021-01-11,3.3600000000,3.3600000000,3.2300000000,3.2300000000,2621357,8620222.6800,0.423200,-3.869000
2021-01-12,3.2300000000,3.3000000000,3.2100000000,3.2600000000,2117362,6900807.7000,0.341800,0.928800
2021-01-13,3.2600000000,3.2600000000,3.1400000000,3.1500000000,2569591,8189535.4800,0.414900,-3.374200
2021-01-14,3.1800000000,3.1800000000,3.0900000000,3.1600000000,2066498,6477766.4600,0.333600,0.317500
2021-01-15,3.1700000000,3.2700000000,3.1500000000,3.2400000000,2615703,8459732.6000,0.422300,2.531600
2021-01-18,3.2600000000,3.3400000000,3.2200000000,3.3000000000,2151400,7096578.9400,0.347300,1.851900
2021-01-19,3.3000000000,3.3700000000,3.2700000000,3.3300000000,2606703,8670551.0200,0.420800,0.909100
2021-01-20,3.3300000000,3.3500000000,3.2600000000,3.3200000000,1462700,4858479.0000,0.236100,-0.300300
2021-01-21,3.3400000000,3.3800000000,3.3000000000,3.3300000000,1608520,5369697.9800,0.259700,0.301200
2021-01-22,3.3400000000,3.3500000000,3.2800000000,3.2800000000,2266881,7481851.2900,0.366000,-1.501500
2021-01-25,3.2800000000,3.2800000000,3.1800000000,3.2000000000,2241100,7238584.0000,0.361800,-2.439000
2021-01-26,3.3000000000,3.5200000000,3.2800000000,3.5200000000,6066295,20839531.4800,0.979400,10.000000
2021-01-27,3.5800000000,3.8700000000,3.5800000000,3.8700000000,10802026,40806945.6800,1.743900,9.943200
2021-01-28,4.2600000000,4.2600000000,4.2600000000,4.2600000000,4536603,19325928.7800,0.732400,10.077500
2021-01-29,4.6900000000,4.6900000000,4.4200000000,4.6900000000,67709727,314747137.3600,10.931500,10.093900
2021-02-01,5.0100000000,5.1600000000,4.9200000000,5.1600000000,74035342,379703675.3200,11.952700,10.021300
2021-02-02,5.2000000000,5.2900000000,4.6400000000,4.6400000000,18972000,94272317.8000,3.063000,-10.077500
2021-02-03,4.2800000000,5.1000000000,4.2800000000,5.1000000000,116296845,562179316.1400,18.775700,9.913800
2021-02-04,4.5900000000,4.6700000000,4.5900000000,4.5900000000,26517100,121721098.0000,4.281100,-10.000000
2021-02-05,4.2000000000,4.5000000000,4.1300000000,4.1300000000,69480569,291758654.7300,11.217400,-10.021800
2021-02-08,3.9000000000,3.9800000000,3.7200000000,3.7200000000,51453278,192952724.5900,8.306900,-9.927400
2021-02-09,3.6700000000,3.7200000000,3.5100000000,3.5700000000,45030962,161929220.4200,7.270100,-4.032300
2021-02-10,3.5700000000,3.6200000000,3.4600000000,3.4700000000,30663069,108161210.3900,4.950400,-2.801100
2021-02-18,3.5700000000,3.6700000000,3.5000000000,3.5400000000,29532526,105124787.7200,4.767900,2.017300
2021-02-19,3.5300000000,3.7300000000,3.5000000000,3.7000000000,30398095,110212744.7700,4.907600,4.519800
2021-02-22,3.7200000000,3.8100000000,3.6400000000,3.6800000000,33968216,126483956.3400,5.484000,-0.540500
2021-02-23,3.6600000000,3.8400000000,3.6100000000,3.7700000000,26408311,97965884.9300,4.263500,2.445700
2021-02-24,3.7200000000,3.7900000000,3.6700000000,3.7200000000,18204506,67906086.2400,2.939000,-1.326300
2021-02-25,3.7700000000,3.7800000000,3.6700000000,3.6800000000,13475320,50174979.8000,2.175500,-1.075300
2021-02-26,3.6000000000,3.7200000000,3.5400000000,3.6200000000,12852225,46809876.5000,2.074900,-1.630400
2021-03-01,3.6500000000,3.7800000000,3.6500000000,3.7200000000,14435873,53769354.0800,2.330600,2.762400
2021-03-02,3.7700000000,3.8000000000,3.6500000000,3.7400000000,12384936,45888893.3300,1.999500,0.537600
2021-03-03,3.7500000000,3.7700000000,3.6900000000,3.7700000000,10697500,39944057.0000,1.727100,0.802100
2021-03-04,3.7400000000,3.8700000000,3.7200000000,3.7300000000,14808904,56131301.5700,2.390800,-1.061000
2021-03-05,3.7100000000,3.8700000000,3.6800000000,3.8500000000,17019713,64737392.2200,2.747800,3.217200
2021-03-08,3.8500000000,3.9100000000,3.7900000000,3.8600000000,14202002,54571191.7600,2.292900,0.259700
2021-03-09,3.8700000000,4.2500000000,3.8100000000,4.2000000000,44385268,183090104.1700,7.165800,8.808300
2021-03-10,4.0500000000,4.1500000000,3.9300000000,3.9900000000,32394159,130611256.4400,5.229900,-5.000000
2021-03-11,3.9400000000,4.0700000000,3.8400000000,3.9900000000,17781522,70321964.1800,2.870800,0.000000
2021-03-12,4.0200000000,4.1700000000,3.9500000000,4.1100000000,18210588,73640891.6800,2.940000,3.007500
2021-03-15,4.0800000000,4.1900000000,4.0300000000,4.1800000000,14022300,57756687.0000,2.263800,1.703200
2021-03-16,4.1400000000,4.2100000000,4.0700000000,4.1200000000,9450840,38982283.2000,1.525800,-1.435400
2021-03-17,4.1100000000,4.1800000000,4.0600000000,4.1100000000,8446101,34778026.6400,1.363600,-0.242700
2021-03-18,4.0800000000,4.1000000000,3.9100000000,3.9700000000,14380520,57264001.3400,2.321700,-3.406300
2021-03-19,3.9300000000,4.3300000000,3.9200000000,4.1600000000,17640862,73368672.1000,2.848000,4.785900
2021-03-22,4.0700000000,4.1900000000,4.0700000000,4.1500000000,8953963,37000115.3900,1.445600,-0.240400
2021-03-23,4.1400000000,4.4500000000,4.1000000000,4.2600000000,15198379,64917958.5600,2.453700,2.650600
2021-03-24,4.2500000000,4.3700000000,4.1900000000,4.2300000000,12150824,51881658.7600,1.961700,-0.704200
2021-03-25,4.2200000000,4.3800000000,4.2000000000,4.3400000000,9387758,40557884.1600,1.515600,2.600500
2021-03-26,4.3300000000,4.3800000000,4.2900000000,4.3500000000,7079687,30653995.7100,1.143000,0.230400
2021-03-29,4.3500000000,4.7900000000,4.3300000000,4.6500000000,22623218,104636336.4300,3.652400,6.896600
2021-03-30,4.6800000000,4.8400000000,4.6100000000,4.6100000000,15942060,75140756.6000,2.573800,-0.860200
2021-03-31,4.6100000000,5.0700000000,4.6100000000,5.0700000000,24089018,118654372.5900,3.889100,9.978300
2021-04-01,5.1300000000,5.5400000000,5.1300000000,5.4800000000,31571927,170500787.0400,5.097200,8.086800
2021-04-02,5.3500000000,5.3900000000,4.9300000000,4.9800000000,40199441,205106220.3700,6.490000,-9.124100
2021-04-06,4.9500000000,5.4800000000,4.8500000000,5.4800000000,19402224,102821631.3200,3.132400,10.040200
2021-04-07,5.7100000000,5.8900000000,5.2200000000,5.3600000000,35535509,191435902.2300,5.737100,-2.189800
2021-04-08,5.3100000000,5.5400000000,5.1800000000,5.2200000000,25795739,137238425.7200,4.164600,-2.611900
2021-04-09,5.2800000000,5.3500000000,5.0700000000,5.2800000000,15063273,79434344.6500,2.431900,1.149400
2021-04-12,5.3200000000,5.5500000000,5.2500000000,5.3900000000,16519292,88708766.2200,2.667000,2.083300
2021-04-13,5.3100000000,5.8500000000,5.3000000000,5.6100000000,23972849,135131918.7100,3.870300,4.081600
2021-04-14,5.6200000000,5.9200000000,5.5100000000,5.8800000000,19934635,115129279.7000,3.218400,4.812800
2021-04-15,5.9200000000,6.1100000000,5.7300000000,5.8600000000,24831680,146921271.7800,4.009000,-0.340100
2021-04-16,6.0000000000,6.2200000000,5.8000000000,6.2000000000,24682762,150698117.6600,3.984900,5.802000
2021-04-19,6.2100000000,6.6600000000,6.1800000000,6.2100000000,28543288,182026451.3700,4.608200,0.161300
2021-04-20,6.3400000000,6.4500000000,6.1100000000,6.3100000000,21475566,134334618.4100,3.467100,1.610300
2021-04-21,6.2600000000,6.3800000000,6.2200000000,6.3000000000,11642524,73216622.7200,1.879600,-0.158500
2021-04-22,6.3100000000,6.6400000000,6.2700000000,6.5000000000,17876335,115732650.2500,2.886100,3.174600
2021-04-23,6.4500000000,6.6200000000,6.1900000000,6.2500000000,16739977,106694892.5100,2.702600,-3.846200
2021-04-26,6.2500000000,6.3900000000,6.1100000000,6.2800000000,14091212,87800902.1000,2.275000,0.480000
2021-04-27,6.2700000000,6.3000000000,5.8000000000,5.9300000000,19237104,114655472.7400,3.105800,-5.573200
2021-04-28,5.9500000000,6.1600000000,5.8200000000,6.0500000000,13330585,79742152.9000,2.152200,2.023600
2021-04-29,6.1500000000,6.2600000000,6.0300000000,6.1500000000,14995444,92137260.8200,2.421000,1.652900
2021-04-30,6.1500000000,6.3800000000,6.1000000000,6.3600000000,13546622,85059479.5200,2.187000,3.414600
2021-05-06,6.3600000000,6.3600000000,6.3600000000,6.3600000000,0,0.0000,,0.000000
2021-05-07,6.3600000000,6.3600000000,6.3600000000,6.3600000000,0,0.0000,,0.000000
2021-05-10,6.3600000000,6.3600000000,6.3600000000,6.3600000000,0,0.0000,,0.000000
2021-05-11,6.3600000000,6.3600000000,6.3600000000,6.3600000000,0,0.0000,,0.000000
2021-05-12,6.3600000000,6.3600000000,6.3600000000,6.3600000000,0,0.0000,,0.000000
2021-05-13,6.3600000000,6.3600000000,6.3600000000,6.3600000000,0,0.0000,,0.000000
2021-05-14,6.3600000000,6.3600000000,6.3600000000,6.3600000000,0,0.0000,,0.000000
2021-05-17,6.3600000000,6.3600000000,6.3600000000,6.3600000000,0,0.0000,,0.000000
2021-05-18,6.3600000000,6.3600000000,6.3600000000,6.3600000000,0,0.0000,,0.000000
2021-05-19,6.3600000000,6.3600000000,6.3600000000,6.3600000000,0,0.0000,,0.000000
2021-05-20,7.0000000000,7.0000000000,5.7200000000,5.7600000000,51336703,314873382.1900,8.288100,-9.434000
2021-05-21,5.5500000000,5.6800000000,5.1800000000,5.1800000000,38663175,203469336.1300,6.242000,-10.069400
2021-05-24,5.0700000000,5.0800000000,4.7200000000,4.8100000000,35503774,171606273.5200,5.731900,-7.142900
2021-05-25,4.8100000000,4.9300000000,4.7000000000,4.8300000000,25116866,120510550.4000,4.055000,0.415800
2021-05-26,4.7800000000,4.8100000000,4.7300000000,4.7600000000,13911540,66377462.3800,2.246000,-1.449300
2021-05-27,4.7800000000,4.8500000000,4.7500000000,4.7600000000,14067116,67379249.3400,2.271100,0.000000
2021-05-28,4.7600000000,4.8600000000,4.6700000000,4.7100000000,13024644,61702350.8400,2.102800,-1.050400
2021-05-31,4.7100000000,4.7200000000,4.6400000000,4.6600000000,9041224,42194074.0400,1.459700,-1.061600
2021-06-01,4.6700000000,4.9500000000,4.6700000000,4.8800000000,18335026,88386019.7200,2.960100,4.721000
2021-06-02,4.8800000000,5.1500000000,4.8100000000,5.0900000000,23468869,117398159.0700,3.789000,4.303300
2021-06-03,5.0700000000,5.1200000000,4.9400000000,5.0800000000,13819582,69858582.3800,2.231100,-0.196500
2021-06-04,5.0900000000,5.1800000000,5.0300000000,5.0800000000,9470440,48190826.6000,1.529000,0.000000
2021-06-07,5.0700000000,5.1900000000,4.8900000000,5.1200000000,14579473,73281660.2700,2.353800,0.787400
2021-06-08,5.0700000000,5.2300000000,5.0500000000,5.1300000000,9293670,47656299.6600,1.500400,0.195300
2021-06-09,5.1500000000,5.2600000000,5.0900000000,5.2400000000,9764235,50627647.7800,1.576400,2.144200
2021-06-10,5.2500000000,5.6200000000,5.2300000000,5.5700000000,17641282,96391695.1700,2.848100,6.297700
2021-06-11,5.5200000000,5.7100000000,5.4000000000,5.4000000000,12714868,70249705.9400,2.052800,-3.052100
2021-06-15,5.3700000000,5.4800000000,5.3700000000,5.4500000000,7937400,43095232.0000,1.281500,0.925900
2021-06-16,5.4100000000,5.4800000000,5.2200000000,5.2400000000,7635720,40466763.6000,1.232800,-3.853200
2021-06-17,5.2500000000,5.4700000000,5.2500000000,5.3400000000,7249900,38890063.0000,1.170500,1.908400
2021-06-18,5.3100000000,5.4100000000,5.1600000000,5.1800000000,9254984,48655510.3000,1.494200,-2.996300
2021-06-21,5.1900000000,5.3900000000,5.1800000000,5.3800000000,8757942,46573956.9000,1.413900,3.861000
2021-06-22,5.3500000000,5.3700000000,5.2300000000,5.2700000000,7271802,38398234.5600,1.174000,-2.044600
2021-06-23,5.2300000000,5.4400000000,5.1600000000,5.2900000000,8308920,43923169.3200,1.341400,0.379500
2021-06-24,5.3000000000,5.3700000000,5.2200000000,5.2300000000,7855521,41454589.8300,1.268200,-1.134200
2021-06-25,5.2200000000,5.3000000000,5.0700000000,5.1000000000,7876200,40343890.6400,1.271600,-2.485700
2021-06-28,5.1000000000,5.3300000000,5.0900000000,5.2400000000,6809700,35568415.0000,1.099400,2.745100
2021-06-29,5.2400000000,5.2500000000,5.1200000000,5.1300000000,4631400,23882348.0000,0.747700,-2.099200
2021-06-30,5.1300000000,5.1800000000,5.0300000000,5.1000000000,4531400,23053832.0000,0.731600,-0.584800
2021-07-01,5.1100000000,5.1400000000,5.0600000000,5.1100000000,4567540,23258287.6000,0.737400,0.196100
2021-07-02,5.0900000000,5.1100000000,4.9800000000,5.0600000000,5699716,28755371.3000,0.920200,-0.978500
2021-07-05,5.0100000000,5.0900000000,4.9300000000,4.9600000000,5904600,29540606.0000,0.953300,-1.976300
2021-07-06,4.9800000000,5.1500000000,4.9600000000,5.0900000000,5931782,30093671.3600,0.957700,2.621000
2021-07-07,5.0900000000,5.2800000000,5.0700000000,5.1200000000,6165625,31910800.7700,0.995400,0.589400
2021-07-08,5.0900000000,5.1600000000,4.9800000000,4.9800000000,5803615,29161437.6500,0.937000,-2.734400
2021-07-09,5.0100000000,5.0100000000,4.9100000000,4.9300000000,4092505,20236765.6500,0.660700,-1.004000
2021-07-12,4.9300000000,5.1500000000,4.9200000000,5.0300000000,4622822,23349852.4600,0.746300,2.028400
2021-07-13,5.0400000000,5.0400000000,4.9500000000,4.9700000000,4012804,19969075.8800,0.647900,-1.192800
2021-07-14,4.9700000000,5.0000000000,4.9100000000,4.9100000000,3253766,16079226.0600,0.525300,-1.207200
2021-07-15,4.9200000000,4.9500000000,4.7400000000,4.8900000000,4898400,23603019.0000,0.790800,-0.407300
2021-07-16,4.8600000000,4.9600000000,4.8200000000,4.8400000000,3018238,14715178.7000,0.487300,-1.022500
2021-07-19,4.8400000000,4.9100000000,4.7800000000,4.8500000000,2911438,14059894.5400,0.470000,0.206600
2021-07-20,4.8200000000,4.8700000000,4.7700000000,4.8500000000,1870100,9006604.0000,0.301900,0.000000
2021-07-21,4.8700000000,5.2200000000,4.8300000000,5.1000000000,8745022,44382423.1600,1.411800,5.154600
2021-07-22,5.1100000000,5.1200000000,4.9700000000,5.0100000000,5370120,26947458.7200,0.867000,-1.764700
2021-07-23,5.0100000000,5.0300000000,4.8400000000,4.8400000000,5175780,25318426.6000,0.835600,-3.393200
2021-07-26,4.8400000000,4.9200000000,4.7500000000,4.8200000000,4511600,21726267.0000,0.728400,-0.413200
2021-07-27,4.8100000000,4.8600000000,4.7400000000,4.7600000000,5425800,25990707.0000,0.876000,-1.244800
2021-07-28,4.7400000000,4.7600000000,4.4300000000,4.6600000000,4800116,22212315.9500,0.775000,-2.100800
2021-07-29,4.6600000000,4.7300000000,4.5700000000,4.6500000000,3749345,17371855.3000,0.605300,-0.214600
2021-07-30,4.6300000000,4.6400000000,4.5300000000,4.6100000000,4138503,18967456.7700,0.668100,-0.860200
2021-08-02,4.6300000000,4.6800000000,4.5300000000,4.6700000000,3648360,16866710.2000,0.589000,1.301500
2021-08-03,4.6600000000,4.7900000000,4.6400000000,4.7800000000,3590320,17016270.6000,0.579600,2.355500
2021-08-04,4.7800000000,4.7900000000,4.6600000000,4.7100000000,3069600,14449754.0000,0.495600,-1.464400
2021-08-05,4.6800000000,4.7000000000,4.6100000000,4.6400000000,2467600,11483167.0000,0.398400,-1.486200
2021-08-06,4.6400000000,4.6700000000,4.5700000000,4.6500000000,1946660,8963913.4000,0.314300,0.215500
2021-08-09,4.6800000000,4.7300000000,4.5900000000,4.6800000000,2705200,12630320.0000,0.436700,0.645200
2021-08-10,4.6600000000,4.7200000000,4.6100000000,4.6800000000,3335759,15617544.0800,0.538500,0.000000
2021-08-11,4.6600000000,4.7900000000,4.6600000000,4.7300000000,3101238,14702840.9500,0.500700,1.068400
2021-08-12,4.7400000000,4.8000000000,4.6200000000,4.6200000000,3668160,17186147.2000,0.592200,-2.325600
2021-08-13,4.6100000000,4.6500000000,4.5400000000,4.5900000000,4535765,20808594.4800,0.732300,-0.649400
2021-08-16,4.5800000000,4.6400000000,4.5300000000,4.5800000000,5383606,24689755.9000,0.869200,-0.217900
2021-08-17,4.5700000000,4.8500000000,4.5500000000,4.6500000000,10580241,49774525.6400,1.708100,1.528400
2021-08-18,4.6600000000,4.7800000000,4.5700000000,4.7500000000,5965457,27724506.7000,0.963100,2.150500
2021-08-19,4.7500000000,4.8800000000,4.7300000000,4.8100000000,6742791,32388845.3600,1.088600,1.263200
2021-08-20,4.7700000000,5.1000000000,4.7600000000,4.9400000000,9453997,46829604.7200,1.526300,2.702700
2021-08-23,4.9500000000,5.0000000000,4.8700000000,4.9700000000,5632934,27820908.8600,0.909400,0.607300
2021-08-24,4.9700000000,5.2300000000,4.9600000000,5.2000000000,9566068,48985339.7000,1.544400,4.627800
2021-08-25,5.2000000000,5.5500000000,5.2000000000,5.3600000000,12093220,64978186.3700,1.952400,3.076900
2021-08-26,5.3100000000,5.6300000000,5.3100000000,5.5900000000,12606945,69750525.0600,2.035300,4.291000
2021-08-27,5.5900000000,5.6100000000,5.2700000000,5.3300000000,10913083,59163195.8100,1.761900,-4.651200
2021-08-30,5.2500000000,5.3600000000,5.0500000000,5.2700000000,9086754,47278921.2800,1.467000,-1.125700
2021-08-31,5.2300000000,5.4200000000,5.2000000000,5.2600000000,5020173,26556165.3500,0.810500,-0.189800
2021-09-01,5.2800000000,5.3600000000,5.1800000000,5.1900000000,4571140,23963747.3900,0.738000,-1.330800
2021-09-02,5.2100000000,5.2300000000,5.0900000000,5.1400000000,4346522,22340374.3000,0.701700,-0.963400
2021-09-03,5.1400000000,5.5000000000,5.1400000000,5.4300000000,13171100,70577400.8000,2.126400,5.642000
2021-09-06,5.4600000000,5.5400000000,5.3600000000,5.5000000000,8496722,46462220.1000,1.371800,1.289100
2021-09-07,5.5000000000,5.6200000000,5.4400000000,5.5600000000,5769380,31954703.3400,0.931400,1.090900
2021-09-08,5.5900000000,5.6700000000,5.5300000000,5.6000000000,7679332,42893793.7800,1.239800,0.719400
2021-09-09,5.5900000000,5.6500000000,5.5400000000,5.6100000000,6148707,34464914.4400,0.992700,0.178600
2021-09-10,5.5800000000,5.7900000000,5.4200000000,5.4900000000,8220062,45742940.0000,1.327100,-2.139000
2021-09-13,5.4900000000,5.5800000000,5.3400000000,5.5500000000,6072840,33228676.0000,0.980400,1.092900
2021-09-14,5.5200000000,5.6200000000,5.3100000000,5.3400000000,4492200,24453961.2000,0.725200,-3.783800
2021-09-15,5.3000000000,5.3800000000,5.2400000000,5.3000000000,2750408,14531948.4600,0.444000,-0.749100
2021-09-16,5.3500000000,5.4600000000,5.1800000000,5.2400000000,4893340,26043911.4000,0.790000,-1.132100
2021-09-17,5.2700000000,5.2700000000,5.0600000000,5.1200000000,3777118,19387877.7200,0.609800,-2.290100
2021-09-22,5.0100000000,5.1400000000,4.9700000000,5.0400000000,3664000,18435242.0000,0.591500,-1.562500
2021-09-23,5.0400000000,5.1400000000,5.0200000000,5.0700000000,4957200,25152955.0000,0.800300,0.595200
2021-09-24,5.0900000000,5.0900000000,4.9000000000,4.9200000000,4593100,22790712.0000,0.741500,-2.958600
2021-09-27,4.9500000000,4.9800000000,4.7800000000,4.8400000000,4812871,23345268.7800,0.777000,-1.626000
2021-09-28,4.8400000000,4.9100000000,4.7500000000,4.8600000000,3021800,14604197.0000,0.487900,0.413200
2021-09-29,4.8500000000,4.8600000000,4.7200000000,4.7300000000,2620520,12484379.4000,0.423100,-2.674900
2021-09-30,4.7300000000,4.9500000000,4.7000000000,4.9300000000,3141060,15224656.2000,0.507100,4.228300
2021-10-08,4.9500000000,5.0700000000,4.5500000000,5.0400000000,4117751,20594730.1600,0.664800,2.231200
2021-10-11,5.0700000000,5.0900000000,4.8800000000,5.0500000000,2593664,13002245.3200,0.418700,0.198400
2021-10-12,5.0600000000,5.0600000000,4.8900000000,4.9300000000,2662183,13163852.1900,0.429800,-2.376200
2021-10-13,4.9500000000,4.9800000000,4.8100000000,4.8800000000,2234983,10926914.8400,0.360800,-1.014200
2021-10-14,4.8800000000,5.0800000000,4.8100000000,5.0300000000,4981285,24810060.0800,0.804200,3.073800
2021-10-15,5.0000000000,5.0600000000,4.9400000000,4.9900000000,3217700,16063828.0000,0.519500,-0.795200
2021-10-18,4.9900000000,5.0000000000,4.8400000000,4.8900000000,2799300,13703902.0000,0.451900,-2.004000
2021-10-19,4.8700000000,4.8900000000,4.7900000000,4.8000000000,2327600,11226817.2000,0.375800,-1.840500
2021-10-20,4.7900000000,4.8300000000,4.7200000000,4.7500000000,2829680,13453724.0000,0.456800,-1.041700
2021-10-21,4.8600000000,4.8600000000,4.6600000000,4.6900000000,2438000,11489029.0000,0.393600,-1.263200
2021-10-22,4.6800000000,4.6900000000,4.6100000000,4.6200000000,1832272,8497397.1700,0.295800,-1.492500
2021-10-25,4.6100000000,4.6300000000,4.5500000000,4.5900000000,2030300,9306431.0000,0.327800,-0.649400
2021-10-26,4.6300000000,4.6900000000,4.5900000000,4.6000000000,2053220,9534831.0000,0.331500,0.217900
2021-10-27,4.6100000000,4.7700000000,4.6100000000,4.7000000000,3961702,18583394.4600,0.639600,2.173900
2021-10-28,4.7100000000,4.7200000000,4.5500000000,4.6000000000,2175880,10043361.2000,0.351300,-2.127700
2021-10-29,4.6000000000,4.8100000000,4.5600000000,4.7800000000,3022208,14241445.0600,0.487900,3.913000
2021-11-01,4.7800000000,4.9000000000,4.7400000000,4.8700000000,4025025,19422960.9000,0.649800,1.882800
2021-11-02,4.8700000000,4.9100000000,4.6900000000,4.7300000000,3419861,16395231.1300,0.552100,-2.874700
2021-11-03,4.7400000000,4.9200000000,4.7100000000,4.8700000000,3303300,16014379.0000,0.533300,2.959800
2021-11-04,4.8500000000,4.9300000000,4.8300000000,4.9100000000,2839020,13853115.4000,0.458300,0.821400
2021-11-05,4.9200000000,4.9500000000,4.8500000000,4.8900000000,3426700,16800818.0000,0.553200,-0.407300
2021-11-08,4.9200000000,4.9400000000,4.8500000000,4.8900000000,4349000,21294850.0000,0.702100,0.000000
2021-11-09,4.8700000000,4.9000000000,4.8300000000,4.8500000000,2821372,13713934.9200,0.455500,-0.818000
2021-11-10,4.8500000000,4.9200000000,4.8400000000,4.8900000000,2895802,14109873.7600,0.467500,0.824700
2021-11-11,4.8600000000,4.9100000000,4.7900000000,4.8200000000,6403800,31016010.0000,1.033900,-1.431500
2021-11-12,4.8000000000,4.8000000000,4.6600000000,4.6700000000,7491305,35212675.3600,1.209400,-3.112000
2021-11-15,4.6700000000,4.9000000000,4.6300000000,4.7000000000,13389763,63630289.6200,2.161700,0.642400
2021-11-16,4.7200000000,4.7300000000,4.6100000000,4.6300000000,9653240,45095309.2000,1.558500,-1.489400
2021-11-17,4.6100000000,4.7200000000,4.6000000000,4.7200000000,9066802,42253350.3600,1.463800,1.943800
2021-11-18,4.7300000000,4.7500000000,4.5800000000,4.6500000000,13074320,61019692.8000,2.110800,-1.483100
2021-11-19,4.8800000000,5.1200000000,4.7300000000,5.1200000000,33815353,170229915.7400,5.459400,10.107500
2021-11-22,5.3500000000,5.4500000000,5.0300000000,5.2200000000,46934790,243801745.5300,7.577400,1.953100
2021-11-23,5.0800000000,5.3100000000,5.0300000000,5.1800000000,23681022,121438162.9400,3.823200,-0.766300
2021-11-24,5.1300000000,5.2100000000,5.0500000000,5.0900000000,14342159,73189531.4300,2.315500,-1.737500
2021-11-25,5.1000000000,5.1600000000,5.0100000000,5.0700000000,13973126,70864907.8000,2.255900,-0.392900
2021-11-26,5.0500000000,5.0600000000,4.8900000000,4.9500000000,12429108,61478889.2800,2.006600,-2.366900
2021-11-29,4.8300000000,4.8400000000,4.7000000000,4.7800000000,10812980,51563077.7300,1.745700,-3.434300
2021-11-30,4.7600000000,4.8300000000,4.7500000000,4.7800000000,5816332,27832045.6700,0.939000,0.000000
2021-12-01,4.7600000000,5.1400000000,4.7500000000,5.0900000000,18614722,92539395.3200,3.005300,6.485400
2021-12-02,5.0900000000,5.1300000000,4.9100000000,4.9400000000,11954338,59733405.5600,1.930000,-2.947000
2021-12-03,4.9500000000,5.0200000000,4.8700000000,4.8800000000,9716200,47855929.4000,1.568600,-1.214600
2021-12-06,4.8800000000,5.1100000000,4.8200000000,5.0300000000,12649545,63026951.9600,2.042200,3.073800
2021-12-07,5.0500000000,5.1600000000,4.9000000000,5.1500000000,21087253,106550500.2800,3.404500,2.385700
2021-12-08,5.1300000000,5.1700000000,5.0300000000,5.1200000000,10438167,53165406.7700,1.685200,-0.582500
2021-12-09,5.1000000000,5.1300000000,5.0400000000,5.0500000000,7649002,38851595.1600,1.234900,-1.367200
2021-12-10,5.1200000000,5.1900000000,5.0200000000,5.1900000000,17100100,87720745.9300,2.760700,2.772300
2021-12-13,5.2100000000,5.2500000000,5.1200000000,5.1400000000,11417388,59053372.8600,1.843300,-0.963400
2021-12-14,5.1300000000,5.4600000000,5.1300000000,5.2800000000,18364485,97603680.7700,2.964900,2.723700
2021-12-15,5.2800000000,5.4000000000,5.2500000000,5.2900000000,15730050,83707471.1800,2.539600,0.189400
2021-12-16,5.2800000000,5.5300000000,5.2400000000,5.5000000000,16775488,91001841.4300,2.708300,3.969800
2021-12-17,5.4200000000,5.4700000000,5.3400000000,5.3900000000,11547322,62236442.4000,1.864300,-2.000000
2021-12-20,5.4200000000,5.4600000000,5.2800000000,5.3400000000,11004400,58940197.0000,1.776600,-0.927600
2021-12-21,5.3000000000,5.3700000000,5.2600000000,5.3400000000,9357286,49754956.1200,1.510700,0.000000
2021-12-22,5.3600000000,5.5400000000,5.3200000000,5.5400000000,14647185,80115327.3000,2.364700,3.745300
2021-12-23,5.5000000000,5.5000000000,5.3300000000,5.3600000000,10769645,58158475.9000,1.738700,-3.249100
2021-12-24,5.3400000000,5.4400000000,5.2100000000,5.2300000000,9101676,48092964.3600,1.469400,-2.425400
2021-12-27,5.2300000000,5.3000000000,5.1300000000,5.1500000000,7423804,38417362.6500,1.198500,-1.529600
2021-12-28,5.1800000000,5.3600000000,5.1700000000,5.1900000000,6992900,36680580.0000,1.129000,0.776700
2021-12-29,5.1800000000,5.2000000000,5.0200000000,5.0500000000,13035341,66476814.6400,2.104500,-2.697500
2021-12-30,5.0500000000,5.2200000000,5.0400000000,5.1400000000,26856599,138005632.0400,4.335900,1.782200
2021-12-31,5.1400000000,5.1800000000,5.0100000000,5.0300000000,21733589,110407841.6200,3.508800,-2.140100
2022-01-04,5.0600000000,5.4600000000,5.0400000000,5.4000000000,32482448,172688799.9400,5.244200,7.355900
2022-01-05,5.4300000000,5.5300000000,5.3000000000,5.3800000000,20909520,112698837.8000,3.375800,-0.370400
2022-01-06,5.3000000000,5.4100000000,5.2800000000,5.3400000000,11131402,59406079.1600,1.797100,-0.743500
2022-01-07,5.3900000000,5.6000000000,5.2000000000,5.2300000000,19626285,105740229.6000,3.168600,-2.059900
2022-01-10,5.2400000000,5.3400000000,5.0900000000,5.3200000000,12021982,63201116.7800,1.940900,1.720800
2022-01-11,5.3200000000,5.4000000000,5.2300000000,5.2600000000,11070462,58690742.1200,1.787300,-1.127800
2022-01-12,5.2800000000,5.4200000000,5.2300000000,5.3600000000,10749260,57433815.0000,1.735400,1.901100
2022-01-13,5.3300000000,5.4700000000,5.3300000000,5.3900000000,13058592,70594225.5000,2.108300,0.559700
2022-01-14,5.4100000000,5.5600000000,5.3000000000,5.4200000000,20509404,112141957.4400,3.311200,0.556600
2022-01-17,5.4200000000,5.6000000000,5.3500000000,5.5200000000,17320761,95289085.5500,2.796400,1.845000
2022-01-18,5.5300000000,5.5800000000,5.2900000000,5.3100000000,18641404,100630967.6000,3.009600,-3.804300
2022-01-19,5.3200000000,5.5700000000,5.3000000000,5.5300000000,21461693,117571603.5600,3.464900,4.143100
2022-01-20,5.5900000000,5.6200000000,5.3900000000,5.4300000000,28370173,155413698.0500,4.580200,-1.808300
2022-01-21,5.4700000000,5.5600000000,5.3200000000,5.4300000000,16485125,89316853.9800,2.661500,0.000000
2022-01-24,5.3800000000,5.3800000000,5.1800000000,5.2400000000,12933232,68008308.8300,2.088000,-3.499100
2022-01-25,5.2000000000,5.2300000000,4.9000000000,4.9000000000,14799802,74496248.0200,2.389400,-6.488500
2022-01-26,4.8200000000,5.0300000000,4.7600000000,4.9400000000,9182443,45426529.4000,1.482500,0.816300
2022-01-27,4.9400000000,5.0100000000,4.8100000000,4.8800000000,7810620,38201535.2000,1.261000,-1.214600
2022-01-28,4.8900000000,5.3400000000,4.8600000000,5.1500000000,15957575,81467059.0200,2.576300,5.532800
2022-02-07,5.2200000000,5.2400000000,5.0700000000,5.1200000000,8501405,43478052.4100,1.372500,-0.582500
2022-02-08,5.1000000000,5.4300000000,5.0700000000,5.3900000000,14356260,75576430.6000,2.317800,5.273400
2022-02-09,5.3700000000,5.4600000000,5.2900000000,5.4600000000,14470862,77937145.1200,2.336300,1.298700
2022-02-10,5.4300000000,5.5200000000,5.3500000000,5.4700000000,11636372,63081972.7700,1.878600,0.183200
2022-02-11,5.4500000000,5.5000000000,5.3500000000,5.3600000000,9067300,48889622.0000,1.463900,-2.011000
2022-02-14,5.3000000000,5.9000000000,5.2900000000,5.9000000000,18331934,104798318.4800,2.959600,10.074600
2022-02-15,6.3000000000,6.4900000000,5.9100000000,6.0300000000,65728732,409923728.3300,10.611600,2.203400
2022-02-16,6.1600000000,6.2800000000,5.6600000000,5.7200000000,55246320,323967407.8200,8.919300,-5.141000
2022-02-17,5.6300000000,6.0700000000,5.6300000000,5.8500000000,42416367,248576845.6400,6.847900,2.272700
2022-02-18,5.7000000000,6.3700000000,5.6200000000,6.1400000000,47099061,281790238.1000,7.604000,4.957300
2022-02-21,6.0500000000,6.0600000000,5.8400000000,6.0100000000,35213269,209778727.3900,5.685000,-2.117300
2022-02-22,5.9100000000,6.4600000000,5.8600000000,6.2000000000,45123275,278652360.5800,7.285000,3.161400
2022-02-23,6.1100000000,6.3500000000,6.0600000000,6.2100000000,29266764,181128340.2800,4.725000,0.161300
2022-02-24,6.1500000000,6.1700000000,5.6000000000,5.7600000000,39261380,230272720.2800,6.338600,-7.246400
2022-02-25,5.8100000000,5.8800000000,5.6600000000,5.7100000000,14287906,81967528.3300,2.306700,-0.868100
2022-02-28,5.6600000000,5.8500000000,5.5100000000,5.8300000000,15616684,89003117.0000,2.521300,2.101600
2022-03-01,5.8500000000,5.9200000000,5.7400000000,5.7900000000,9822500,57006599.0000,1.585800,-0.686100
2022-03-02,5.7200000000,6.3700000000,5.7200000000,6.1600000000,42097183,259776801.0000,6.796400,6.390300
2022-03-03,6.1200000000,6.4700000000,6.0500000000,6.2100000000,36929531,230605825.0000,5.962100,0.811700
2022-03-04,6.2200000000,6.2700000000,6.0600000000,6.0600000000,20763100,127507188.0000,3.352100,-2.415500
2022-03-07,6.0300000000,6.1500000000,5.9500000000,6.0100000000,18529540,111962881.0000,2.991500,-0.825100
2022-03-08,5.9300000000,6.2300000000,5.7900000000,6.0400000000,29779502,180677474.0000,4.807800,0.499200
2022-03-09,6.0000000000,6.3500000000,5.8500000000,6.3500000000,43723316,269873168.0000,7.059000,5.132500
2022-03-10,6.4900000000,6.9300000000,6.2700000000,6.6400000000,50798812,337712960.0000,8.201300,4.566900
2022-03-11,6.5000000000,7.2500000000,6.4200000000,6.9200000000,59071185,408655392.0000,9.536800,4.216900
2022-03-14,6.7500000000,6.9300000000,6.5000000000,6.5700000000,39653038,264893196.0000,6.401800,-5.057800
2022-03-15,6.5000000000,6.6900000000,6.1500000000,6.2400000000,35376782,226422613.0000,5.711400,-5.022800
2022-03-16,6.2200000000,6.7800000000,6.1000000000,6.7400000000,44031976,285515696.0000,7.108800,8.012800
2022-03-17,6.7000000000,6.9600000000,6.4900000000,6.5600000000,35693966,236973396.0000,5.762600,-2.670600
2022-03-18,6.6200000000,6.7500000000,6.4100000000,6.6300000000,21140420,139745480.0600,3.413000,1.067100
2022-03-21,6.6300000000,7.0700000000,6.4400000000,6.9800000000,39171658,266924327.8400,6.324100,5.279000
2022-03-22,6.9000000000,7.5600000000,6.7900000000,7.2500000000,47058146,339271584.0500,7.597300,3.868200
2022-03-23,7.1500000000,7.2100000000,6.9900000000,7.0400000000,24573626,174143593.4400,3.967300,-2.896600
2022-03-24,6.9900000000,7.2500000000,6.8500000000,6.9400000000,21533116,151802693.4000,3.476400,-1.420500
2022-03-25,6.9200000000,7.0400000000,6.6300000000,6.7200000000,24129592,165062073.0200,3.895600,-3.170000
2022-03-28,6.6600000000,6.9400000000,6.6000000000,6.9000000000,17559290,119902949.0000,2.834900,2.678600
2022-03-29,6.9000000000,6.9100000000,6.5900000000,6.7100000000,17575240,118424273.0000,2.837500,-2.753600
2022-03-30,6.7200000000,6.7600000000,6.1000000000,6.2900000000,34389978,219386453.2400,5.552100,-6.259300
2022-03-31,6.2800000000,6.3400000000,6.1200000000,6.1800000000,16237720,100943438.9800,2.621500,-1.748800
2022-04-01,6.2000000000,6.4600000000,6.1100000000,6.2900000000,13739003,86867941.0800,2.218100,1.779900
2022-04-06,6.3800000000,6.5800000000,6.3300000000,6.3800000000,15501420,99761449.8000,2.502600,1.430800
2022-04-07,6.3400000000,6.3600000000,6.0000000000,6.0700000000,17139320,105323291.6000,2.767100,-4.858900
2022-04-08,6.0900000000,6.1500000000,5.7500000000,5.8300000000,18337325,107490343.3000,2.960500,-3.953900
2022-04-11,5.8300000000,5.8800000000,5.5900000000,5.6700000000,12881691,73769378.5300,2.079700,-2.744400
2022-04-12,5.6800000000,6.0400000000,5.6800000000,5.9900000000,17579186,103442285.8800,2.838100,5.643700
2022-04-13,5.9200000000,5.9800000000,5.7600000000,5.8900000000,10167220,59702993.2000,1.641500,-1.669400
2022-04-14,5.8600000000,5.9900000000,5.7200000000,5.7500000000,9588300,55925078.0000,1.548000,-2.376900
2022-04-15,5.7700000000,5.7700000000,5.5100000000,5.5900000000,10710300,60112367.8000,1.729100,-2.782600
2022-04-18,5.5800000000,5.7300000000,5.4700000000,5.6700000000,6138100,34515597.0000,0.991000,1.431100
2022-04-19,5.6600000000,5.8000000000,5.6000000000,5.7700000000,6652726,38133441.8400,1.074100,1.763700
2022-04-20,5.8000000000,5.8000000000,5.5400000000,5.6200000000,9721500,54704857.0000,1.569500,-2.599700
2022-04-21,5.6200000000,5.6700000000,5.2800000000,5.3100000000,11862600,64278905.0000,1.915200,-5.516000
2022-04-22,5.2800000000,5.3200000000,5.1700000000,5.1900000000,9271800,48470530.0000,1.496900,-2.259900
2022-04-25,5.1700000000,5.1700000000,4.6700000000,4.6900000000,14492342,70645765.3000,2.339700,-9.633900
2022-04-26,4.6600000000,4.8400000000,4.4800000000,4.4800000000,9541467,44213630.6100,1.540400,-4.477600
2022-04-27,4.4100000000,4.6800000000,4.3500000000,4.6600000000,9095702,41059890.2000,1.468500,4.017900
2022-04-28,4.6600000000,4.8000000000,4.6000000000,4.7400000000,8683922,40753702.0000,1.402000,1.716700
2022-04-29,4.7100000000,4.9100000000,4.7000000000,4.8500000000,11837302,56981191.0000,1.911100,2.320700
2022-05-05,4.8200000000,4.9000000000,4.7300000000,4.7800000000,8502720,40999746.4000,1.372700,-1.443300
2022-05-06,4.7000000000,4.7400000000,4.6100000000,4.7000000000,6853900,32072056.0000,1.106500,-1.673600
2022-05-09,4.6700000000,4.7900000000,4.6500000000,4.7400000000,5219376,24769431.2400,0.842600,0.851100
2022-05-10,4.7300000000,4.8000000000,4.6500000000,4.7900000000,7389960,34976175.0000,1.193100,1.054900
2022-05-11,4.8700000000,4.8700000000,4.6800000000,4.6900000000,11687840,55932530.0000,1.887000,-2.087700
2022-05-12,4.6500000000,4.7800000000,4.6300000000,4.7600000000,6532160,30707191.2000,1.054600,1.492500
2022-05-13,4.7800000000,4.9000000000,4.7500000000,4.8700000000,8183700,39554768.0000,1.321200,2.310900
2022-05-16,4.8600000000,4.9900000000,4.8100000000,4.9800000000,8216762,40414257.6600,1.326600,2.258700
2022-05-17,4.9300000000,5.0700000000,4.8800000000,5.0100000000,6019722,30012581.2200,0.971900,0.602400
2022-05-18,5.0100000000,5.3500000000,4.9700000000,5.1300000000,9867902,51071307.5500,1.593100,2.395200
2022-05-19,5.0400000000,5.2100000000,5.0000000000,5.2000000000,7282103,37413173.3400,1.175700,1.364500
2022-05-20,5.2100000000,5.2800000000,5.1600000000,5.2400000000,7316300,38191673.0000,1.181200,0.769200
2022-05-23,5.3100000000,5.5000000000,5.3000000000,5.4500000000,9091100,49065049.0000,1.467700,4.007600
2022-05-24,5.4200000000,5.4600000000,5.1800000000,5.2100000000,9367400,49729856.0000,1.512300,-4.403700
2022-05-25,5.2200000000,5.4500000000,5.2000000000,5.4100000000,7347700,39276810.0000,1.186300,3.838800
2022-05-26,5.4900000000,5.4900000000,5.3000000000,5.3700000000,6181010,33213803.7000,0.997900,-0.739400
2022-05-27,5.3900000000,5.4200000000,5.2700000000,5.3600000000,5822100,31076309.0000,0.940000,-0.186200
2022-05-30,5.3100000000,5.3400000000,5.1600000000,5.2400000000,7873740,41087540.0000,1.271200,-2.238800
2022-05-31,5.2600000000,5.4000000000,5.2100000000,5.2800000000,5439900,28772296.6000,0.878200,0.763400
2022-06-01,5.3000000000,5.3900000000,5.2300000000,5.3000000000,5088580,27073241.8000,0.821500,0.378800
2022-06-02,5.2900000000,5.3500000000,5.2300000000,5.2900000000,5730800,30278760.0000,0.925200,-0.188700
2022-06-06,5.2800000000,5.4100000000,5.2500000000,5.3600000000,7664403,40956522.1400,1.237400,1.323300
2022-06-07,5.3300000000,5.4300000000,5.2900000000,5.4100000000,6592000,35364077.0000,1.064300,0.932800
2022-06-08,5.4200000000,5.4500000000,5.2100000000,5.3100000000,6733362,35722255.2200,1.087100,-1.848400
2022-06-09,5.3200000000,5.3200000000,5.1900000000,5.2100000000,5158200,26950346.0000,0.832800,-1.883200
2022-06-10,5.2100000000,5.3100000000,5.2000000000,5.2400000000,4068300,21368540.0000,0.656800,0.575800
2022-06-13,5.2000000000,5.2700000000,5.1300000000,5.1800000000,4805898,24943379.0400,0.775900,-1.145000
2022-06-14,5.1800000000,5.2000000000,5.0200000000,5.1200000000,6895680,35129127.0000,1.113300,-1.158300
2022-06-15,5.1300000000,5.2700000000,5.1200000000,5.1500000000,6278098,32624585.2000,1.013600,0.585900
2022-06-16,5.1100000000,5.3200000000,5.0900000000,5.3200000000,6473250,33990237.1000,1.045100,3.301000
2022-06-17,5.3200000000,5.3300000000,5.1300000000,5.1900000000,6750100,35026064.9000,1.089800,-2.443600
2022-06-20,5.1400000000,5.2400000000,5.1400000000,5.2000000000,4703500,24403855.0000,0.759400,0.192700
2022-06-21,5.2000000000,5.4700000000,5.2000000000,5.3400000000,8078900,43162547.0000,1.304300,2.692300
2022-06-22,5.3600000000,5.3600000000,5.1800000000,5.2000000000,5176200,27147291.0000,0.835700,-2.621700
2022-06-23,5.1600000000,5.1900000000,5.1000000000,5.1700000000,5154340,26505991.8000,0.832100,-0.576900
2022-06-24,5.1700000000,5.2300000000,5.1300000000,5.2100000000,5247102,27179869.3400,0.847100,0.773700
2022-06-27,5.2100000000,5.4600000000,5.1900000000,5.2900000000,9475622,50677623.3600,1.529800,1.535500
2022-06-28,5.3000000000,5.4200000000,5.2400000000,5.4100000000,8974615,48114717.3500,1.448900,2.268400
2022-06-29,5.4400000000,5.5400000000,5.2500000000,5.2700000000,8670500,46462801.0000,1.399800,-2.587800
2022-06-30,5.3100000000,5.8000000000,5.3100000000,5.8000000000,25067480,141069135.9600,4.047000,10.056900
2022-07-01,5.7000000000,5.8200000000,5.4800000000,5.5700000000,25415455,142349812.6700,4.103200,-3.965500
2022-07-04,5.5300000000,5.6300000000,5.4200000000,5.6300000000,14970160,82579257.0000,2.416900,1.077200
2022-07-05,5.5700000000,5.6200000000,5.4600000000,5.4800000000,10714620,59192154.6000,1.729800,-2.664300
2022-07-06,5.4500000000,5.5100000000,5.3200000000,5.3700000000,7968100,42901666.0000,1.286400,-2.007300
2022-07-07,5.3800000000,5.4200000000,5.3500000000,5.4100000000,4886200,26332638.9800,0.788900,0.744900
2022-07-08,5.4500000000,5.4900000000,5.3300000000,5.3700000000,5694582,30675080.6600,0.919400,-0.739400
2022-07-11,5.3300000000,5.3500000000,5.2200000000,5.2800000000,6889882,36388355.1800,1.112300,-1.676000
2022-07-12,5.2800000000,5.3000000000,5.1100000000,5.1200000000,5149900,26760818.0000,0.831400,-3.030300
2022-07-13,5.1200000000,5.2700000000,5.1200000000,5.2500000000,4747113,24765042.8800,0.766400,2.539100
2022-07-14,5.2300000000,5.2500000000,5.1800000000,5.2000000000,3253089,16950126.0200,0.525200,-0.952400
2022-07-15,5.1800000000,5.2400000000,5.0600000000,5.0800000000,4651782,23925768.3600,0.751000,-2.307700
2022-07-18,5.0600000000,5.2500000000,4.8900000000,5.1300000000,7955600,40362259.0000,1.284400,0.984300
2022-07-19,5.1500000000,5.2500000000,5.1400000000,5.2400000000,4951400,25761663.4000,0.799400,2.144200
2022-07-20,5.2200000000,5.2700000000,5.1600000000,5.2000000000,8069802,41990323.4200,1.302800,-0.763400
2022-07-21,5.1700000000,5.3100000000,5.1700000000,5.2100000000,6682500,34953942.0000,1.078900,0.192300
2022-07-22,5.1800000000,5.2600000000,5.0900000000,5.1200000000,5403800,27794251.0000,0.872400,-1.727400
2022-07-25,5.1400000000,5.1600000000,5.0700000000,5.0900000000,2965460,15155557.2000,0.478800,-0.585900
2022-07-26,5.1200000000,5.1800000000,5.0800000000,5.1800000000,3490602,17904904.3200,0.563500,1.768200
2022-07-27,5.1600000000,5.1800000000,5.0700000000,5.0800000000,3665113,18741923.0200,0.591700,-1.930500
2022-07-28,5.1000000000,5.1400000000,5.0600000000,5.0800000000,3996090,20353923.5300,0.645200,0.000000
2022-07-29,5.0700000000,5.1100000000,5.0100000000,5.0200000000,3819302,19283452.1400,0.616600,-1.181100
2022-08-01,5.0200000000,5.0800000000,5.0100000000,5.0400000000,3639220,18304350.4000,0.587500,0.398400
2022-08-02,5.0000000000,5.0000000000,4.7500000000,4.7900000000,9405289,45398863.2000,1.518400,-4.960300
2022-08-03,4.7700000000,4.9200000000,4.7500000000,4.7600000000,3944442,19087149.2800,0.636800,-0.626300
2022-08-04,4.8000000000,4.8700000000,4.7700000000,4.8600000000,3146200,15175634.0000,0.507900,2.100800
2022-08-05,4.8600000000,4.9100000000,4.8200000000,4.9000000000,2878700,13989489.0000,0.464800,0.823000
2022-08-08,4.8900000000,4.9400000000,4.8600000000,4.9200000000,1931560,9471927.0000,0.311800,0.408200
2022-08-09,4.9200000000,4.9200000000,4.8600000000,4.8700000000,2201000,10739209.0000,0.355300,-1.016300
2022-08-10,4.8700000000,4.8700000000,4.7900000000,4.8300000000,2499620,12053939.0000,0.403600,-0.821400
2022-08-11,4.8500000000,5.0400000000,4.8400000000,4.9600000000,5246860,26040040.0000,0.847100,2.691500
2022-08-12,4.9800000000,5.0600000000,4.9500000000,5.0200000000,3262000,16361673.0000,0.526600,1.209700
2022-08-15,5.0300000000,5.0700000000,4.9400000000,5.0300000000,3930503,19673954.8800,0.634600,0.199200
2022-08-16,5.0400000000,5.1200000000,5.0100000000,5.1100000000,3821222,19397472.4200,0.616900,1.590500
2022-08-17,5.1400000000,5.1600000000,5.0900000000,5.1400000000,4313280,22127456.6000,0.696400,0.587100
2022-08-18,5.1600000000,5.2000000000,5.0900000000,5.1300000000,3374240,17276893.0000,0.544800,-0.194600
2022-08-19,5.1200000000,5.2800000000,5.1100000000,5.1200000000,8824500,45830341.0000,1.424700,-0.194900
2022-08-22,5.1200000000,5.3100000000,5.0600000000,5.2900000000,7848142,41048202.4800,1.267100,3.320300
2022-08-23,5.3500000000,5.4500000000,5.2600000000,5.4500000000,10256549,55084791.6600,1.655900,3.024600
2022-08-24,5.4700000000,5.6000000000,5.3800000000,5.4200000000,12324751,67441410.8900,1.989800,-0.550500
2022-08-25,5.4700000000,5.4900000000,5.2700000000,5.3800000000,8420342,45196744.1800,1.359400,-0.738000
2022-08-26,5.4500000000,5.4800000000,5.3100000000,5.3300000000,5157039,27813860.1600,0.832600,-0.929400
2022-08-29,5.3000000000,5.3700000000,5.2500000000,5.3700000000,4356540,23152351.0000,0.703300,0.750500
2022-08-30,5.4100000000,5.4800000000,5.3500000000,5.4400000000,5348000,28944685.0000,0.863400,1.303500
2022-08-31,5.4000000000,5.5500000000,5.3600000000,5.4200000000,7624102,41538683.8400,1.230900,-0.367600
2022-09-01,5.4400000000,5.5000000000,5.3000000000,5.3900000000,6873720,37140945.8000,1.109700,-0.553500
2022-09-02,5.3700000000,5.5800000000,5.3700000000,5.5300000000,10949268,60276234.3600,1.767700,2.597400
2022-09-05,5.4800000000,5.5100000000,5.3800000000,5.4500000000,6143388,33378939.8400,0.991800,-1.446700
2022-09-06,5.4500000000,5.4700000000,5.3500000000,5.4500000000,4660322,25234260.8000,0.752400,0.000000
2022-09-07,5.4200000000,5.4500000000,5.3400000000,5.3700000000,5008800,26882033.0000,0.808700,-1.467900
2022-09-08,5.3500000000,5.5800000000,5.3400000000,5.4700000000,10135920,55478536.3800,1.636400,1.862200
2022-09-09,5.6300000000,5.9900000000,5.5800000000,5.8800000000,26912783,155730108.2800,4.345000,7.495400
2022-09-13,5.9200000000,6.2600000000,5.8000000000,6.1700000000,24446242,149075282.6400,3.946700,4.932000
2022-09-14,6.1000000000,6.2000000000,5.9800000000,6.0800000000,18923770,114691735.5400,3.055200,-1.458700
2022-09-15,6.0800000000,6.0800000000,6.0800000000,6.0800000000,,,,
2022-09-16,5.9900000000,5.9900000000,5.4700000000,5.7700000000,22510309,128407958.9700,3.634200,-5.098700
2022-09-19,5.6000000000,5.9800000000,5.5300000000,5.7800000000,17272860,98848286.0400,2.788600,0.173300
2022-09-20,5.7900000000,5.8000000000,5.5800000000,5.6800000000,10059600,56936591.0000,1.624100,-1.730100
2022-09-21,5.6200000000,5.6900000000,5.4100000000,5.6400000000,9704200,53486850.0000,1.566700,-0.704200
2022-09-22,5.6300000000,5.8700000000,5.6300000000,5.7500000000,10850798,62403426.3200,1.751800,1.950400
2022-09-23,5.7200000000,5.8000000000,5.4800000000,5.4800000000,8204848,46027553.3000,1.324600,-4.695700
2022-09-26,5.4800000000,5.5700000000,5.3500000000,5.4100000000,6115700,33502083.0000,0.987400,-1.277400
2022-09-27,5.4200000000,5.6800000000,5.3700000000,5.6600000000,8329466,46330247.8000,1.344800,4.621100
2022-09-28,5.6800000000,5.7000000000,5.4300000000,5.4700000000,7132282,39548786.8400,1.151500,-3.356900
2022-09-29,5.4600000000,5.5600000000,5.3000000000,5.3300000000,6711700,36192489.0000,1.083600,-2.559400
2022-09-30,5.3400000000,5.4400000000,5.2400000000,5.3300000000,4216856,22527494.9200,0.680800,0.000000
2022-10-10,5.4000000000,5.4000000000,5.1200000000,5.2300000000,5119100,26794740.0000,0.826500,-1.876200
2022-10-11,5.1900000000,5.3800000000,5.1600000000,5.3000000000,4378684,23050100.2200,0.706900,1.338400
2022-10-12,5.3000000000,5.5400000000,5.2300000000,5.5200000000,5232102,28216799.0600,0.844700,4.150900
2022-10-13,5.5100000000,5.5500000000,5.4000000000,5.4300000000,4752911,25997378.8000,0.767300,-1.630400
2022-10-14,5.4900000000,5.5800000000,5.4300000000,5.5600000000,7540225,41585070.7500,1.217300,2.394100
2022-10-17,5.5700000000,5.7800000000,5.5300000000,5.6700000000,7473719,42432892.0400,1.206600,1.978400
2022-10-18,5.7400000000,5.7500000000,5.6500000000,5.6800000000,5691864,32418235.5200,0.918900,0.176400
2022-10-19,5.7100000000,5.7200000000,5.5300000000,5.5400000000,4424600,24724375.0000,0.714300,-2.464800
2022-10-20,5.5300000000,5.7500000000,5.5100000000,5.6200000000,5681600,31936817.0000,0.917300,1.444000
2022-10-21,5.5900000000,5.6200000000,5.4000000000,5.4200000000,4966300,27364626.0000,0.801800,-3.558700
2022-10-24,5.4500000000,5.5500000000,5.2300000000,5.2500000000,4956964,26675147.0000,0.800300,-3.136500
2022-10-25,5.2500000000,5.3700000000,5.1900000000,5.3600000000,4086900,21612372.0000,0.659800,2.095200
2022-10-26,5.3600000000,5.4500000000,5.3400000000,5.3900000000,4213360,22675958.6000,0.680200,0.559700
2022-10-27,5.4200000000,5.9300000000,5.4000000000,5.9300000000,16183351,94632646.7700,2.612700,10.018600
2022-10-28,6.0400000000,6.1500000000,5.6900000000,5.7800000000,26289188,155194994.0800,4.244300,-2.529500
2022-10-31,5.7600000000,5.8300000000,5.6500000000,5.7700000000,12284062,70388410.3600,1.983200,-0.173000
2022-11-01,5.7800000000,5.9600000000,5.6700000000,5.9300000000,19148302,111463526.2600,3.091400,2.773000
2022-11-02,5.8800000000,6.1400000000,5.8400000000,5.9100000000,19824664,118324752.2000,3.200600,-0.337300
2022-11-03,5.8500000000,6.0200000000,5.8100000000,5.8600000000,9791721,57532772.5300,1.580800,-0.846000
2022-11-04,5.8700000000,6.0600000000,5.8200000000,5.9700000000,12243269,72992789.3200,1.976600,1.877100
2022-11-07,5.9500000000,6.0300000000,5.9000000000,5.9900000000,10529985,62852271.0600,1.700000,0.335000
2022-11-08,6.0000000000,6.1000000000,5.9100000000,6.0600000000,11613102,69652626.8200,1.874900,1.168600
2022-11-09,6.0100000000,6.3000000000,6.0000000000,6.2000000000,14929762,92136137.8000,2.410300,2.310200
2022-11-10,6.2000000000,6.4800000000,6.0800000000,6.4300000000,21897845,138082772.3100,3.535300,3.709700
2022-11-11,6.4400000000,6.5600000000,6.2400000000,6.2400000000,20666877,132046460.4000,3.336600,-2.954900
2022-11-14,6.2600000000,6.2800000000,6.0700000000,6.1500000000,12495065,76779462.0100,2.017300,-1.442300
2022-11-15,6.1900000000,6.2200000000,6.0200000000,6.0900000000,10421241,63697616.2800,1.682500,-0.975600
2022-11-16,6.1500000000,6.2900000000,6.1100000000,6.1300000000,9769008,60499339.5000,1.577200,0.656800
2022-11-17,6.1900000000,6.2800000000,6.0800000000,6.1900000000,8915236,54896853.2800,1.439300,0.978800
2022-11-18,6.2000000000,6.4200000000,6.1200000000,6.1300000000,13167794,82458277.8600,2.125900,-0.969300
2022-11-21,6.1200000000,6.1400000000,5.9400000000,5.9900000000,9139060,54922172.0000,1.475500,-2.283800
2022-11-22,5.9600000000,6.0600000000,5.8700000000,5.9200000000,7773220,46197483.0400,1.255000,-1.168600
2022-11-23,5.8900000000,5.9600000000,5.7900000000,5.8700000000,5281551,30939670.3900,0.852700,-0.844600
2022-11-24,5.8600000000,5.9400000000,5.7800000000,5.7800000000,5245302,30587806.6000,0.846800,-1.533200
2022-11-25,5.7600000000,6.0800000000,5.7400000000,6.0300000000,13104247,77612792.4100,2.115600,4.325300
2022-11-28,5.9000000000,6.0300000000,5.7900000000,5.9600000000,9796227,57900397.0600,1.581600,-1.160900
2022-11-29,6.0000000000,6.3200000000,5.9300000000,6.2900000000,18195150,112789292.2600,2.937500,5.536900
2022-11-30,6.2700000000,6.3400000000,6.1300000000,6.2100000000,11527305,71546557.8400,1.861000,-1.271900
2022-12-01,6.3300000000,6.4300000000,6.0700000000,6.1000000000,12878341,79833846.7100,2.079200,-1.771300
2022-12-02,6.1300000000,6.3100000000,6.1000000000,6.2400000000,9310561,57941456.4500,1.503200,2.295100
2022-12-05,6.3100000000,6.3500000000,6.2000000000,6.2500000000,7821120,48970111.8000,1.262700,0.160300
2022-12-06,6.2200000000,6.3800000000,6.1000000000,6.1300000000,10066102,62449296.2400,1.625100,-1.920000
2022-12-07,6.1000000000,6.2800000000,5.9400000000,6.2100000000,12835309,78324668.3800,2.072200,1.305100
2022-12-08,6.2200000000,6.2300000000,6.0400000000,6.0800000000,8686800,53091787.0000,1.402400,-2.093400
2022-12-09,6.1000000000,6.1000000000,5.9400000000,5.9800000000,6214300,37251737.0000,1.003300,-1.644700
2022-12-12,6.0000000000,6.0100000000,5.8500000000,5.8800000000,5717621,33781256.0400,0.923100,-1.672200
2022-12-13,5.8800000000,6.2000000000,5.8600000000,6.1300000000,11611560,70728173.4000,1.874600,4.251700
2022-12-14,6.1300000000,6.3500000000,6.0500000000,6.2700000000,13161028,82094114.1600,2.124800,2.283800
2022-12-15,6.3100000000,6.3200000000,6.1200000000,6.2500000000,8396887,51963615.0100,1.355600,-0.319000
2022-12-16,6.2200000000,6.2900000000,6.1600000000,6.2200000000,6218702,38663283.4200,1.004000,-0.480000
2022-12-19,6.2600000000,6.3700000000,6.1200000000,6.3100000000,14292062,89625395.7000,2.307400,1.446900
2022-12-20,6.2900000000,6.2900000000,5.9800000000,6.0600000000,10490833,63886255.6500,1.693700,-3.962000
2022-12-21,6.0800000000,6.3000000000,6.0000000000,6.2400000000,11685844,72557002.6400,1.886600,2.970300
2022-12-22,6.2400000000,6.3000000000,6.1400000000,6.1500000000,8980904,55849127.2800,1.449900,-1.442300
2022-12-23,6.0500000000,6.4500000000,6.0300000000,6.3400000000,18133710,114613726.5000,2.927600,3.089400
2022-12-26,6.3500000000,6.5100000000,6.2400000000,6.4900000000,17287560,111108340.2000,2.791000,2.365900
2022-12-27,6.5200000000,6.6500000000,6.3300000000,6.4700000000,20383973,131963492.9200,3.290900,-0.308200
2022-12-28,6.4600000000,7.1200000000,6.3600000000,7.1200000000,30634474,213745377.7400,4.945800,10.046400
2022-12-29,7.3000000000,7.8300000000,7.1800000000,7.4200000000,70727021,534444471.9200,11.418600,4.213500
2022-12-30,7.1700000000,8.1000000000,7.1700000000,7.9800000000,60065072,455893459.3000,9.697300,7.547200
2023-01-03,7.6200000000,7.7900000000,7.3400000000,7.6600000000,44223600,334490029.1900,7.139700,-4.010000
2023-01-04,7.5300000000,7.8800000000,7.4400000000,7.6300000000,32918493,253022898.1100,5.314600,-0.391600
2023-01-05,7.5900000000,7.6800000000,7.3000000000,7.5300000000,23927280,179435992.4000,3.863000,-1.310600
2023-01-06,7.5500000000,7.5800000000,7.2200000000,7.4200000000,24305700,179226039.0000,3.924100,-1.460800
2023-01-09,7.3800000000,7.6200000000,7.3000000000,7.4300000000,16219800,120925640.0000,2.618600,0.134800
2023-01-10,7.4000000000,7.4600000000,7.1600000000,7.2400000000,19546046,141868619.8600,3.155600,-2.557200
2023-01-11,7.2500000000,7.3000000000,6.9800000000,7.0200000000,18082980,127890165.8000,2.919400,-3.038700
2023-01-12,7.0200000000,7.0800000000,6.9100000000,6.9400000000,10955340,76506184.2000,1.768700,-1.139600
2023-01-13,6.9800000000,7.1600000000,6.9000000000,6.9600000000,11676500,81892127.9800,1.885100,0.288200
2023-01-16,6.9600000000,7.1500000000,6.8700000000,7.0100000000,11157207,78225303.1500,1.801300,0.718400
2023-01-17,7.0000000000,7.5300000000,6.9700000000,7.2800000000,24817977,179700778.9700,4.006800,3.851600
2023-01-18,7.3300000000,7.4000000000,7.0900000000,7.2000000000,13670340,98682882.2000,2.207000,-1.098900
2023-01-19,7.1100000000,7.1800000000,7.0000000000,7.0600000000,9495858,66913563.9200,1.533100,-1.944400
2023-01-20,7.0700000000,7.2800000000,7.0300000000,7.2500000000,12195385,87880005.0900,1.968900,2.691200
2023-01-30,7.3500000000,7.4000000000,7.0800000000,7.2100000000,13456252,96757013.2200,2.172500,-0.551700
2023-01-31,7.1600000000,7.1900000000,7.0000000000,7.0800000000,8655860,61220091.6000,1.397500,-1.803100
2023-02-01,7.0300000000,7.3400000000,7.0200000000,7.2700000000,11693441,84436841.2100,1.887900,2.683600
2023-02-02,7.2700000000,7.3200000000,7.1500000000,7.3000000000,8968994,64817674.6800,1.448000,0.412700
2023-02-03,7.2600000000,7.4500000000,7.1900000000,7.3900000000,14479800,106613778.3800,2.337700,1.232900
2023-02-06,7.3300000000,7.5400000000,7.1200000000,7.1600000000,12966700,94717341.0000,2.093400,-3.112300
2023-02-07,7.2300000000,7.3000000000,7.1200000000,7.2000000000,6100300,43857701.0000,0.984900,0.558700
2023-02-08,7.2400000000,7.4200000000,7.1500000000,7.2400000000,9480400,68923588.0000,1.530600,0.555600
2023-02-09,7.2300000000,7.5000000000,7.1500000000,7.3700000000,11509187,84924694.3700,1.858100,1.795600
2023-02-10,7.3700000000,8.0000000000,7.3400000000,7.7000000000,24899191,191603068.6100,4.019900,4.477600
2023-02-13,7.8000000000,7.8300000000,7.5900000000,7.7400000000,13019210,100171098.1000,2.101900,0.519500
2023-02-14,7.7600000000,7.8000000000,7.4600000000,7.5200000000,12500508,94675352.0600,2.018200,-2.842400
2023-02-15,7.5200000000,7.6300000000,7.4600000000,7.5700000000,8278600,62376725.0000,1.336500,0.664900
2023-02-16,7.5300000000,7.7300000000,7.3600000000,7.3900000000,13919127,105228243.1400,2.247200,-2.377800
2023-02-17,7.3400000000,7.4400000000,7.1100000000,7.1600000000,11933422,86227576.4100,1.926600,-3.112300
2023-02-20,7.2000000000,7.3200000000,7.1000000000,7.3200000000,8304425,59737085.5000,1.340700,2.234600
2023-02-21,7.3000000000,7.5000000000,7.2600000000,7.4800000000,8574736,63579071.0400,1.384400,2.185800
2023-02-22,7.4300000000,7.4700000000,7.2800000000,7.3400000000,5332900,39114197.9800,0.861000,-1.871700
2023-02-23,7.3500000000,7.3900000000,7.2600000000,7.3700000000,4648840,34034553.0000,0.750500,0.408700
2023-02-24,7.3700000000,7.6700000000,7.3400000000,7.5300000000,11797020,88489607.4000,1.904600,2.171000
2023-02-27,7.4600000000,7.6000000000,7.3200000000,7.5300000000,7365540,54954163.0000,1.189100,0.000000
2023-02-28,7.5600000000,7.6800000000,7.4700000000,7.6700000000,7880902,59902166.2800,1.272300,1.859200
2023-03-01,7.6600000000,7.8000000000,7.5800000000,7.7400000000,10203082,78810594.9100,1.647200,0.912600
2023-03-02,7.7800000000,7.8300000000,7.6300000000,7.7800000000,8221088,63510308.5200,1.327300,0.516800
2023-03-03,7.7500000000,8.5500000000,7.7100000000,8.2900000000,21829754,177181641.3000,3.524300,6.555300
2023-03-06,8.2100000000,8.6600000000,8.1500000000,8.3400000000,15451430,129390649.8200,2.494600,0.603100
2023-03-07,8.2900000000,8.3700000000,7.9300000000,7.9400000000,12024780,97588244.9400,1.941400,-4.796200
2023-03-08,7.9500000000,8.1600000000,7.9000000000,8.0500000000,8476624,68173265.3000,1.368500,1.385400
2023-03-09,8.1400000000,8.2400000000,7.9200000000,8.0700000000,8032100,65006731.0000,1.296700,0.248400
2023-03-10,7.9600000000,8.1700000000,7.9500000000,8.0500000000,6280680,50623761.4000,1.014000,-0.247800
2023-03-13,7.9700000000,8.0500000000,7.7000000000,8.0000000000,9589900,75574109.9400,1.548300,-0.621100
2023-03-14,8.0100000000,8.0500000000,7.7700000000,7.8000000000,5678600,44695245.0000,0.916800,-2.500000
2023-03-15,7.8700000000,8.1500000000,7.8200000000,7.9500000000,6578020,52480559.8000,1.062000,1.923100
2023-03-16,7.8800000000,8.0200000000,7.8300000000,7.8900000000,4632000,36632661.0000,0.747800,-0.754700
2023-03-17,8.0200000000,8.2000000000,7.9600000000,8.1500000000,9176140,74379963.6600,1.481500,3.295300
2023-03-20,8.1300000000,8.3000000000,8.0300000000,8.0800000000,8730295,71343463.2900,1.409500,-0.858900
2023-03-21,8.0500000000,8.3400000000,8.0000000000,8.3100000000,8576480,70524152.1600,1.384600,2.846500
2023-03-22,8.3100000000,8.3500000000,8.1600000000,8.2000000000,7176808,58947616.6000,1.158700,-1.323700
2023-03-23,8.2400000000,8.2400000000,8.0600000000,8.1300000000,7080747,57383172.6300,1.143200,-0.853700
2023-03-24,8.1600000000,8.2800000000,7.9900000000,8.0000000000,9149548,74292064.2400,1.477200,-1.599000
2023-03-27,7.9400000000,7.9700000000,7.8000000000,7.8400000000,9458709,74375298.1300,1.527100,-2.000000
2023-03-28,7.8000000000,7.9100000000,7.5500000000,7.6900000000,7808414,60640281.4800,1.260600,-1.913300
2023-03-29,7.6900000000,7.7800000000,7.6100000000,7.7200000000,6168506,47475593.9000,0.995900,0.390100
2023-03-30,7.6800000000,7.7600000000,7.4500000000,7.5600000000,9604926,72756132.5600,1.550700,-2.072500
2023-03-31,7.5800000000,7.8800000000,7.5100000000,7.8500000000,8608826,66395791.9400,1.389900,3.836000
2023-04-03,7.8600000000,8.2300000000,7.8400000000,8.1600000000,13632203,110131002.3800,2.200900,3.949000
2023-04-04,8.2100000000,8.3300000000,8.0800000000,8.1000000000,10403700,85179807.0000,1.679600,-0.735300
2023-04-06,8.0400000000,8.1100000000,7.8000000000,7.8100000000,7932900,62771592.0000,1.280700,-3.580200
2023-04-07,7.7900000000,8.0000000000,7.7300000000,7.9100000000,9031176,71088788.2000,1.458000,1.280400
2023-04-10,8.1500000000,8.1500000000,7.7500000000,7.8200000000,8125776,64202027.8400,1.311900,-1.137800
2023-04-11,7.8000000000,8.2000000000,7.7100000000,8.1600000000,14497443,117183600.4200,2.340600,4.347800
2023-04-12,8.1700000000,8.3900000000,8.1100000000,8.3800000000,17200790,142189421.0000,2.777000,2.696100
2023-04-13,8.3800000000,8.6200000000,8.2600000000,8.4800000000,21237328,179461252.1200,3.428700,1.193300
2023-04-14,8.4800000000,8.5500000000,8.0100000000,8.1500000000,16252200,133297653.0000,2.623900,-3.891500
2023-04-17,8.0800000000,8.1400000000,7.9400000000,7.9600000000,11189800,89664031.1200,1.806500,-2.331300
2023-04-18,7.9600000000,8.2000000000,7.8100000000,8.0800000000,11452076,92100546.6000,1.848900,1.507500
2023-04-19,8.0500000000,8.5000000000,8.0300000000,8.3300000000,23448400,195170233.0000,3.785600,3.094100
2023-04-20,8.2000000000,8.3300000000,8.1000000000,8.2800000000,9300486,76307800.3800,1.501500,-0.600200
2023-04-21,8.4000000000,8.8100000000,8.2900000000,8.3300000000,25947248,221517429.8000,4.189100,0.603900
2023-04-24,8.3900000000,9.1600000000,8.1200000000,8.8900000000,40865883,353604506.5200,6.597600,6.722700
2023-04-25,8.8900000000,9.3200000000,8.6000000000,9.2600000000,43366283,391181975.2000,7.001300,4.162000
2023-04-26,9.0200000000,9.5600000000,8.7300000000,9.0400000000,34832797,315285226.7100,5.623600,-2.375800
2023-04-27,8.9400000000,8.9400000000,8.3100000000,8.4300000000,25726223,222906799.9100,4.153400,-6.747800
2023-04-28,8.3600000000,8.9300000000,8.3600000000,8.8100000000,21834664,190328087.0800,3.525100,4.507700
2023-05-04,8.7000000000,9.0700000000,8.4400000000,8.9700000000,30787704,268749574.1400,4.970500,1.816100
2023-05-05,8.8500000000,8.9200000000,8.5600000000,8.7500000000,18230312,159112029.3200,2.943200,-2.452600
2023-05-08,8.7600000000,8.7600000000,8.4200000000,8.6900000000,15011662,129125243.0000,2.423600,-0.685700
2023-05-09,8.6200000000,9.3700000000,8.5000000000,9.2800000000,34508855,311226877.8400,5.571300,6.789400
2023-05-10,9.1400000000,9.5100000000,8.9300000000,9.1500000000,23643949,217866210.8700,3.817200,-1.400900
2023-05-11,9.0500000000,10.0500000000,9.0300000000,9.7900000000,45495797,439640933.6000,7.345100,6.994500
2023-05-12,9.6600000000,9.6700000000,9.0300000000,9.1600000000,30035895,278723288.0500,4.849200,-6.435100
2023-05-15,9.0600000000,9.5600000000,9.0600000000,9.3800000000,23388438,218728263.0500,3.776000,2.401700
2023-05-16,9.2000000000,9.7600000000,8.9100000000,9.3400000000,28153933,262894402.2700,4.545300,-0.426400
2023-05-17,9.1200000000,9.4100000000,8.9800000000,9.1200000000,18688200,170698641.9600,3.017100,-2.355500
2023-05-18,9.2000000000,9.2000000000,8.9500000000,9.0300000000,12831834,116059230.6800,2.071600,-0.986800
2023-05-19,9.0200000000,9.3500000000,8.7100000000,9.2100000000,18518215,168601443.7600,2.989700,1.993400
2023-05-22,9.1800000000,9.5000000000,9.0500000000,9.2200000000,10377353,95894136.6500,1.675400,0.108600
2023-05-23,9.1300000000,9.4000000000,8.9000000000,8.9000000000,12205950,111676466.0000,1.970600,-3.470700
2023-05-24,8.8000000000,8.9800000000,8.4900000000,8.5100000000,21583283,186830015.6200,3.484500,-4.382000
2023-05-25,8.5300000000,8.5800000000,8.0400000000,8.3200000000,18648125,154128826.8100,3.010700,-2.232700
2023-05-26,8.3300000000,8.4400000000,8.1300000000,8.2600000000,8892800,73681858.2000,1.435700,-0.721200
2023-05-29,8.2700000000,8.3500000000,8.1100000000,8.1500000000,8930734,73357702.7800,1.441800,-1.331700
2023-05-30,8.1600000000,8.3900000000,8.0500000000,8.3500000000,9374442,77384116.9600,1.513500,2.454000
2023-05-31,8.2500000000,8.4500000000,8.2500000000,8.3100000000,7608400,63366399.0000,1.228300,-0.479000
2023-06-01,8.2600000000,8.7100000000,8.2600000000,8.6100000000,13925076,119421788.8800,2.248100,3.610100
2023-06-02,8.6200000000,8.7100000000,8.5000000000,8.5800000000,9195256,79110528.4400,1.484500,-0.348400
2023-06-05,8.5500000000,8.8000000000,8.5100000000,8.7900000000,9933380,86602505.4000,1.603700,2.447600
2023-06-06,8.7200000000,9.5900000000,8.6700000000,9.0600000000,28776143,265151956.6900,4.645800,3.071700
2023-06-07,9.1200000000,9.2000000000,8.8700000000,9.1600000000,17113903,155843526.3400,2.763000,1.103800
2023-06-08,9.1000000000,9.1300000000,8.8000000000,8.9200000000,12326800,110191411.0000,1.990100,-2.620100
2023-06-09,8.9800000000,9.0500000000,8.7100000000,9.0000000000,11128100,98839210.0000,1.796600,0.896900
2023-06-12,8.9300000000,9.0900000000,8.8400000000,8.9800000000,7133900,63829242.4100,1.151700,-0.222200
2023-06-13,8.9500000000,9.2400000000,8.9400000000,9.0800000000,9941400,90534499.0000,1.605000,1.113600
2023-06-14,9.0800000000,9.2100000000,8.9600000000,9.0200000000,9744700,88369764.0000,1.573200,-0.660800
2023-06-15,8.9900000000,9.1300000000,8.8400000000,8.8500000000,10259500,92082361.0000,1.656400,-1.884700
2023-06-16,8.8600000000,8.9400000000,8.6900000000,8.7300000000,12242260,107714186.4000,1.976500,-1.355900
2023-06-19,8.7400000000,8.7700000000,8.5600000000,8.6700000000,8438120,73015039.4000,1.362300,-0.687300
2023-06-20,8.6700000000,8.7800000000,8.5700000000,8.6600000000,6166921,53438466.4200,0.995600,-0.115300
2023-06-21,8.6100000000,8.7000000000,8.2700000000,8.2800000000,11611900,97800099.9800,1.874700,-4.388000
2023-06-26,8.1800000000,8.2800000000,7.8700000000,8.0000000000,12766095,102741977.3600,2.061000,-3.381600
2023-06-27,7.9100000000,8.1800000000,7.8900000000,8.0900000000,6395500,51671688.0000,1.032500,1.125000
2023-06-28,8.0800000000,8.1000000000,7.6500000000,8.0300000000,12150600,95477341.0000,1.961700,-0.741700
2023-06-29,8.0300000000,8.2000000000,7.9500000000,8.0800000000,6280300,50895996.0000,1.013900,0.622700
2023-06-30,8.0800000000,8.0800000000,7.8400000000,7.9700000000,13632526,108576626.8800,2.025100,-1.361400
2023-07-03,7.9600000000,8.0900000000,7.8800000000,8.0900000000,7468020,59770211.2000,1.109400,1.505600
2023-07-04,8.0500000000,8.4100000000,8.0500000000,8.2300000000,11845345,97399264.9000,1.759600,1.730500
2023-07-05,8.2800000000,8.2800000000,8.0600000000,8.0600000000,5777260,46985051.8000,0.858200,-2.065600
2023-07-06,8.0400000000,8.1300000000,7.9900000000,8.0800000000,4948000,39845711.0000,0.735000,0.248100
2023-07-07,8.0100000000,8.0500000000,7.8000000000,7.9800000000,5493200,43602722.0000,0.816000,-1.237600
2023-07-10,8.0000000000,8.1900000000,8.0000000000,8.0900000000,4980311,40486441.7600,0.739800,1.378400
2023-07-11,8.0800000000,8.1700000000,8.0000000000,8.1500000000,4390300,35564848.0000,0.652200,0.741700
2023-07-12,8.1900000000,8.2100000000,8.0500000000,8.0800000000,4516100,36547836.0000,0.670900,-0.858900
2023-07-13,8.3300000000,8.4000000000,8.1400000000,8.2200000000,12789699,105315420.6000,1.899900,1.732700
2023-07-14,8.2200000000,8.2600000000,8.0000000000,8.0600000000,11557606,93338979.0400,1.716900,-1.946500
2023-07-17,8.0000000000,8.0900000000,7.8800000000,8.0600000000,6444792,51717567.8800,0.957400,0.000000
2023-07-18,8.0600000000,8.0800000000,7.9300000000,7.9300000000,5938961,47495632.7900,0.882200,-1.612900
2023-07-19,7.9300000000,8.1100000000,7.9200000000,8.0400000000,5246668,42166642.5600,0.779400,1.387100
2023-07-20,8.0200000000,8.1700000000,7.9400000000,8.0400000000,8321631,67189096.7200,1.236200,0.000000
2023-07-21,8.1000000000,8.2600000000,8.0000000000,8.0500000000,9045660,73135751.4000,1.343700,0.124400
2023-07-24,8.0800000000,8.1000000000,7.9300000000,7.9600000000,5593500,44669252.7200,0.830900,-1.118000
2023-07-25,8.0200000000,8.0900000000,7.9500000000,8.0600000000,6716480,54041106.0000,0.997700,1.256300
2023-07-26,8.0100000000,8.0600000000,7.9200000000,7.9400000000,6048900,48154465.8400,0.898600,-1.488800
2023-07-27,7.9500000000,7.9600000000,7.6100000000,7.7500000000,12045554,93458742.9400,1.789400,-2.392900
2023-07-28,7.7000000000,7.7600000000,7.4700000000,7.6700000000,11950319,91417420.9300,1.775200,-1.032300
2023-07-31,7.6700000000,7.7800000000,7.5800000000,7.7600000000,12265840,94138158.8000,1.822100,1.173400
2023-08-01,8.1800000000,8.3800000000,7.9900000000,8.0900000000,28599104,233639212.7400,4.248400,4.252600
2023-08-02,7.9000000000,7.9000000000,7.6600000000,7.7900000000,17354402,134777120.5600,2.578000,-3.708300
2023-08-03,7.7000000000,7.8600000000,7.7000000000,7.7600000000,6864100,53370590.0000,1.019700,-0.385100
2023-08-04,7.6700000000,7.8500000000,7.6700000000,7.8100000000,7634184,59346785.8100,1.134100,0.644300
2023-08-07,7.8100000000,8.0400000000,7.7800000000,7.9900000000,11610000,91792022.0000,1.724700,2.304700
2023-08-08,7.9700000000,8.0500000000,7.9300000000,8.0000000000,6944200,55522131.0000,1.031600,0.125200
2023-08-09,7.9900000000,8.0800000000,7.8600000000,7.8700000000,6419500,51037742.0000,0.953600,-1.625000
2023-08-10,7.8400000000,8.0200000000,7.8200000000,7.9100000000,5505559,43715556.1000,0.817900,0.508300
2023-08-11,7.9400000000,8.0500000000,7.8100000000,7.8200000000,6655200,52642512.0000,0.988600,-1.137800
2023-08-14,7.7900000000,7.9800000000,7.7500000000,7.9400000000,7057701,55762244.8500,1.048400,1.534500
2023-08-15,7.9400000000,7.9800000000,7.8000000000,7.8500000000,4980707,39263962.5100,0.739900,-1.133500
2023-08-16,7.8700000000,7.8800000000,7.7500000000,7.7700000000,3526100,27491821.0000,0.523800,-1.019100
2023-08-17,7.7800000000,7.8300000000,7.6500000000,7.8000000000,3986620,30857925.8000,0.592200,0.386100
2023-08-18,7.8000000000,7.8400000000,7.6400000000,7.6400000000,4348100,33603707.0000,0.645900,-2.051300
2023-08-21,7.5300000000,7.7700000000,7.5300000000,7.6300000000,4242100,32563656.0000,0.630200,-0.130900
2023-08-22,7.7000000000,7.8900000000,7.6800000000,7.8700000000,9006092,70342555.7600,1.337900,3.145500
2023-08-23,7.9200000000,7.9400000000,7.7700000000,7.8600000000,5780700,45501050.0000,0.858700,-0.127100
2023-08-24,7.8700000000,8.2000000000,7.8600000000,8.1000000000,14338700,115622946.9400,2.130000,3.053400
2023-08-25,8.1000000000,8.1400000000,7.6000000000,7.6200000000,13672460,106856578.2000,2.031100,-5.925900
2023-08-28,8.1000000000,8.1000000000,7.5700000000,7.5900000000,9910802,76641765.4000,1.472300,-0.393700
2023-08-29,7.5900000000,7.8400000000,7.5700000000,7.8200000000,7511307,57968040.0400,1.115800,3.030300
2023-08-30,7.8400000000,7.9600000000,7.8000000000,7.9500000000,9253565,72972787.5000,1.374600,1.662400
2023-08-31,7.9500000000,7.9500000000,7.7200000000,7.7700000000,6452000,50166578.0000,0.958500,-2.264200
2023-09-01,7.7600000000,8.0500000000,7.7600000000,7.9300000000,9585207,75811200.8100,1.423900,2.059200
2023-09-04,7.9400000000,8.1200000000,7.9300000000,8.0500000000,12212840,98065702.6000,1.814200,1.513200
2023-09-05,8.0300000000,8.0300000000,7.8700000000,7.8900000000,7963500,63131759.0000,1.183000,-1.987600
2023-09-06,7.8600000000,7.8800000000,7.7700000000,7.8200000000,5411600,42264776.1800,0.803900,-0.887200
2023-09-07,7.8300000000,8.0500000000,7.8000000000,7.8800000000,12944500,102698088.0000,1.922900,0.767300
2023-09-08,7.8000000000,7.8800000000,7.6500000000,7.7800000000,9492600,73184779.0000,1.410100,-1.269000
2023-09-11,7.7200000000,7.7900000000,7.6800000000,7.7900000000,7844176,60691248.9800,1.165300,0.128500
2023-09-12,7.7500000000,7.7800000000,7.6500000000,7.6800000000,6627963,51024544.7800,0.984600,-1.412100
2023-09-13,7.6300000000,7.7300000000,7.6200000000,7.6700000000,4308760,33029907.8000,0.640100,-0.130200
2023-09-14,7.6500000000,7.6900000000,7.5300000000,7.6900000000,6217402,47304640.2000,0.923600,0.260800
2023-09-15,7.7000000000,7.8900000000,7.6900000000,7.7900000000,11320022,88231644.2200,1.681600,1.300400
2023-09-18,7.8000000000,7.9900000000,7.7700000000,7.8900000000,10455122,82269483.2600,1.553100,1.283700
2023-09-19,7.8600000000,7.8700000000,7.6700000000,7.7300000000,8373988,64767258.5200,1.244000,-2.027900
2023-09-20,7.7100000000,7.7200000000,7.5500000000,7.5600000000,6069220,46039813.5800,0.901600,-2.199200
2023-09-21,7.6100000000,7.6200000000,7.5000000000,7.5900000000,4422702,33398797.1000,0.657000,0.396800
2023-09-22,7.5900000000,7.6700000000,7.5200000000,7.6700000000,4571343,34826352.7500,0.679100,1.054000
2023-09-25,7.6900000000,7.6900000000,7.5500000000,7.6200000000,4321323,32831600.3400,0.641900,-0.651900
2023-09-26,7.5600000000,7.6500000000,7.3900000000,7.6300000000,6649385,50309846.5100,0.987800,0.131200
2023-09-27,7.6300000000,7.6300000000,7.4000000000,7.5300000000,6856900,51430682.0000,1.018600,-1.310600
2023-09-28,7.5000000000,7.5500000000,7.4600000000,7.4900000000,4192280,31469608.8000,0.622800,-0.531200
2023-10-09,7.4400000000,7.4400000000,6.9700000000,6.9800000000,10646032,75675182.0200,1.581500,-6.809100
2023-10-10,6.9700000000,7.1200000000,6.9700000000,7.0000000000,5492259,38717830.9900,0.815900,0.286500
2023-10-11,7.0000000000,7.2000000000,6.9100000000,7.1200000000,7259660,51420952.4000,1.078400,1.714300
2023-10-12,7.0800000000,7.2100000000,6.9700000000,7.1500000000,7581499,53562965.9800,1.126200,0.421300
2023-10-13,7.1100000000,7.2200000000,7.0600000000,7.1500000000,4518200,32329216.0000,0.671200,0.000000
2023-10-16,7.1700000000,7.1700000000,6.9600000000,6.9800000000,3618000,25438488.0100,0.537500,-2.377600
2023-10-17,7.0600000000,7.0700000000,6.9800000000,7.0100000000,2240919,15706950.2000,0.332900,0.429800
2023-10-18,6.9900000000,7.0200000000,6.8800000000,7.0100000000,3427733,23809480.0000,0.509200,0.000000
2023-10-19,6.9500000000,7.0700000000,6.9100000000,6.9100000000,3087000,21542769.0000,0.458600,-1.426500
2023-10-20,6.8600000000,6.9200000000,6.8000000000,6.8400000000,3585840,24586779.4000,0.532700,-1.013000
2023-10-23,6.8500000000,6.8600000000,6.6800000000,6.7200000000,4638522,31399616.0600,0.689100,-1.754400
2023-10-24,6.7500000000,6.9400000000,6.7200000000,6.9200000000,3711500,25512124.0000,0.551400,2.976200
2023-10-25,6.9300000000,7.0900000000,6.9300000000,7.0600000000,3808100,26788684.0000,0.565700,2.023100
2023-10-26,7.0300000000,7.0700000000,6.9800000000,7.0600000000,2699501,18956244.0100,0.401000,0.000000
2023-10-27,7.0000000000,7.1100000000,7.0000000000,7.0600000000,2397420,16943341.0000,0.356100,0.000000
2023-10-30,7.1000000000,7.5800000000,7.0600000000,7.3900000000,8590143,62490661.9700,1.276100,4.674200
2023-10-31,7.2600000000,7.3900000000,7.1500000000,7.2300000000,7484803,54126849.9900,1.111900,-2.165100
2023-11-01,7.2200000000,7.4000000000,7.1800000000,7.3000000000,5941979,43479345.4400,0.882700,0.968200
2023-11-02,7.2600000000,7.5500000000,7.2200000000,7.4500000000,11226033,83850452.1500,1.667600,2.054800
2023-11-03,7.3500000000,7.4900000000,7.2000000000,7.3900000000,7070020,52282612.6000,1.050300,-0.805400
2023-11-06,7.3900000000,7.5500000000,7.3400000000,7.5000000000,7852900,58832052.0000,1.166600,1.488500
2023-11-07,7.5400000000,7.5500000000,7.4000000000,7.4700000000,5904000,44081955.0000,0.877000,-0.400000
2023-11-08,7.4500000000,7.6200000000,7.4200000000,7.5900000000,7118160,53872421.2000,1.057400,1.606400
2023-11-09,7.5600000000,7.6000000000,7.4700000000,7.4800000000,5078500,38171670.0000,0.754400,-1.449300
2023-11-10,7.4800000000,7.5300000000,7.4000000000,7.4300000000,6136600,45656947.0000,0.911600,-0.668400
2023-11-13,7.4500000000,7.5400000000,7.4400000000,7.4900000000,3498520,26206421.2000,0.519700,0.807500
2023-11-14,7.5000000000,7.5400000000,7.4400000000,7.4900000000,2823600,21145233.0000,0.419500,0.000000
2023-11-15,7.5000000000,7.5900000000,7.3000000000,7.3500000000,7387389,54689337.1500,1.097400,-1.869200
2023-11-16,7.3500000000,7.4800000000,7.3000000000,7.4100000000,6034100,44731617.0000,0.896400,0.816300
2023-11-17,7.4200000000,7.5300000000,7.3700000000,7.4600000000,5988799,44636443.6100,0.889600,0.674800
2023-11-20,7.4600000000,7.5500000000,7.4000000000,7.5100000000,5111900,38269444.4000,0.759400,0.670200
2023-11-21,7.5000000000,7.6300000000,7.5000000000,7.5900000000,7765080,58860006.2000,1.153500,1.065200
2023-11-22,7.5500000000,7.7100000000,7.5100000000,7.6400000000,7379071,56471720.4800,1.096200,0.658800
2023-11-23,7.6100000000,7.6300000000,7.4100000000,7.5300000000,6029882,45290078.9000,0.895700,-1.439800
2023-11-24,7.5600000000,7.6200000000,7.4500000000,7.4800000000,4223460,31807774.6000,0.627400,-0.664000
2023-11-27,7.5400000000,7.6100000000,7.4200000000,7.4700000000,4584380,34280910.8000,0.681000,-0.133700
2023-11-28,7.4600000000,7.5100000000,7.3700000000,7.4500000000,3792480,28237318.3700,0.563400,-0.267700
2023-11-29,7.4600000000,7.5400000000,7.4300000000,7.4600000000,4567700,34215497.0000,0.678500,0.134200
2023-11-30,7.4600000000,7.5300000000,7.4300000000,7.4700000000,3745622,28005270.5600,0.556400,0.134000
2023-12-01,7.4600000000,7.6800000000,7.4400000000,7.6700000000,10943500,83465631.5700,1.625700,2.677400
2023-12-04,7.6200000000,7.8600000000,7.6200000000,7.8300000000,9237200,71815267.0000,1.372200,2.086000
2023-12-05,7.8200000000,7.8700000000,7.7500000000,7.7500000000,8043200,62827917.8800,1.194800,-1.021700
2023-12-06,7.7200000000,7.9500000000,7.6600000000,7.9000000000,9242600,72427960.0000,1.373000,1.935500
2023-12-07,7.8600000000,7.9900000000,7.8600000000,7.9400000000,8629230,68313928.1000,1.281900,0.506300
2023-12-08,7.9400000000,7.9500000000,7.8100000000,7.9000000000,8517002,67226159.8100,1.265200,-0.503800
2023-12-11,7.8400000000,7.9900000000,7.7900000000,7.9700000000,8612214,68345992.1800,1.279400,0.886100
2023-12-12,7.9800000000,8.0300000000,7.9100000000,7.9500000000,6093300,48520475.4000,0.905200,-0.250900
2023-12-13,7.9800000000,8.0200000000,7.8700000000,7.8800000000,6288180,49935327.2000,0.934100,-0.880500
2023-12-14,7.8800000000,7.9700000000,7.8300000000,7.8600000000,7516680,59277134.4000,1.116600,-0.253800
2023-12-15,7.8600000000,8.0100000000,7.8400000000,7.9500000000,7302083,57952534.9900,1.084700,1.145000
2023-12-18,7.8700000000,7.9500000000,7.7900000000,7.8500000000,6447980,50696852.8000,0.957900,-1.257900
2023-12-19,7.7500000000,8.1100000000,7.7200000000,7.9600000000,14494991,115343451.6200,2.153300,1.401300
2023-12-20,7.9300000000,7.9300000000,7.6800000000,7.6800000000,11730402,90930260.4000,1.742600,-3.517600
2023-12-21,7.6900000000,7.8200000000,7.6100000000,7.8000000000,7317102,56700664.1200,1.087000,1.562500
2023-12-22,7.7700000000,7.8000000000,7.4200000000,7.4600000000,10928019,82279979.7400,1.623400,-4.359000
2023-12-25,7.4500000000,7.5400000000,7.2500000000,7.4200000000,8769300,64538582.0000,1.302700,-0.536200
2023-12-26,7.4600000000,7.4600000000,7.2100000000,7.2700000000,5199020,37917206.2000,0.772300,-2.021600
2023-12-27,7.3100000000,7.3400000000,7.1600000000,7.2500000000,4987600,36073769.0000,0.740900,-0.275100
2023-12-28,7.2200000000,7.3500000000,7.1300000000,7.2900000000,6769105,49228907.9600,1.005600,0.551700
2023-12-29,7.2700000000,7.4800000000,7.2500000000,7.4400000000,7509862,55502027.3000,1.115600,2.057600
2024-01-02,7.4400000000,7.5800000000,7.3900000000,7.5200000000,7349484,55319100.7400,1.091800,1.075300
2024-01-03,7.5300000000,7.6400000000,7.4800000000,7.5800000000,5624020,42543670.8000,0.835500,0.797900
2024-01-04,7.5800000000,7.6700000000,7.4900000000,7.5900000000,5054222,38289602.9800,0.750800,0.131900
2024-01-05,7.5600000000,7.6100000000,7.4000000000,7.4700000000,4993100,37577089.0000,0.741700,-1.581000
2024-01-08,7.4500000000,7.4900000000,7.3700000000,7.3800000000,5028400,37379222.0000,0.747000,-1.204800
2024-01-09,7.3800000000,7.4800000000,7.3000000000,7.3800000000,4912820,36317456.4000,0.729800,0.000000
2024-01-10,7.3800000000,7.3800000000,7.2000000000,7.2000000000,4861120,35241468.4000,0.722100,-2.439000
2024-01-11,7.2000000000,7.2800000000,7.0700000000,7.0900000000,7161300,51126892.0000,1.063800,-1.527800
2024-01-12,7.1000000000,7.2400000000,7.0600000000,7.1000000000,6030500,43104143.0000,0.895800,0.141000
2024-01-15,7.1000000000,7.4000000000,7.0900000000,7.3000000000,8164800,59478126.6800,1.212900,2.816900
2024-01-16,7.2800000000,7.3300000000,7.1400000000,7.2400000000,7017480,50623252.4000,1.042500,-0.821900
2024-01-17,7.1900000000,7.2300000000,6.9900000000,7.0000000000,5241100,36978270.0000,0.778600,-3.314900
2024-01-18,6.9500000000,7.0600000000,6.6600000000,7.0100000000,11041252,75423327.6000,1.640200,0.142900
2024-01-19,6.9600000000,7.1400000000,6.9300000000,7.0200000000,7206580,50593139.6000,1.070600,0.142700
2024-01-22,6.9800000000,7.0500000000,6.4000000000,6.4400000000,10099300,67317428.9800,1.500300,-8.262100
2024-01-23,6.5000000000,6.9500000000,6.4600000000,6.7200000000,13061695,87646923.7200,1.940300,4.347800
2024-01-24,6.7200000000,6.8400000000,6.4300000000,6.7100000000,9604902,63483094.0800,1.426800,-0.148800
2024-01-25,6.6800000000,7.0300000000,6.5800000000,6.9600000000,9426600,64330418.0000,1.400300,3.725800
2024-01-26,6.9800000000,7.1000000000,6.9300000000,6.9500000000,8744236,61345278.0800,1.299000,-0.143700
2024-01-29,6.9600000000,7.0000000000,6.6200000000,6.6500000000,7132040,48063984.6000,1.059500,-4.316500
2024-01-30,6.5800000000,6.6500000000,6.4200000000,6.4300000000,6080513,39823727.7200,0.903300,-3.308300
2024-01-31,6.3700000000,6.5200000000,6.1800000000,6.1900000000,6952300,44033315.0100,1.032800,-3.732500
2024-02-01,6.1800000000,6.2900000000,5.9100000000,6.0900000000,8959500,54318192.0000,1.330900,-1.615500
2024-02-02,6.0500000000,6.2700000000,5.6100000000,6.0100000000,10284277,61375193.5100,1.527700,-1.313600
2024-02-05,5.8100000000,5.8900000000,5.4100000000,5.4100000000,13524100,73986469.6200,2.009000,-9.983400
2024-02-06,5.3700000000,5.6600000000,4.8800000000,5.4600000000,18660240,97060036.1900,2.772000,0.924200
2024-02-07,5.4600000000,5.5700000000,5.3100000000,5.5300000000,11882666,64799450.0400,1.765200,1.282100
2024-02-08,5.5500000000,5.9300000000,5.4900000000,5.8100000000,17536731,99991756.4700,2.605100,5.063300
2024-02-19,5.9800000000,6.1000000000,5.8000000000,6.0800000000,17095715,102209503.6000,2.539600,4.647200
2024-02-20,6.0700000000,6.1600000000,5.9500000000,6.1300000000,7934802,48159674.2200,1.178700,0.822400
2024-02-21,6.1000000000,6.3300000000,6.0000000000,6.1600000000,9910120,61497756.0000,1.472200,0.489400
2024-02-22,6.1600000000,6.2600000000,6.1000000000,6.2400000000,6905500,42819759.0000,1.025800,1.298700
2024-02-23,6.2400000000,6.4600000000,6.1800000000,6.4500000000,8567161,54155426.7900,1.272700,3.365400
2024-02-26,6.4500000000,6.5200000000,6.3300000000,6.4000000000,9370600,60307207.6900,1.392000,-0.775200
2024-02-27,6.3600000000,6.5100000000,6.2900000000,6.4700000000,8603600,55547794.0000,1.278100,1.093800
2024-02-28,6.5000000000,6.6000000000,6.1800000000,6.1900000000,13315380,85392885.4000,1.978000,-4.327700
2024-02-29,6.1400000000,6.3300000000,6.0800000000,6.2200000000,11122500,69154283.0000,1.652300,0.484700
2024-03-01,6.2000000000,6.2900000000,6.1700000000,6.2700000000,7225108,45046405.4500,1.073300,0.803900
2024-03-04,6.2900000000,6.3200000000,6.0900000000,6.2000000000,6701202,41491071.1700,0.995500,-1.116400
2024-03-05,6.1700000000,6.2600000000,6.1100000000,6.1700000000,8033105,49767341.1500,1.193300,-0.483900
2024-03-06,6.1500000000,6.2300000000,6.0500000000,6.1300000000,6555744,40180851.2800,0.973900,-0.648300
2024-03-07,6.1800000000,6.2000000000,6.0500000000,6.1400000000,8012100,49176595.0000,1.190200,0.163100
2024-03-08,6.0800000000,6.1800000000,6.0800000000,6.1300000000,5880700,36045379.0000,0.873600,-0.162900
2024-03-11,6.1300000000,6.2200000000,6.1000000000,6.2100000000,6113079,37690854.0300,0.908100,1.305100
2024-03-12,6.2100000000,6.3700000000,6.2100000000,6.3600000000,9713586,61058006.0000,1.443000,2.415500
2024-03-13,6.3300000000,6.4700000000,6.2700000000,6.4300000000,8030440,51225022.2000,1.192900,1.100600
2024-03-14,6.4300000000,6.4400000000,6.2900000000,6.3700000000,7719800,49254830.0000,1.146800,-0.933100
2024-03-15,6.3700000000,6.4500000000,6.3000000000,6.3200000000,9097300,57765211.0000,1.351400,-0.784900
2024-03-18,6.3200000000,6.4100000000,6.2600000000,6.4000000000,8869620,56203065.0000,1.317600,1.265800
2024-03-19,6.4200000000,6.4700000000,6.3100000000,6.3200000000,10636480,67934083.8000,1.580100,-1.250000
2024-03-20,6.3100000000,6.5600000000,6.3100000000,6.5100000000,13860330,89586031.6000,2.059000,3.006300
2024-03-21,6.5300000000,6.8000000000,6.5000000000,6.6000000000,12687422,83668247.4600,1.884700,1.382500
2024-03-22,6.6100000000,6.7500000000,6.4600000000,6.6700000000,15796431,104621785.2100,2.346600,1.060600
2024-03-25,6.6700000000,6.7000000000,6.4000000000,6.4200000000,10951700,71652897.7000,1.626900,-3.748100
2024-03-26,6.4200000000,6.4800000000,6.2700000000,6.3500000000,8201846,52095746.9800,1.218400,-1.090300
2024-03-27,6.3800000000,6.4200000000,6.1800000000,6.1800000000,7893281,49499671.6600,1.172600,-2.677200
2024-03-28,6.1400000000,6.3500000000,6.1100000000,6.2500000000,7537000,47165704.7200,1.119600,1.132700
2024-03-29,6.2300000000,6.3500000000,6.1800000000,6.3300000000,6720058,42043878.2200,0.998300,1.280000
2024-04-01,6.3300000000,6.4000000000,6.1400000000,6.2800000000,15370680,95789644.0000,2.283300,-0.789900
2024-04-02,6.2800000000,6.3200000000,6.1500000000,6.2000000000,11246677,69991713.7300,1.670700,-1.273900
2024-04-03,6.1600000000,6.2000000000,5.9800000000,6.0400000000,12469905,75510334.0500,1.852400,-2.580600
2024-04-08,6.0000000000,6.2500000000,5.9800000000,6.0300000000,21349988,130865333.0400,3.171600,-0.165600
2024-04-09,6.0800000000,6.2200000000,5.8900000000,6.1800000000,15079840,91796896.0000,2.240100,2.487600
2024-04-10,6.1700000000,6.2200000000,6.0400000000,6.1400000000,11165500,68355637.0000,1.658700,-0.647200
2024-04-11,6.1100000000,6.2000000000,6.0500000000,6.1900000000,12290351,75676282.2600,1.825800,0.814300
2024-04-12,6.1600000000,6.1600000000,6.0000000000,6.1100000000,17842100,108077248.4500,2.650500,-1.292400
2024-04-15,6.0100000000,6.1100000000,5.6500000000,5.8500000000,17478637,101970396.0400,2.596500,-4.255300
2024-04-16,5.7800000000,5.7800000000,5.3500000000,5.3800000000,16801818,92871701.7700,2.495900,-8.034200
2024-04-17,5.4300000000,5.7600000000,5.4300000000,5.6600000000,12075861,67953422.4100,1.793900,5.204500
2024-04-18,5.7200000000,5.7500000000,5.5700000000,5.5700000000,12747215,71953540.4500,1.893600,-1.590100
2024-04-19,5.5600000000,5.6100000000,5.4100000000,5.4400000000,8735800,47945357.0000,1.297700,-2.333900
2024-04-22,5.4400000000,5.6300000000,5.2800000000,5.5600000000,12276300,67175350.0100,1.823700,2.205900
2024-04-23,5.5500000000,5.6000000000,5.4600000000,5.4800000000,9085359,50012693.5300,1.349600,-1.438800
2024-04-24,5.4600000000,5.6100000000,5.4400000000,5.6100000000,9946045,55083486.5800,1.477500,2.372300
2024-04-25,5.7000000000,5.8200000000,5.5900000000,5.6300000000,12440497,70704898.7000,1.848100,0.356500
2024-04-26,5.6100000000,5.7100000000,5.5900000000,5.6600000000,10213310,57822527.5000,1.517200,0.532900
2024-04-29,5.6400000000,5.8400000000,5.6300000000,5.8000000000,13405520,77476966.4800,1.991400,2.473500
2024-04-30,5.7100000000,5.8200000000,5.4200000000,5.6800000000,24209160,134405221.9100,3.596300,-2.069000
2024-05-06,5.6600000000,5.6700000000,5.5200000000,5.5800000000,12670816,70755245.1200,1.882300,-1.760600
2024-05-07,5.5500000000,5.6600000000,5.5400000000,5.5900000000,7356718,41206365.0800,1.092900,0.179200
2024-05-08,5.5800000000,5.5800000000,5.4600000000,5.4700000000,6986415,38417092.8200,1.037800,-2.146700
2024-05-09,5.4700000000,5.7800000000,5.4700000000,5.5700000000,10367613,58358694.4700,1.540100,1.828200
2024-05-10,5.5900000000,5.6400000000,5.5100000000,5.5200000000,7378679,41005682.0100,1.096100,-0.897700
2024-05-13,5.4700000000,5.4700000000,5.3200000000,5.3700000000,8721800,46942292.0000,1.295600,-2.717400
2024-05-14,5.4500000000,5.4700000000,5.3600000000,5.4500000000,6125700,33227466.0000,0.910000,1.489800
2024-05-15,5.4300000000,5.5100000000,5.3800000000,5.4500000000,5210800,28454596.0000,0.774100,0.000000
2024-05-16,5.4600000000,5.5800000000,5.4400000000,5.5100000000,8489959,46907327.2700,1.261200,1.100900
2024-05-17,5.6000000000,5.6700000000,5.5100000000,5.6300000000,9193420,51342643.8000,1.365700,2.177900
2024-05-20,5.8600000000,5.8700000000,5.6700000000,5.6700000000,13537559,77758924.0700,2.011000,0.710500
2024-05-21,5.6300000000,5.7500000000,5.6000000000,5.6500000000,8542710,48449223.6100,1.269000,-0.352700
2024-05-22,5.6200000000,5.6600000000,5.4500000000,5.4900000000,11380476,62700173.9600,1.690600,-2.831900
2024-05-23,5.4700000000,5.4700000000,5.3200000000,5.3200000000,8612840,46188544.6000,1.279500,-3.096500
2024-05-24,5.3200000000,5.3800000000,5.2600000000,5.3400000000,5414200,28836175.0000,0.804300,0.375900
2024-05-27,5.2800000000,5.3000000000,5.1300000000,5.2300000000,8423747,43720025.9900,1.251400,-2.059900
2024-05-28,5.2000000000,5.2700000000,5.1600000000,5.2400000000,4657186,24357189.9800,0.691800,0.191200
2024-05-29,5.2200000000,5.2800000000,5.0800000000,5.1800000000,9819842,50679396.1500,1.458800,-1.145000
2024-05-30,5.1600000000,5.2000000000,5.1000000000,5.1700000000,4674260,24114803.6000,0.694400,-0.193100
2024-05-31,5.1900000000,5.3200000000,5.1500000000,5.2900000000,7912862,41676111.0000,1.175500,2.321100
2024-06-03,5.2100000000,5.2500000000,5.0800000000,5.1300000000,6758747,34808942.6400,1.004000,-3.024600
2024-06-04,5.1200000000,5.1800000000,5.0700000000,5.1400000000,4948733,25351328.2900,0.735100,0.194900
2024-06-05,5.1000000000,5.1400000000,4.9000000000,4.9000000000,9231400,46341718.9800,1.371300,-4.669300
2024-06-06,4.9900000000,5.0100000000,4.6300000000,4.7500000000,20944340,99892874.6000,3.111300,-3.061200
2024-06-07,4.7600000000,4.8500000000,4.6300000000,4.8200000000,16383114,77462122.6800,2.433700,1.473700
2024-06-11,4.7600000000,4.7800000000,4.6700000000,4.7300000000,11130500,52518241.8200,1.653500,-1.867200
2024-06-12,4.7200000000,4.8400000000,4.7100000000,4.8100000000,11221000,53526420.0000,1.666900,1.691300
2024-06-13,4.7900000000,4.8400000000,4.7300000000,4.7500000000,5438233,25931298.7500,0.807900,-1.247400
2024-06-14,4.7300000000,4.8200000000,4.7000000000,4.8000000000,5715033,27359527.0800,0.849000,1.052600
2024-06-17,4.7900000000,4.7900000000,4.7200000000,4.7400000000,4872133,23138058.4200,0.723800,-1.250000
2024-06-18,4.7100000000,4.7700000000,4.6800000000,4.7400000000,6404273,30248546.8200,0.951400,0.000000
2024-06-19,4.7400000000,4.7600000000,4.6500000000,4.6600000000,4720802,22182599.3400,0.701300,-1.687800
2024-06-20,4.6600000000,4.6900000000,4.4900000000,4.5000000000,6562730,29952188.9000,0.974900,-3.433500
2024-06-21,4.5100000000,4.5600000000,4.4400000000,4.4600000000,4203200,18879349.0000,0.624400,-0.888900
2024-06-24,4.4400000000,4.4400000000,4.2300000000,4.2300000000,7408600,31810551.0000,1.100600,-5.157000
2024-06-25,4.2200000000,4.3300000000,4.2200000000,4.2700000000,6068300,26008395.0000,0.901500,0.945600
2024-06-26,4.2500000000,4.5100000000,4.2300000000,4.5100000000,9545102,42025218.9800,1.417900,5.620600
2024-06-27,4.5000000000,4.5900000000,4.4600000000,4.5300000000,6609300,29980628.0000,0.981800,0.443500
2024-06-28,4.5500000000,4.5600000000,4.3700000000,4.3900000000,7583900,33736736.8000,1.126600,-3.090500
2024-07-01,4.3700000000,4.5400000000,4.3500000000,4.4900000000,4920000,21779537.0000,0.730900,2.277900
2024-07-02,4.4800000000,4.6000000000,4.4700000000,4.5300000000,4605900,20933996.0000,0.684200,0.890900
2024-07-03,4.5400000000,4.7000000000,4.5000000000,4.6200000000,8168820,37765951.8000,1.213500,1.986800
2024-07-04,4.5900000000,4.6200000000,4.4200000000,4.4400000000,6763200,30414940.0000,1.004700,-3.896100
2024-07-05,4.4100000000,4.5200000000,4.3600000000,4.4900000000,4399222,19647024.5600,0.653500,1.126100
2024-07-08,4.4900000000,4.5000000000,4.3100000000,4.3400000000,4460700,19514391.0000,0.662600,-3.340800
2024-07-09,4.3500000000,4.3700000000,4.1900000000,4.3100000000,4895640,20924204.0000,0.727300,-0.691200
2024-07-10,4.3000000000,4.3300000000,4.2000000000,4.2000000000,4798100,20424600.0000,0.712800,-2.552200
2024-07-11,4.2700000000,4.3800000000,4.2700000000,4.3800000000,6466000,28089408.0000,0.960500,4.285700
2024-07-12,4.3900000000,4.4700000000,4.2700000000,4.2900000000,6483700,28165197.0000,0.963200,-2.054800
2024-07-15,4.2600000000,4.2800000000,4.1500000000,4.1500000000,5787253,24277584.4800,0.859700,-3.263400
2024-07-16,4.1500000000,4.2000000000,4.1200000000,4.1700000000,4048640,16813323.0000,0.601400,0.481900
2024-07-17,4.1800000000,4.2400000000,4.1300000000,4.1500000000,4435993,18506938.0600,0.659000,-0.479600
2024-07-18,4.1200000000,4.2300000000,4.0500000000,4.1800000000,6253900,25920725.0000,0.929000,0.722900
2024-07-19,4.1600000000,4.1800000000,4.1000000000,4.1400000000,4300000,17806496.0000,0.638800,-0.956900
2024-07-22,4.1400000000,4.1700000000,4.0400000000,4.0600000000,7905702,32228386.7200,1.174400,-1.932400
2024-07-23,4.0600000000,4.1000000000,3.9400000000,3.9400000000,8820253,35358214.8800,1.310300,-2.955700
2024-07-24,3.9400000000,3.9400000000,3.6500000000,3.6800000000,24426051,91615778.3000,3.628500,-6.599000
2024-07-25,3.6500000000,3.7900000000,3.5900000000,3.7700000000,13070322,48625804.0000,1.941600,2.445700
2024-07-26,3.7600000000,3.8800000000,3.7600000000,3.8700000000,8042200,30856233.0000,1.194700,2.652500
2024-07-29,3.8800000000,3.9000000000,3.7400000000,3.8400000000,7373703,28089347.5200,1.095400,-0.775200
2024-07-30,3.8500000000,3.9100000000,3.7900000000,3.8800000000,5635003,21803180.5200,0.837100,1.041700
2024-07-31,3.9000000000,4.0900000000,3.8900000000,4.0700000000,9108112,36717138.3100,1.353000,4.896900
2024-08-01,4.0700000000,4.0900000000,4.0000000000,4.0300000000,6486100,26200038.0000,0.963500,-0.982800
2024-08-02,4.0000000000,4.1200000000,3.9900000000,4.0000000000,6304700,25536784.0000,0.936600,-0.744400
2024-08-05,4.1100000000,4.4000000000,4.0300000000,4.4000000000,12363909,52815201.1200,1.836700,10.000000
2024-08-06,4.8300000000,4.8400000000,4.4600000000,4.8400000000,58198822,275171367.9200,8.645500,10.000000
2024-08-07,4.8400000000,5.1900000000,4.6600000000,4.9000000000,75292652,371765207.9200,11.184900,1.239700
2024-08-08,4.4100000000,5.1300000000,4.4100000000,4.7200000000,56832779,268589113.1000,8.442600,-3.673500
2024-08-09,4.7000000000,5.1300000000,4.5400000000,4.8800000000,56346256,274156404.7900,8.370300,3.389800
2024-08-12,4.7600000000,4.8400000000,4.5300000000,4.6200000000,36616390,169098897.6600,5.439400,-5.327900
2024-08-13,4.6600000000,4.8900000000,4.2800000000,4.4000000000,40514268,181573071.2300,6.018500,-4.761900
2024-08-14,4.2900000000,4.5200000000,4.2200000000,4.4300000000,30266100,132683006.9300,4.496100,0.681800
2024-08-15,4.3500000000,4.8700000000,4.3100000000,4.8700000000,39434770,181817614.1100,5.858100,9.932300
2024-08-16,4.9900000000,5.1300000000,4.9100000000,4.9600000000,64823963,324192309.8500,9.629700,1.848000
2024-08-19,4.8800000000,4.9700000000,4.7300000000,4.8400000000,34130600,164902119.0000,5.070200,-2.419400
2024-08-20,4.8300000000,4.8300000000,4.6700000000,4.7800000000,25512300,121108062.0100,3.789900,-1.239700
2024-08-21,4.7100000000,4.8800000000,4.7100000000,4.7300000000,21874742,104465632.2400,3.249500,-1.046000
2024-08-22,4.7400000000,4.7500000000,4.5200000000,4.5400000000,23025600,105807001.0000,3.420500,-4.016900
2024-08-23,4.5100000000,4.5700000000,4.3000000000,4.4100000000,21467800,94716826.0000,3.189100,-2.863400
2024-08-26,4.3600000000,4.3800000000,4.1800000000,4.2800000000,17576900,74793102.9600,2.611100,-2.947800
2024-08-27,4.2200000000,4.2800000000,4.1200000000,4.1300000000,13204100,55466144.9600,1.961500,-3.504700
2024-08-28,4.2000000000,4.5400000000,4.2000000000,4.5400000000,12025780,53112605.2000,1.786500,9.927400
2024-08-29,4.4600000000,4.5400000000,4.3200000000,4.4800000000,24841100,110701948.0000,3.690200,-1.321600
2024-08-30,4.4800000000,4.8600000000,4.4700000000,4.7200000000,33832648,158741352.4000,5.025900,5.357100
2024-09-02,4.7300000000,5.0500000000,4.6900000000,4.7300000000,37283800,181303059.0000,5.538600,0.211900
2024-09-03,4.7700000000,5.0200000000,4.7600000000,4.8500000000,32982050,161300227.3800,4.899500,2.537000
2024-09-04,4.8400000000,4.9800000000,4.7800000000,4.8400000000,27805181,136033016.6700,4.130500,-0.206200
2024-09-05,4.8800000000,5.1200000000,4.8500000000,4.9900000000,35063660,174515017.9900,5.208800,3.099200
2024-09-06,4.9800000000,5.4900000000,4.9000000000,5.2800000000,64600171,340368172.3200,9.596500,5.811600
2024-09-09,5.2400000000,5.8100000000,5.1800000000,5.5600000000,79601572,441468730.1800,11.825000,5.303000
2024-09-10,5.4000000000,5.4500000000,5.0000000000,5.0000000000,58062450,294925895.1800,8.625300,-10.071900
2024-09-11,4.9500000000,5.1100000000,4.9000000000,4.9200000000,37412051,186724922.4400,5.557600,-1.600000
2024-09-12,4.9000000000,4.9700000000,4.8000000000,4.8200000000,30638602,148616794.2400,4.551400,-2.032500
2024-09-13,4.8300000000,4.8900000000,4.6700000000,4.6700000000,26837580,127483888.8000,3.986800,-3.112000
2024-09-18,4.7500000000,4.8800000000,4.5300000000,4.8800000000,30379081,143114173.5300,4.512900,4.496800
2024-09-19,4.9000000000,5.0000000000,4.8100000000,4.9300000000,39316030,193448936.3000,5.840500,1.024600
2024-09-20,4.8800000000,4.9000000000,4.7200000000,4.7600000000,24709410,118353386.4000,3.670600,-3.448300
2024-09-23,4.7300000000,4.8400000000,4.6500000000,4.7000000000,19694300,93154320.0000,2.925600,-1.260500
2024-09-24,4.6900000000,5.1700000000,4.6900000000,5.1400000000,56480481,283066504.7400,8.390300,9.361700
2024-09-25,5.0700000000,5.2800000000,5.0200000000,5.1800000000,54649899,282001954.1600,8.118300,0.778200
2024-09-26,5.2000000000,5.4500000000,5.1700000000,5.4400000000,53028141,281574445.6900,7.877400,5.019300
2024-09-27,5.5200000000,5.6600000000,5.2700000000,5.4400000000,58117373,317935183.5400,8.633400,0.000000
2024-09-30,5.5800000000,5.9800000000,5.4800000000,5.9800000000,80575903,463579178.1900,11.969700,9.926500
2024-10-08,6.5700000000,6.5800000000,5.7500000000,6.0800000000,76403450,466241308.4200,11.569400,1.672200
2024-10-09,5.9100000000,5.9100000000,5.4700000000,5.4700000000,42216403,236981220.9700,6.392600,-10.032900
2024-10-10,5.4300000000,5.6500000000,5.3400000000,5.5400000000,28329794,155929838.4200,4.289900,1.279700
2024-10-11,5.5000000000,5.5500000000,5.3100000000,5.3700000000,19363952,104746445.6800,2.932200,-3.068600
2024-10-14,5.4100000000,5.6400000000,5.3100000000,5.4800000000,19970556,109051116.7100,3.024100,2.048400
2024-10-15,5.4400000000,5.5800000000,5.3200000000,5.3400000000,15288940,82950445.6000,2.315100,-2.554700
2024-10-16,5.2400000000,5.4500000000,5.2300000000,5.4400000000,17751960,95405620.6000,2.688100,1.872700
2024-10-17,5.4400000000,5.5900000000,5.4100000000,5.4300000000,19890380,109661016.0000,3.011900,-0.183800
2024-10-18,5.4200000000,5.5500000000,5.3400000000,5.4800000000,18507424,101099902.3600,2.802500,0.920800
2024-10-21,5.1200000000,5.4200000000,5.1200000000,5.2800000000,44511613,233436430.8300,6.740200,-3.649600
2024-10-22,5.2200000000,5.4800000000,5.1900000000,5.3200000000,31274424,166556699.5200,4.735800,0.757600
2024-10-23,5.3300000000,5.4000000000,5.2000000000,5.3200000000,24981822,132495650.8200,3.782900,0.000000
2024-10-24,5.3100000000,5.5000000000,5.2200000000,5.3400000000,21413800,114209848.0100,3.242600,0.375900
2024-10-25,5.3400000000,5.5500000000,5.3300000000,5.5200000000,27963909,153270215.9900,4.234500,3.370800
2024-10-28,5.5800000000,5.7500000000,5.5500000000,5.7200000000,23462080,133062099.9100,3.552800,3.623200
2024-10-29,5.7800000000,5.8800000000,5.5300000000,5.5400000000,24997217,141853216.0200,3.785200,-3.146900
2024-10-30,5.4600000000,5.4600000000,5.2700000000,5.3600000000,22575300,120864446.0000,3.418500,-3.249100
2024-10-31,5.3600000000,5.4500000000,5.2500000000,5.3900000000,15630140,83521922.5800,2.366800,0.559700
2024-11-01,5.3700000000,5.3700000000,5.1700000000,5.2300000000,17224200,90508286.0000,2.608200,-2.968500
2024-11-04,5.2800000000,5.6700000000,5.2000000000,5.6500000000,34549834,190757299.4600,5.231700,8.030600
2024-11-05,5.6800000000,6.2200000000,5.5900000000,6.0800000000,52213847,313341385.6100,7.906500,7.610600
2024-11-06,6.1100000000,6.6800000000,6.0600000000,6.5500000000,55634203,355540848.1000,8.424400,7.730300
2024-11-07,6.4700000000,6.6500000000,6.2200000000,6.5000000000,37106891,238387377.9800,5.618900,-0.763400
2024-11-08,6.6200000000,6.7200000000,6.3700000000,6.4500000000,30368150,197080486.4600,4.598500,-0.769200
2024-11-11,6.4000000000,7.1000000000,6.4000000000,7.1000000000,67533986,470737030.1600,10.226400,10.077500
2024-11-12,7.1000000000,7.1000000000,6.3900000000,6.4500000000,63732131,419191409.1700,9.650700,-9.154900
2024-11-13,6.5200000000,6.8000000000,6.3000000000,6.5000000000,42150890,273850356.5600,6.382700,0.775200
2024-11-14,6.4600000000,6.4800000000,6.1800000000,6.2000000000,21674900,136862606.0000,3.282100,-4.615400
2024-11-15,6.2000000000,6.4300000000,6.1300000000,6.1500000000,17640730,110845897.1800,2.671300,-0.806500
2024-11-18,6.1900000000,6.2400000000,5.8600000000,5.9400000000,19482700,116149004.7800,2.950200,-3.414600
2024-11-19,5.9800000000,6.0800000000,5.8300000000,6.0800000000,14522600,86378932.0000,2.199100,2.356900
2024-11-20,6.0200000000,6.3000000000,5.9600000000,6.2100000000,16098318,99046881.5200,2.437700,2.138200
2024-11-21,6.1900000000,6.4800000000,6.1200000000,6.3300000000,25763900,162072917.0000,3.901300,1.932400
2024-11-22,6.3000000000,6.6400000000,6.2500000000,6.2700000000,35521002,230144465.0800,5.378800,-0.947900
2024-11-25,6.3500000000,6.9000000000,6.3500000000,6.8400000000,62241149,420013489.6500,9.424900,9.090900
2024-11-26,6.7300000000,6.8200000000,6.5500000000,6.5800000000,41204893,274616868.8000,6.239500,-3.801200
2024-11-27,6.6000000000,7.2400000000,6.5300000000,7.2400000000,82119718,580874450.9900,12.435000,10.030400
2024-11-28,7.2000000000,7.8500000000,6.9500000000,7.3300000000,95722071,708069352.6700,14.494800,1.243100
2024-11-29,7.3300000000,7.7800000000,7.0700000000,7.6300000000,63474854,471238067.3200,9.611700,4.092800
2024-12-02,7.4600000000,7.7000000000,7.2500000000,7.5700000000,50130130,376416308.8800,7.591000,-0.786400
2024-12-03,7.4600000000,7.9000000000,7.4600000000,7.7700000000,38706347,299465175.1700,5.861100,2.642000
2024-12-04,7.6800000000,7.8600000000,7.4100000000,7.5000000000,27782860,211066300.8900,4.207000,-3.474900
2024-12-05,7.5100000000,8.0800000000,7.5100000000,7.7400000000,31099082,242782090.2700,4.709200,3.200000
2024-12-06,7.6100000000,7.8300000000,7.5600000000,7.7100000000,19629181,151009031.6100,2.972400,-0.387600
2024-12-09,7.7200000000,7.7300000000,7.2600000000,7.3900000000,27192402,201431677.6600,4.117600,-4.150500
2024-12-10,7.6100000000,7.9800000000,7.5800000000,7.9500000000,46086943,361183575.4200,6.978700,7.577800
2024-12-11,7.8300000000,8.0500000000,7.7800000000,7.9500000000,32951482,261342680.9000,4.989700,0.000000
2024-12-12,7.9200000000,8.0900000000,7.8100000000,8.0100000000,32344529,258339514.3000,4.897800,0.754700
2024-12-13,7.8900000000,8.1600000000,7.7200000000,8.0300000000,34303500,273427035.0000,5.194400,0.249700
2024-12-16,8.0500000000,8.8300000000,7.7900000000,8.2100000000,55361967,460248186.4100,8.383200,2.241600
2024-12-17,7.9600000000,7.9600000000,7.6000000000,7.6400000000,31098619,240896958.8400,4.709100,-6.942800
2024-12-18,7.5900000000,7.7000000000,7.4000000000,7.6300000000,16442545,124382015.8300,2.489800,-0.130900
2024-12-19,7.5500000000,7.6300000000,7.1800000000,7.4000000000,21455447,157714157.8700,3.248900,-3.014400
2024-12-20,7.3800000000,7.5500000000,7.3200000000,7.4200000000,12508916,92816492.1300,1.894200,0.270300
2024-12-23,7.6400000000,7.7000000000,7.1300000000,7.2100000000,18755108,139231165.5600,2.840000,-2.830200
2024-12-24,7.2100000000,7.3200000000,7.1000000000,7.2400000000,12707542,91447226.1300,1.924200,0.416100
2024-12-25,7.2300000000,7.2500000000,6.8300000000,6.9400000000,14825341,103392994.7400,2.244900,-4.143600
2024-12-26,6.9300000000,7.1500000000,6.8500000000,6.9200000000,10755190,75174260.1600,1.628600,-0.288200
2024-12-27,6.9400000000,7.1900000000,6.9000000000,7.0800000000,9787110,69373104.2000,1.482000,2.312100
2024-12-30,7.1800000000,7.1900000000,6.6900000000,6.7400000000,17985409,122282908.5500,2.723500,-4.802300
2024-12-31,6.7500000000,7.0300000000,6.7300000000,6.8900000000,16485599,113723459.1800,2.496300,2.225500
2025-01-02,6.9100000000,7.4300000000,6.7800000000,7.0300000000,27984510,198989125.1200,4.237600,2.031900
2025-01-03,7.0200000000,7.0200000000,6.6200000000,6.7200000000,19703604,134166747.1000,2.983600,-4.409700
2025-01-06,6.6500000000,7.0500000000,6.6000000000,7.0000000000,15903416,109670716.1400,2.408200,4.166700
2025-01-07,7.0300000000,7.5500000000,6.9600000000,7.0300000000,34329085,246702247.9200,5.198300,0.428600
2025-01-08,6.9400000000,7.3000000000,6.8700000000,7.2600000000,20822326,147992566.8200,3.153000,3.271700
2025-01-09,7.1700000000,7.3400000000,7.0600000000,7.1500000000,14860420,107205357.4600,2.250200,-1.515200
2025-01-10,7.1200000000,7.2800000000,7.0000000000,7.2000000000,14946336,106952128.3000,2.263300,0.699300
2025-01-13,7.1600000000,7.5900000000,7.0200000000,7.5000000000,19249376,142897003.7200,2.914800,4.166700
2025-01-14,8.0000000000,8.0900000000,7.7000000000,7.9200000000,32197456,253784604.0600,4.875500,5.600000
2025-01-15,7.8000000000,8.0900000000,7.7000000000,7.7700000000,23270696,183664479.2700,3.523800,-1.893900
2025-01-16,7.7500000000,8.1500000000,7.7500000000,7.9200000000,21431366,169990889.7600,3.245300,1.930500
2025-01-17,7.8800000000,8.1900000000,7.8000000000,8.1800000000,25016178,201170093.1200,3.788100,3.282800
2025-01-20,8.1300000000,8.4700000000,7.9400000000,8.0600000000,23969345,194917299.2100,3.629600,-1.467000
2025-01-21,8.0000000000,8.0700000000,7.7800000000,7.8700000000,19878815,156980809.4200,3.010200,-2.357300
2025-01-22,7.8200000000,7.9200000000,7.7300000000,7.7800000000,9744800,76066570.3800,1.475600,-1.143600
2025-01-23,7.8200000000,7.9800000000,7.7400000000,7.7600000000,11335799,88657321.2100,1.716500,-0.257100
2025-01-24,7.7600000000,7.8300000000,7.5900000000,7.8200000000,12325931,94835290.6100,1.866500,0.773200
2025-01-27,7.8200000000,7.9200000000,7.7100000000,7.7600000000,7546760,59062360.5100,1.142800,-0.767300
2025-02-05,7.7800000000,7.8200000000,7.3200000000,7.4000000000,14915798,111234533.6600,2.258600,-4.639200
2025-02-06,7.3700000000,7.7500000000,7.3500000000,7.5200000000,12930140,97946765.9100,1.958000,1.621600
2025-02-07,7.5100000000,7.6500000000,7.2400000000,7.4400000000,15477597,115265830.9500,2.343700,-1.063800
2025-02-10,7.4500000000,7.7000000000,7.3800000000,7.6400000000,13513901,101897970.4400,2.046400,2.688200
2025-02-11,7.6000000000,7.9800000000,7.6000000000,7.7000000000,18723397,146000689.8700,2.835200,0.785300
2025-02-12,7.6600000000,8.0400000000,7.6400000000,7.9000000000,18719709,147766360.3400,2.834600,2.597400
2025-02-13,8.0900000000,8.1800000000,7.7900000000,7.9500000000,16214213,129320738.3300,2.455200,0.632900
2025-02-14,7.9400000000,8.0500000000,7.7600000000,7.9800000000,16719333,132169853.5000,2.531700,0.377400
2025-02-17,7.9100000000,8.1300000000,7.6100000000,8.0900000000,19823553,157741893.1500,3.001800,1.378400
2025-02-18,8.0300000000,8.1200000000,7.9200000000,8.0000000000,14496889,116223825.5600,2.195200,-1.112500
2025-02-19,8.0300000000,8.1800000000,7.9600000000,8.0400000000,15786510,126842339.5300,2.390500,0.500000
2025-02-20,8.0300000000,8.3800000000,7.9700000000,8.3100000000,20433073,167820320.4700,3.094100,3.358200
2025-02-21,8.2200000000,8.2900000000,8.0000000000,8.0500000000,16315736,131647522.8000,2.470600,-3.128800
2025-02-24,8.0200000000,8.6800000000,7.8900000000,8.4900000000,28771508,240282203.3200,4.356700,5.465800
2025-02-25,8.4500000000,8.6300000000,8.2800000000,8.3600000000,16502086,139342159.7900,2.498800,-1.531200
2025-02-26,8.4000000000,8.5500000000,8.2800000000,8.4200000000,11440657,95940479.9500,1.732400,0.717700
2025-02-27,8.5000000000,9.0900000000,8.4000000000,8.9600000000,28281962,252036225.4200,4.282600,6.413300
2025-02-28,8.9500000000,9.1500000000,8.8000000000,8.8100000000,20234379,181289282.5000,3.064000,-1.674100
2025-03-03,8.7800000000,9.6500000000,8.7100000000,9.3400000000,27550205,253426639.2800,4.171800,6.015900
2025-03-04,9.2800000000,9.3300000000,8.9200000000,9.2800000000,15219943,139378447.8600,2.304700,-0.642400
2025-03-05,9.2000000000,9.2900000000,8.8200000000,9.0700000000,17017084,153716013.2000,2.576800,-2.262900
2025-03-06,9.0400000000,9.3200000000,8.9400000000,9.2800000000,12699914,116268356.6800,1.923100,2.315300
2025-03-07,9.2000000000,9.4000000000,9.0900000000,9.2700000000,10626748,98340790.7100,1.609200,-0.107800
2025-03-10,9.2100000000,9.3500000000,9.0300000000,9.3100000000,10117917,92824720.5000,1.532100,0.431500
2025-03-11,9.2200000000,9.8500000000,9.1300000000,9.7500000000,17227616,164906887.9300,2.608700,4.726100
2025-03-12,9.7500000000,9.9500000000,9.4600000000,9.4600000000,13504796,130191497.9200,2.045000,-2.974400
2025-03-13,9.4600000000,9.5400000000,9.3000000000,9.4900000000,9578335,90309028.8300,1.450400,0.317100
2025-03-14,9.5300000000,9.5900000000,9.2600000000,9.4800000000,10996571,103756004.9400,1.665200,-0.105400
2025-03-17,9.5300000000,9.7000000000,9.1500000000,9.2000000000,12464755,116788499.0200,1.887500,-2.953600
2025-03-18,9.1900000000,9.3500000000,9.1100000000,9.2900000000,12894696,119144325.9200,1.952600,0.978300
2025-03-19,9.2200000000,9.3500000000,8.9000000000,9.0200000000,11434334,103643206.8900,1.731500,-2.906400
2025-03-20,8.9900000000,9.3500000000,8.9600000000,9.1900000000,10879508,100080986.0200,1.647400,1.884700
2025-03-21,9.1800000000,9.4200000000,9.1000000000,9.2000000000,8867498,82275071.3100,1.342800,0.108800
2025-03-24,9.3000000000,10.1200000000,9.2200000000,9.7000000000,35369944,344519727.4900,5.355900,5.434800
2025-03-25,9.4100000000,9.5800000000,8.9200000000,9.1300000000,24415640,227278603.4600,3.697200,-5.876300
2025-03-26,8.8000000000,9.3200000000,8.6800000000,9.1800000000,16133482,146271759.4900,2.443000,0.547600
2025-03-27,9.2000000000,9.3500000000,9.1300000000,9.1800000000,8011696,74048852.1900,1.213200,0.000000
2025-03-28,9.1400000000,9.3300000000,9.0700000000,9.1000000000,7112861,65330003.9700,1.077100,-0.871500
2025-03-31,9.3200000000,9.4600000000,8.7900000000,9.1500000000,19178328,175039391.1200,2.904100,0.549500
2025-04-01,9.0000000000,9.3900000000,8.9000000000,9.1800000000,13505395,123691357.3200,2.045100,0.327900
2025-04-02,9.0500000000,9.2600000000,8.9500000000,9.1700000000,9797737,89505139.7300,1.483600,-0.108900
2025-04-03,8.9200000000,9.3400000000,8.9200000000,9.0600000000,9417992,86319275.6900,1.426100,-1.199600
2025-04-07,8.6900000000,9.2300000000,8.1800000000,8.6900000000,19824905,172261261.0900,3.002000,-4.083900
2025-04-08,8.8000000000,9.1200000000,8.6200000000,8.8800000000,13587199,120143045.1100,2.057500,2.186400
2025-04-09,8.7000000000,9.2600000000,8.2500000000,9.2600000000,16413110,145712973.8800,2.485400,4.279300
2025-04-10,9.2500000000,9.7000000000,9.1000000000,9.6200000000,18299106,174755231.6200,2.771000,3.887700
2025-04-11,9.5800000000,9.7000000000,9.4900000000,9.6400000000,9144833,88095051.9900,1.384800,0.207900
2025-04-14,9.8000000000,9.9500000000,9.5600000000,9.8200000000,12413716,121843219.6200,1.879800,1.867200
2025-04-15,9.9700000000,9.9700000000,9.5900000000,9.8100000000,9476700,92535161.0300,1.435000,-0.101800
2025-04-16,9.8200000000,9.9200000000,9.5800000000,9.7800000000,9673893,94223027.7500,1.464900,-0.305800
2025-04-17,9.6800000000,10.3500000000,9.6600000000,10.1300000000,17455124,176216510.3200,2.643200,3.578700
2025-04-18,10.3500000000,10.4600000000,9.7800000000,9.9800000000,15057448,151395789.6500,2.280100,-1.480800
2025-04-21,9.9500000000,10.1400000000,9.8100000000,9.9800000000,10401694,104018292.8700,1.575100,0.000000
2025-04-22,10.1000000000,10.1500000000,9.5000000000,9.5000000000,16788995,162754138.1500,2.542300,-4.809600
2025-04-23,9.5200000000,9.9800000000,9.5200000000,9.7200000000,13537293,132488337.7500,2.049900,2.315800
2025-04-24,9.7000000000,10.0800000000,9.7000000000,9.8900000000,17528612,173846106.4700,2.654300,1.749000
2025-04-25,9.8300000000,10.1200000000,9.8100000000,10.0000000000,10603624,105925301.5600,1.605700,1.112200
2025-04-28,10.0200000000,10.0800000000,9.7000000000,9.8600000000,10466780,103198866.0400,1.584900,-1.400000
2025-04-29,9.8100000000,10.1000000000,9.6500000000,9.9700000000,10846899,107847150.0100,1.642500,1.115600
2025-04-30,9.9800000000,9.9800000000,9.5500000000,9.6400000000,12900591,124737947.9100,1.953500,-3.309900
2025-05-06,9.6700000000,9.8400000000,9.3600000000,9.5100000000,15935794,151708082.0500,2.413100,-1.348500
2025-05-07,9.5800000000,9.7500000000,9.5100000000,9.6100000000,9465238,91091723.9000,1.433300,1.051500
2025-05-08,9.5500000000,9.8000000000,9.3600000000,9.6800000000,15640273,150010790.7700,2.368300,0.728400
2025-05-09,9.6300000000,9.7800000000,9.5500000000,9.6800000000,7120499,68779235.3500,1.078200,0.000000
2025-05-12,9.7000000000,10.1600000000,9.6500000000,10.0900000000,13640933,135484002.2700,2.065600,4.235500
2025-05-13,10.1100000000,10.1500000000,9.9300000000,9.9900000000,8243705,82571169.2400,1.248300,-0.991100
2025-05-14,10.0000000000,10.0000000000,9.7200000000,9.8200000000,8342427,81955441.4200,1.263300,-1.701700
2025-05-15,9.8000000000,9.8100000000,9.6600000000,9.7300000000,4502160,43829590.5600,0.681700,-0.916500
2025-05-16,9.6900000000,10.0800000000,9.6400000000,9.9500000000,10251494,101334165.9400,1.552300,2.261000
2025-05-19,9.9400000000,10.5000000000,9.8600000000,10.2900000000,17258225,177660122.5700,2.613300,3.417100
2025-05-20,10.2600000000,10.6500000000,10.2000000000,10.5500000000,14478809,152133342.7500,2.192500,2.526700
2025-05-21,10.6600000000,10.7300000000,10.3800000000,10.4200000000,8097877,84810975.7000,1.226200,-1.232200
2025-05-22,10.4200000000,10.5500000000,10.2400000000,10.3900000000,7804651,81016131.4600,1.181800,-0.287900
2025-05-23,10.3800000000,10.4200000000,10.2600000000,10.3300000000,6396400,66113018.1400,0.968600,-0.577500
2025-05-26,10.2800000000,10.6300000000,10.1800000000,10.2600000000,8737503,90242193.3100,1.323100,-0.677600
2025-05-27,10.2000000000,10.5300000000,10.0800000000,10.2100000000,9111139,93271789.9800,1.379700,-0.487300
2025-05-28,10.2000000000,10.3000000000,10.0000000000,10.1000000000,5050740,51035315.0100,0.764800,-1.077400
2025-05-29,10.0900000000,10.2000000000,9.9300000000,10.1300000000,6208399,62435522.1800,0.940100,0.297000
2025-05-30,10.0600000000,10.4700000000,10.0400000000,10.1700000000,9862513,101458247.4300,1.493400,0.394900
2025-06-03,10.1800000000,10.5800000000,10.1800000000,10.4700000000,10557524,109994851.1900,1.598700,2.949900
2025-06-04,10.4000000000,10.6700000000,10.3500000000,10.6200000000,8121721,85395026.5100,1.229800,1.432700
2025-06-05,10.5400000000,10.8000000000,10.5400000000,10.7500000000,10539838,112708851.6700,1.596000,1.224100
2025-06-06,10.7400000000,10.8200000000,10.1600000000,10.2300000000,13892299,143754416.3000,2.103700,-4.837200
2025-06-09,10.2300000000,10.2300000000,9.5500000000,9.7100000000,31857390,309993328.0800,4.824000,-5.083100
2025-06-10,9.6000000000,9.6800000000,9.3600000000,9.5100000000,18243600,173240284.6100,2.762500,-2.059700
2025-06-11,9.5200000000,9.6000000000,9.3900000000,9.4500000000,12244395,116384405.3400,1.854100,-0.630900
2025-06-12,9.4000000000,9.4500000000,8.7700000000,9.0300000000,37979619,342566612.6600,5.751100,-4.444400
2025-06-13,8.9000000000,8.9000000000,8.4700000000,8.6000000000,30873747,266186770.1600,4.675100,-4.761900
2025-06-16,8.4800000000,8.6300000000,8.1800000000,8.5500000000,25031478,211011369.9500,3.790400,-0.581400
2025-06-17,8.6200000000,8.6700000000,8.1200000000,8.1500000000,34882701,289064840.8000,5.282100,-4.678400
2025-06-18,8.1500000000,8.3500000000,7.9600000000,8.2500000000,24874599,204410056.9000,3.766700,1.227000
2025-06-19,8.1900000000,8.5800000000,8.1500000000,8.3200000000,27938297,235176805.4000,4.230600,0.848500
2025-06-20,8.3700000000,8.4100000000,7.8000000000,7.8400000000,34080600,272057199.1700,5.160700,-5.769200
2025-06-23,7.6700000000,7.8200000000,7.6500000000,7.8100000000,17642000,136718996.4200,2.671500,-0.382700
2025-06-24,7.7900000000,8.0100000000,7.7900000000,8.0000000000,18196304,144330056.9400,2.755400,2.432800
2025-06-25,7.9800000000,8.0400000000,7.7200000000,7.9800000000,27520896,216544296.6600,4.167400,-0.250000
2025-06-26,8.0500000000,8.0900000000,7.7000000000,7.8900000000,38665561,304054707.6200,5.855000,-1.127800
2025-06-27,7.7800000000,7.9200000000,7.7200000000,7.8500000000,22355767,174959868.6400,3.385200,-0.507000
2025-06-30,7.8900000000,8.1100000000,7.8600000000,8.0700000000,25250251,202523548.4000,3.823500,2.802500
2025-07-01,8.0900000000,8.2400000000,8.0500000000,8.1600000000,21230695,172867887.3600,3.214900,1.115200
2025-07-02,8.1700000000,8.2000000000,7.9500000000,7.9900000000,16057396,129208094.8800,2.431500,-2.083300
2025-07-03,8.0000000000,8.1200000000,7.9600000000,8.0200000000,11402296,91483903.8700,1.726600,0.375500
2025-07-04,8.0000000000,8.0100000000,7.8500000000,7.8900000000,13827078,109194639.0000,2.093800,-1.620900
2025-07-07,7.8600000000,7.9400000000,7.8400000000,7.8900000000,7394498,58398747.2000,1.119700,0.000000
2025-07-08,7.9300000000,7.9600000000,7.8800000000,7.9300000000,9204988,73021302.8200,1.393900,0.507000
2025-07-09,7.9300000000,7.9900000000,7.8900000000,7.9400000000,11063334,87722783.4300,1.675300,0.126100
2025-07-10,8.0300000000,8.1800000000,7.9100000000,7.9500000000,23062784,184480550.0900,3.492300,0.125900
2025-07-11,7.9200000000,8.1500000000,7.8600000000,8.0500000000,22461243,180631367.8900,3.401200,1.257900
2025-07-14,8.0500000000,8.0500000000,7.9100000000,7.9400000000,16446998,130806894.1200,2.490500,-1.366500
2025-07-15,7.9100000000,7.9300000000,7.6200000000,7.6700000000,24727802,190852084.1300,3.744400,-3.400500
2025-07-16,7.6700000000,7.7900000000,7.6600000000,7.7100000000,12898404,99648807.5500,1.953100,0.521500
2025-07-17,7.6800000000,7.7800000000,7.6800000000,7.7600000000,12115731,93771308.4200,1.834600,0.648500
2025-07-18,7.7600000000,7.7900000000,7.7200000000,7.7700000000,8905596,69037487.0100,1.348500,0.128900
2025-07-21,7.7900000000,7.9300000000,7.7900000000,7.9000000000,17069065,134347912.9400,2.584700,1.673100
2025-07-22,7.9700000000,7.9700000000,7.8100000000,7.9100000000,12507399,98621069.1000,1.893900,0.126600
2025-07-23,7.9500000000,7.9500000000,7.8000000000,7.8100000000,10015126,78836127.7400,1.516500,-1.264200
2025-07-24,7.8000000000,7.9300000000,7.8000000000,7.9100000000,12209988,96383995.8900,1.848900,1.280400
2025-07-25,7.9100000000,8.0900000000,7.8800000000,7.9700000000,20635548,164582704.0500,3.124800,0.758500
2025-07-28,8.0300000000,8.1100000000,7.9100000000,7.9600000000,18539094,148121710.9800,2.807300,-0.125500
2025-07-29,7.9600000000,8.0000000000,7.5300000000,7.7200000000,34066037,261896316.8900,5.158500,-3.015100
2025-07-30,7.6500000000,7.7700000000,7.6400000000,7.7500000000,15807461,121995501.6700,2.393700,0.388600
2025-07-31,7.7500000000,7.8300000000,7.6600000000,7.7200000000,16926098,130661897.5800,2.563000,-0.387100
2025-08-01,7.7000000000,7.7300000000,7.5100000000,7.5900000000,17107203,129813401.5300,2.590500,-1.683900
2025-08-04,7.5300000000,7.6500000000,7.4800000000,7.6500000000,8593475,65371858.4600,1.301300,0.790500
2025-08-05,7.6200000000,7.7300000000,7.6100000000,7.6900000000,15212598,116476566.6300,2.303600,0.522900
2025-08-06,7.6600000000,7.7100000000,7.6000000000,7.6800000000,11655137,89081980.2600,1.764900,-0.130000
2025-08-07,7.6800000000,7.7500000000,7.6400000000,7.6500000000,12402642,95385674.7800,1.878100,-0.390600
2025-08-08,7.6500000000,7.6600000000,7.5800000000,7.6200000000,9721416,73970641.1400,1.472100,-0.392200
2025-08-11,7.6200000000,7.6400000000,7.5800000000,7.6200000000,11507167,87527081.4700,1.742500,0.000000
2025-08-12,7.6300000000,7.7000000000,7.5300000000,7.6000000000,17148897,130298532.2300,2.596800,-0.262500
2025-08-13,7.6000000000,7.6500000000,7.5300000000,7.5600000000,16188902,122597806.0800,2.451400,-0.526300
2025-08-14,7.5600000000,7.6100000000,7.3900000000,7.4000000000,21689992,162419953.8100,3.284400,-2.116400
2025-08-15,7.3800000000,7.5400000000,7.3500000000,7.5400000000,15431145,115346523.5200,2.336700,1.891900
2025-08-18,7.5400000000,7.7300000000,7.5300000000,7.7100000000,26507032,203762461.9800,4.013800,2.254600
2025-08-19,7.7300000000,7.7400000000,7.6400000000,7.7200000000,15067027,115948444.0300,2.281500,0.129700
2025-08-20,7.7400000000,8.0500000000,7.6800000000,7.9200000000,37688688,297685138.4200,5.707000,2.590700
2025-08-21,7.8400000000,8.0300000000,7.8300000000,7.8800000000,26690817,211106850.0500,4.041700,-0.505100
2025-08-22,7.8700000000,7.9300000000,7.7800000000,7.9200000000,21655971,170251375.5100,3.279300,0.507600
2025-08-25,7.9500000000,8.0100000000,7.8800000000,7.9300000000,23129475,183508081.4200,3.502400,0.126300
2025-08-26,7.9600000000,8.2400000000,7.9300000000,8.1000000000,34243646,277927003.8200,5.185400,2.143800
2025-08-27,8.1300000000,8.1700000000,7.8600000000,7.8700000000,29584624,236561811.3300,4.479900,-2.839500
2025-08-28,7.8200000000,7.9800000000,7.6500000000,7.8800000000,23702042,185807002.2300,3.589100,0.127100
2025-08-29,7.9300000000,8.1500000000,7.8800000000,8.0200000000,31750703,255557405.9300,4.807900,1.776600
2025-09-01,8.0200000000,8.4000000000,7.8900000000,8.3200000000,50553988,417942185.4200,7.655200,3.740600
2025-09-02,8.2600000000,8.7300000000,8.2100000000,8.6800000000,61346084,522906650.1200,9.289400,4.326900
2025-09-03,8.7500000000,8.9200000000,8.5000000000,8.5600000000,51123346,443266383.9000,7.741400,-1.382500
2025-09-04,8.3800000000,8.7100000000,8.2100000000,8.4700000000,53522891,455321694.2500,8.104700,-1.051400
2025-09-05,8.4000000000,8.4700000000,8.0500000000,8.4300000000,42752675,353647403.1100,6.473900,-0.472300
2025-09-08,8.3200000000,8.6300000000,8.3000000000,8.4700000000,30739524,260907920.6900,4.654800,0.474500
2025-09-09,8.4400000000,8.4700000000,8.2000000000,8.2200000000,27716798,230675161.6300,4.197000,-2.951600
2025-09-10,8.2000000000,8.4400000000,8.1800000000,8.2600000000,29198036,242147941.5800,4.421300,0.486600
2025-09-11,8.2700000000,8.2800000000,8.0100000000,8.2100000000,33109376,267890959.2000,5.013600,-0.605300
2025-09-12,8.1800000000,8.6800000000,8.1500000000,8.4000000000,43353641,365666892.0900,6.564900,2.314300
2025-09-15,8.4000000000,8.4500000000,8.2600000000,8.3800000000,24656299,206636218.0200,3.733600,-0.238100
2025-09-16,8.4600000000,8.6000000000,8.3800000000,8.5400000000,34888039,295794231.9800,5.282900,1.909300
2025-09-17,8.6300000000,8.6800000000,8.3000000000,8.3100000000,37608554,315987111.5300,5.694900,-2.693200
2025-09-18,8.3000000000,8.4300000000,8.2600000000,8.3700000000,29210803,243208219.0500,4.423300,0.722000
2025-09-19,8.3300000000,8.9900000000,8.1300000000,8.7500000000,62817638,539617308.4300,9.512200,4.540000
2025-09-22,8.6700000000,8.6800000000,8.3600000000,8.4100000000,38137257,322270316.7700,5.775000,-3.885700
2025-09-23,8.3200000000,8.3300000000,7.9800000000,8.0300000000,28098088,227098989.3300,4.254800,-4.518400
2025-09-24,7.9000000000,8.0200000000,7.7500000000,7.9900000000,18469100,146137807.0000,2.796700,-0.498100
2025-09-25,8.0000000000,8.0600000000,7.8200000000,8.0300000000,16402138,130306864.8700,2.483700,0.500600
2025-09-26,7.9600000000,7.9800000000,7.8200000000,7.8200000000,11251601,88726846.8900,1.703800,-2.615200
2025-09-29,7.7800000000,7.8100000000,7.6500000000,7.7100000000,11930598,92290263.5800,1.806600,-1.406600
2025-09-30,7.7400000000,7.8700000000,7.7100000000,7.7200000000,12139499,94444610.0100,1.838200,0.129700
2025-10-09,7.7000000000,7.7000000000,7.5000000000,7.5300000000,17580105,132412629.4800,2.662100,-2.461100
2025-10-10,7.5300000000,7.6100000000,7.5100000000,7.5200000000,8564497,64598813.7800,1.296900,-0.132800
2025-10-13,7.4200000000,7.5300000000,7.2900000000,7.5300000000,10726181,79650721.7900,1.624200,0.133000
2025-10-14,7.5300000000,7.5700000000,7.4000000000,7.4100000000,12026697,89805811.3700,1.821200,-1.593600
2025-10-15,7.4300000000,7.4500000000,7.3700000000,7.4400000000,6476998,48032804.2100,0.980800,0.404900
2025-10-16,7.4400000000,7.4800000000,7.3100000000,7.3300000000,7823399,57725251.5500,1.184700,-1.478500
2025-10-17,7.3300000000,7.3600000000,7.0300000000,7.0500000000,14265076,102347817.5500,2.160100,-3.819900
2025-10-20,7.1000000000,7.1600000000,7.0400000000,7.0900000000,10752407,76243407.5600,1.628200,0.567400
2025-10-21,7.0700000000,7.1300000000,7.0300000000,7.1300000000,6948796,49313072.6100,1.052200,0.564200
2025-10-22,7.1000000000,7.4400000000,7.1000000000,7.2900000000,17950212,130826988.6400,2.718100,2.244000
2025-10-23,7.3000000000,7.3600000000,7.2300000000,7.2800000000,9479598,68853982.4400,1.435500,-0.137200
2025-10-24,7.2800000000,7.2900000000,7.1300000000,7.1900000000,9940197,71432026.3400,1.505200,-1.236300
2025-10-27,7.2500000000,7.2700000000,7.1400000000,7.1600000000,9618803,69190615.6100,1.456500,-0.417200
2025-10-28,7.1700000000,7.1900000000,7.1000000000,7.1600000000,6085200,43562240.0000,0.921500,0.000000
2025-10-29,7.1900000000,7.2000000000,7.0800000000,7.1800000000,6657098,47467947.8200,1.008100,0.279300
2025-10-30,7.1700000000,7.1700000000,7.1000000000,7.1100000000,5749198,41008048.7200,0.870600,-0.974900
2025-10-31,7.1200000000,7.2700000000,7.1100000000,7.2300000000,10766651,77558451.6100,1.630300,1.687800
2025-11-03,7.2500000000,7.3500000000,7.2000000000,7.3500000000,11390933,82888368.6000,1.724900,1.659800
2025-11-04,7.3500000000,7.4000000000,7.2700000000,7.3500000000,8990888,66067246.2700,1.361500,0.000000
2025-11-05,7.3400000000,7.4300000000,7.2800000000,7.3900000000,13792221,101843019.7900,2.088500,0.544200
2025-11-06,7.3700000000,7.3700000000,7.2300000000,7.2300000000,10130572,73502340.8400,1.534000,-2.165100
2025-11-07,7.2200000000,7.2700000000,7.1800000000,7.2000000000,5749497,41521856.3000,0.870600,-0.414900
2025-11-10,7.2000000000,7.6000000000,7.1600000000,7.5300000000,29094091,216759727.3700,4.405600,4.583300
2025-11-11,7.5000000000,7.5900000000,7.4200000000,7.5400000000,13062496,97838138.1000,1.978000,0.132800
2025-11-12,7.5400000000,8.0800000000,7.5300000000,7.8100000000,45865375,358952465.8400,6.945200,3.580900
2025-11-13,8.1000000000,8.5900000000,7.8500000000,8.5900000000,88169868,735366803.9200,13.351200,9.987200
2025-11-14,9.4500000000,9.4500000000,8.3400000000,8.4700000000,155168784,1399396754.4400,23.496500,-1.397000
2025-11-17,7.8100000000,7.9700000000,7.6200000000,7.6200000000,108140539,831130279.7700,16.375300,-10.035400
2025-11-18,7.6800000000,7.7000000000,7.4400000000,7.4600000000,43925677,331193776.4800,6.651500,-2.099700
2025-11-19,7.4400000000,7.5700000000,7.3000000000,7.5400000000,36423317,270698093.1300,5.515400,1.072400
2025-11-20,7.4800000000,7.5200000000,7.3600000000,7.4800000000,23923396,177509134.2000,3.622600,-0.795800
2025-11-21,7.3800000000,7.4800000000,7.1600000000,7.1900000000,24526297,178548209.5500,3.713900,-3.877000
2025-11-24,7.2600000000,7.4000000000,7.1900000000,7.3700000000,20461595,149541417.5300,3.098400,2.503500
2025-11-25,7.3700000000,7.4800000000,7.3700000000,7.4200000000,15037489,111702154.5100,2.277100,0.678400
2025-11-26,7.4200000000,7.4600000000,7.2700000000,7.3000000000,17716596,130384817.8100,2.682700,-1.617300
2025-11-27,7.3700000000,7.4300000000,7.2800000000,7.3600000000,14816295,109097259.3200,2.243600,0.821900
2025-11-28,7.3600000000,7.4800000000,7.2600000000,7.3900000000,13369896,98302562.8600,2.024500,0.407600
2025-12-01,7.4600000000,7.5300000000,7.4200000000,7.5100000000,20876294,156283564.0900,3.161200,1.623800
2025-12-02,7.4600000000,7.4800000000,7.3300000000,7.3700000000,17434207,128957518.4600,2.640000,-1.864200
2025-12-03,7.4100000000,7.5500000000,7.4000000000,7.4500000000,25923583,193977624.8500,3.925500,1.085500
2025-12-04,7.2900000000,7.3900000000,6.7600000000,7.0200000000,63234568,440248149.2700,9.575300,-5.771800
2025-12-05,6.8400000000,6.8400000000,6.4900000000,6.6300000000,51795952,342407888.0300,7.843200,-5.555600
2025-12-08,6.3500000000,6.4900000000,6.3500000000,6.3900000000,49557569,317632502.8800,7.504300,-3.619900
2025-12-09,6.3100000000,6.3400000000,5.8800000000,5.9100000000,72942791,440430658.0000,11.045400,-7.511700
2025-12-10,5.8400000000,6.0100000000,5.8200000000,5.9000000000,39795136,235257165.2300,6.026000,-0.169200
2025-12-11,5.8600000000,5.9000000000,5.8100000000,5.8100000000,30272777,177183171.6200,4.584100,-1.525400
2025-12-12,5.8100000000,6.0800000000,5.7700000000,5.9800000000,39303579,232655245.9900,5.951600,2.926000
2025-12-15,5.9200000000,5.9600000000,5.7700000000,5.7900000000,34124778,198648169.8100,5.167400,-3.177300
2025-12-16,5.7700000000,5.8400000000,5.7500000000,5.8000000000,23713997,137610560.6300,3.590900,0.172700
2025-12-17,5.7000000000,5.8500000000,5.5800000000,5.7100000000,34531795,196770760.5800,5.229000,-1.551700
2025-12-18,5.6600000000,5.8800000000,5.6500000000,5.8000000000,26901196,156337362.6400,4.073500,1.576200
2025-12-19,5.8400000000,6.0200000000,5.7700000000,6.0200000000,30608644,181392016.7000,4.634900,3.793100
2025-12-22,6.0300000000,6.1300000000,5.9800000000,6.0800000000,23745700,144088346.0600,3.595700,0.996700
2025-12-23,5.8500000000,6.0200000000,5.7900000000,5.9100000000,39889484,235131524.2600,6.040300,-2.796100
2025-12-24,5.7900000000,5.9600000000,5.6800000000,5.9200000000,28470819,166750420.0600,4.311200,0.169200
2025-12-25,5.9500000000,6.0500000000,5.8800000000,6.0000000000,21082421,125772978.0000,3.192400,1.351400
2025-12-26,5.9900000000,6.6000000000,5.9500000000,6.6000000000,67623778,428596669.4800,10.240000,10.000000
2025-12-29,6.5600000000,6.6200000000,6.3000000000,6.3900000000,56999246,364526793.1300,8.631100,-3.181800
2025-12-30,6.3700000000,6.4600000000,6.3100000000,6.3500000000,34434904,219542876.3500,5.214300,-0.626000
2025-12-31,6.3400000000,6.3600000000,6.2300000000,6.2400000000,25939099,162608333.8000,3.927800,-1.732300
2026-01-05,6.2700000000,6.3000000000,6.2000000000,6.2900000000,22170681,138573941.8900,3.357200,0.801300
2026-01-06,6.2800000000,6.4600000000,6.2600000000,6.3900000000,26468858,168454550.0600,4.008100,1.589800
2026-01-07,6.4000000000,6.5200000000,6.3600000000,6.4700000000,25577383,164877161.2400,3.873100,1.252000
2026-01-08,6.4600000000,6.6200000000,6.3600000000,6.6000000000,26862187,174771128.2800,4.067600,2.009300
2026-01-09,6.5900000000,6.6700000000,6.5300000000,6.6300000000,29282711,193154890.6900,4.434200,0.454500
2026-01-12,6.6400000000,6.7000000000,6.5900000000,6.6600000000,29411943,195348529.9500,4.453700,0.452500
2026-01-13,6.6300000000,6.7200000000,6.5200000000,6.5200000000,25670260,169626934.1900,3.887100,-2.102100
2026-01-14,6.5400000000,6.7500000000,6.5200000000,6.7000000000,35039044,233422626.2300,5.305800,2.760700
2026-01-15,6.7000000000,6.8000000000,6.5600000000,6.6400000000,26619477,177078970.4000,4.030900,-0.895500
2026-01-16,6.6200000000,6.6300000000,6.4100000000,6.4300000000,23589331,153034370.8700,3.572000,-3.162700
2026-01-19,6.4800000000,6.5900000000,6.4500000000,6.5600000000,19522699,127694235.4800,2.956200,2.021800
2026-01-20,6.5800000000,6.6400000000,6.5100000000,6.5900000000,17349757,114143377.3200,2.627200,0.457300
2026-01-21,6.5400000000,6.6600000000,6.4800000000,6.6200000000,15436231,101644733.9200,2.337400,0.455200
2026-01-22,6.6100000000,6.7300000000,6.5600000000,6.7200000000,17484197,116759232.1600,2.647600,1.510600
2026-01-23,6.7200000000,6.8500000000,6.6800000000,6.7800000000,17332543,117030805.6500,2.624600,0.892900
2026-01-26,6.7800000000,6.7800000000,6.5000000000,6.5900000000,25936920,170770719.4000,3.927500,-2.802400
2026-01-27,6.5700000000,6.6400000000,6.4100000000,6.5400000000,19050299,123891050.0000,2.884700,-0.758700
2026-01-28,6.5400000000,6.5500000000,6.4100000000,6.4500000000,13774960,88833542.6000,2.085900,-1.376100
2026-01-29,6.4500000000,6.6000000000,6.3500000000,6.5800000000,20341499,133171751.1500,3.080200,2.015500
2026-01-30,6.6100000000,6.6900000000,6.5400000000,6.6300000000,20942081,138738238.0500,3.171200,0.759900
2026-02-02,6.5600000000,6.7600000000,6.5200000000,6.5500000000,24289302,161691624.3800,3.678000,-1.206600
2026-02-03,6.5500000000,6.7300000000,6.5500000000,6.6800000000,18441662,122499234.8900,2.792500,1.984700
2026-02-04,6.6100000000,6.7300000000,6.5800000000,6.6900000000,14434217,96427048.7100,2.185700,0.149700
2026-02-05,6.7000000000,6.8400000000,6.6500000000,6.7900000000,26528259,180188438.4200,4.017100,1.494800
2026-02-06,6.7700000000,6.7900000000,6.6100000000,6.6900000000,21651899,144821334.3900,3.278700,-1.472800
2026-02-09,6.7000000000,6.8000000000,6.6600000000,6.7800000000,18034881,121600136.4000,2.730900,1.345300
2026-02-10,6.7500000000,7.0200000000,6.7200000000,6.9900000000,35970795,248918273.7400,5.446900,3.097300
2026-02-11,6.9600000000,6.9900000000,6.7400000000,6.7800000000,33983820,230584639.3800,5.146000,-3.004300
2026-02-12,6.7500000000,6.7700000000,6.6200000000,6.6800000000,20127212,134320437.9400,3.047800,-1.474900
2026-02-13,6.6900000000,6.7500000000,6.6200000000,6.6300000000,14852646,99153328.6100,2.249100,-0.748500
2026-02-24,6.6600000000,6.6600000000,6.2700000000,6.4000000000,20309733,130200268.3300,3.075400,-3.469100
2026-02-25,6.4600000000,6.5300000000,6.4300000000,6.5300000000,15235316,98853245.1500,2.307000,2.031300
2026-02-26,6.5400000000,6.5500000000,6.4000000000,6.4200000000,15212500,97998394.9700,2.303600,-1.684500
2026-02-27,6.3500000000,6.6000000000,6.3500000000,6.5400000000,14068640,91508937.4200,2.130400,1.869200
2026-03-02,6.4000000000,6.5100000000,6.3400000000,6.3500000000,17444059,111582366.6600,2.641500,-2.905200
2026-03-03,6.3800000000,6.4400000000,6.2000000000,6.2100000000,15337491,96830181.4700,2.322500,-2.204700
2026-03-04,6.1500000000,6.2400000000,6.0700000000,6.1800000000,11362148,69974724.6200,1.720500,-0.483100
2026-03-05,6.2500000000,6.2900000000,6.2100000000,6.2700000000,9714657,60727440.6500,1.471000,1.456300
2026-03-06,6.2700000000,6.4300000000,6.2400000000,6.4100000000,10409082,66476013.8000,1.576200,2.232900
2026-03-09,6.3300000000,6.4100000000,6.2500000000,6.3700000000,11157746,70475822.1600,1.689600,-0.624000
2026-03-10,6.4000000000,6.5000000000,6.3900000000,6.4600000000,9147496,58915730.2400,1.385200,1.412900
2026-03-11,6.4600000000,6.4800000000,6.3800000000,6.4100000000,7408000,47518658.0000,1.121800,-0.774000
2026-03-12,6.4300000000,6.4400000000,6.3400000000,6.3600000000,6360600,40581093.0000,0.963200,-0.780000
2026-03-13,6.3600000000,6.4500000000,6.3300000000,6.3700000000,9770042,62551052.7600,1.479400,0.157200
2026-03-16,6.3500000000,6.5000000000,6.3400000000,6.4900000000,12937799,83548875.5600,1.959100,1.883800
2026-03-17,6.4900000000,6.5700000000,6.4000000000,6.4100000000,10595042,68855772.3800,1.604400,-1.232700
2026-03-18,6.4100000000,6.4400000000,6.2600000000,6.3100000000,9210371,58173402.3000,1.394700,-1.560100
2026-03-19,6.2600000000,6.3400000000,6.2300000000,6.2700000000,7558465,47487571.0500,1.144500,-0.633900
2026-03-20,6.2900000000,6.4300000000,6.2100000000,6.2200000000,12938242,81477152.1900,1.959200,-0.797400
2026-03-23,6.1600000000,6.1600000000,5.7600000000,5.8100000000,15300939,91130340.3600,2.317000,-6.591600
2026-03-24,5.9300000000,5.9700000000,5.8200000000,5.9200000000,14643770,86378400.6000,2.217400,1.893300
2026-03-25,5.9400000000,6.0600000000,5.9200000000,6.0200000000,11548799,69295198.7700,1.748800,1.689200
2026-03-26,6.0300000000,6.0900000000,5.8900000000,5.9200000000,9474500,56736098.0000,1.434700,-1.661100
2026-03-27,5.8500000000,6.2000000000,5.8500000000,6.1500000000,23869299,145306266.1500,3.614400,3.885100
2026-03-30,6.0900000000,6.1700000000,6.0300000000,6.0700000000,10901720,66355013.6000,1.650800,-1.300800
2026-03-31,6.0500000000,6.1600000000,5.9300000000,5.9400000000,12921003,77842470.9400,1.956600,-2.141700
2026-04-01,6.0600000000,6.1300000000,5.9900000000,6.0800000000,13893500,84356639.0000,2.103800,2.356900
2026-04-02,6.0700000000,6.0700000000,5.8200000000,5.8400000000,15736500,92889468.0000,2.382900,-3.947400
2026-04-03,5.8500000000,5.8800000000,5.6400000000,5.6700000000,10598219,60455633.3400,1.604800,-2.911000
2026-04-07,5.6500000000,5.8100000000,5.6200000000,5.8100000000,9804800,56060378.0000,1.484700,2.469100
2026-04-08,5.8900000000,5.9500000000,5.8800000000,5.9300000000,15726099,93137592.0900,2.381300,2.065400
2026-04-09,5.8800000000,5.8900000000,5.7300000000,5.7500000000,11430640,66048431.6000,1.730900,-3.035400
2026-04-10,5.7500000000,5.9200000000,5.7500000000,5.8100000000,10855600,63390546.0000,1.643800,1.043500
2026-04-13,5.7500000000,5.8800000000,5.7500000000,5.8500000000,7144780,41743274.9400,1.081900,0.688500
2026-04-14,5.8800000000,5.9100000000,5.7800000000,5.8600000000,8057700,46964129.0000,1.220100,0.170900
2026-04-15,5.8700000000,6.0000000000,5.8600000000,5.9500000000,15171698,90210136.1500,2.297400,1.535800
2026-04-16,5.9000000000,6.1700000000,5.9000000000,6.1200000000,24385020,148677565.8000,3.692500,2.857100
2026-04-17,6.1200000000,6.1300000000,5.9300000000,6.0000000000,17639898,105634020.4400,2.671100,-1.960800
2026-04-20,6.0200000000,6.0600000000,5.9400000000,6.0300000000,10095065,60632849.3000,1.528700,0.500000
2026-04-21,6.0300000000,6.1000000000,5.9500000000,6.0000000000,9898901,59388113.9500,1.498900,-0.497500
2026-04-22,6.0000000000,6.0100000000,5.9100000000,5.9500000000,8605899,51197611.0600,1.303200,-0.833300
2026-04-23,5.9600000000,5.9600000000,5.8400000000,5.8800000000,11610841,68288982.0500,1.758200,-1.176500
2026-04-24,5.8300000000,5.8800000000,5.7300000000,5.8100000000,11155819,64633564.1500,1.689300,-1.190500
2026-04-27,5.7500000000,5.8200000000,5.6300000000,5.7900000000,15525600,88898577.8100,2.351000,-0.344200
2026-04-28,5.7500000000,5.8600000000,5.6900000000,5.7800000000,12138100,69944665.2100,1.838000,-0.172700
2026-04-29,5.7500000000,5.9900000000,5.7500000000,5.9700000000,16117255,95433895.2700,2.440600,3.287200
2026-04-30,5.9300000000,6.0100000000,5.8000000000,5.9600000000,18345500,108423515.6100,2.778000,-0.167500
