date,open,high,low,close,volume,amount,turn,pctChg
2022-06-22,37.6072400000,40.7474445400,35.5482436100,38.5098137600,89445827,3625666392.1100,68.344200,37.449700
2022-06-23,38.3593848000,39.9764961200,36.2909866000,39.8824780200,45683036,1854998268.0500,34.905700,3.564500
2022-06-24,39.9576925000,43.4739694400,39.3747802800,39.8448707800,35382667,1551281153.1000,27.035400,-0.094300
2022-06-27,38.7824662500,41.5560002000,38.7354572000,41.1611241800,27788159,1184406745.6000,21.232500,3.303400
2022-06-28,41.0012934100,41.5560002000,38.4440010900,38.9611006400,21667606,907202443.2100,16.555900,-5.344900
2022-06-29,38.6038318600,38.6978499600,36.1029504000,36.1593612600,23274308,919107379.1700,17.783600,-7.191100
2022-06-30,36.2909866000,39.2619585600,35.7456816200,38.3123757500,22630045,909400135.8300,17.291300,5.954200
2022-07-01,38.0303214500,40.4277830000,37.7012581000,39.0927259800,16010269,672026449.2100,12.233200,2.036800
2022-07-04,38.8764843500,39.6756382000,37.0055241600,38.9234934000,15649255,633121480.0200,11.957400,-0.432900
2022-07-05,38.6978499600,39.3841820900,37.3251857000,37.5508291400,12173515,492528477.0800,9.301600,-3.526600
2022-07-06,37.6072400000,39.7696563000,37.4568110400,37.4662128500,14916331,611568553.2000,11.397300,-0.225300
2022-07-07,37.6072400000,39.5628164800,36.9961223500,39.2995658000,14711630,599469289.7100,11.240900,4.893400
2022-07-08,39.5722182900,40.7192391100,38.7166535800,39.1397350300,11786763,494640903.0700,9.006100,-0.406700
2022-07-11,38.7448590100,41.2739459000,37.8046780100,40.9260789300,15008736,629089258.0300,11.468000,4.564000
2022-07-12,40.3243630900,44.8372318900,40.1269250800,43.5961929700,20460256,939295750.9500,15.633400,6.524200
2022-07-13,43.3423441000,47.4321314500,43.3423441000,47.0090500000,22599573,1098449181.8500,17.268000,7.828300
2022-07-14,47.1406753400,47.9492310000,45.4577513500,47.1688807700,14686918,728162303.9600,11.222100,0.340000
2022-07-15,46.8210138000,50.8167830500,45.9560472800,48.8988138100,12456182,651372862.7900,9.517600,3.667500
2022-07-18,49.0774482000,52.1800455000,47.0090500000,50.9860156300,13232901,699892692.5800,10.111100,4.268400
2022-07-19,50.7415685700,53.1860391700,49.5663423200,49.8295930000,13503082,732767556.4000,10.317500,-2.268100
2022-07-20,49.8389948100,53.1202265000,47.5355513600,51.6347405200,12328945,664411040.3200,9.420400,3.622600
2022-07-21,51.2022572600,51.2398645000,47.4227296400,47.4979441200,12417073,648344670.1400,9.487700,-8.011700
2022-07-22,48.6073577000,49.4159133600,47.8082038500,49.0022337200,9296859,482029466.6200,7.103600,3.167100
2022-07-25,49.0774482000,49.0774482000,45.5047604000,45.5423676400,8721808,430213577.7200,6.664200,-7.060600
2022-07-26,46.8022101800,47.2440952500,45.3073223900,46.0782708100,6688378,327448633.1600,5.110500,1.176700
2022-07-27,46.5483613100,46.8774246600,45.1286880000,45.8244219400,7408747,359827369.4700,5.660900,-0.550900
2022-07-28,46.4167359700,46.9902463800,44.4705613000,45.1756970500,10061614,486166290.6100,7.687900,-1.415700
2022-07-29,45.0816789500,49.9142092900,44.9406518000,48.2312853000,11365740,579387719.4900,8.684400,6.763800
2022-08-01,47.9774364300,49.1714663000,46.5859685500,47.7047839400,6767213,342253558.6100,5.170700,-1.091600
2022-08-02,47.2158898200,47.5731586000,44.4705613000,45.5987785000,7617213,372932271.4700,5.820200,-4.414700
2022-08-03,45.7492074600,47.5355513600,44.7526156000,45.4765549700,5481118,270055880.7800,4.188000,-0.268000
2022-08-04,46.2192979600,46.2286997700,42.8440481700,44.2167124300,6797162,320475701.0000,5.193600,-2.770300
2022-08-05,44.3765432000,44.7526156000,41.7910454500,42.8628517900,9384376,428191119.0000,7.170500,-3.061900
2022-08-08,42.3081450000,44.4987667300,41.6500183000,43.9064527000,9052306,419485870.0000,6.916700,2.434700
2022-08-09,43.4739694400,46.9902463800,43.3423441000,45.5987785000,7580487,370921969.0000,5.792100,3.854400
2022-08-10,45.2603133400,46.1346816700,43.9346581300,45.3261260100,5164639,247731166.0000,3.946200,-0.597900
2022-08-11,45.5987785000,47.4697386900,44.8560355100,45.7868147000,5317941,260782121.0000,4.063400,1.016400
2022-08-12,45.5893766900,45.8620291800,43.6714074500,43.7560237400,5155819,243435733.0000,3.939500,-4.435300
2022-08-15,43.7184165000,46.0970744300,43.6620056400,45.8996364200,4726116,227190812.2800,3.611200,4.899000
2022-08-16,46.4637450200,49.6321549900,46.4637450200,48.7107776100,8530986,442297088.1200,6.518400,6.124500
2022-08-17,49.0304391500,49.5099314600,47.5919622200,47.7705966100,4591916,236230949.8300,3.508600,-1.930100
2022-08-18,47.4133278300,48.6919739900,47.0090500000,47.6671767000,3692704,187554748.2200,2.821500,-0.216500
2022-08-19,47.2252916300,48.6825721800,45.9842527100,47.2158898200,5588337,280608330.1800,4.270000,-0.946700
2022-08-22,46.6799866500,47.8082038500,44.6585975000,46.0688690000,6072517,294538766.5500,4.639900,-2.429300
2022-08-23,46.0688690000,48.8894120000,45.7210020300,46.2192979600,6040465,302672477.5400,4.615400,0.326500
2022-08-24,46.3509233000,46.5201558800,43.0602898000,43.3423441000,7128103,334625088.9300,5.446500,-6.224600
2022-08-25,43.3799513400,44.3765432000,42.7124228300,43.5397821100,3562275,164910612.5300,2.721900,0.455500
2022-08-26,43.5773893500,44.4987667300,42.0448943200,42.8722536000,4574618,210768954.0900,3.495400,-1.533100
2022-08-29,42.0260907000,44.1508997600,41.7158309700,42.4491721500,5063654,230191936.4100,3.869100,-0.986800
2022-08-30,42.6372083500,42.7500300700,40.8038554000,41.0671060800,5182943,228350875.3500,3.960200,-3.255800
2022-08-31,40.2397468000,40.2397468000,36.3662010800,36.7986843400,14417006,578265058.1300,10.698600,-10.393800
2022-09-01,37.5884363800,38.3311793700,37.0337295900,37.4192038000,7538520,301398562.8000,5.594200,1.686300
2022-09-02,37.7952762000,38.0773305000,35.9055123900,36.8080861500,6394504,250168047.8500,4.745200,-1.633200
2022-09-05,36.6670590000,38.1713486000,36.1969685000,37.4756146600,5706305,227734466.3300,4.234500,1.813500
2022-09-06,37.8516870600,38.9799042600,36.8644970100,38.6602427200,6174945,250318496.4100,4.582300,3.161100
2022-09-07,38.5098137600,41.5936074400,38.1713486000,41.2457404700,8523794,366883307.8500,6.325300,6.687700
2022-09-08,40.9918916000,41.5089911500,39.2055477000,39.3465748500,5467256,232320060.2300,4.057100,-4.604500
2022-09-09,39.1303332200,39.7602544900,38.1525449800,38.6414391000,3515881,144284820.8600,2.609100,-1.792100
2022-09-13,38.8576807300,39.0175115000,37.5414273300,38.8764843500,4731058,192779009.1100,3.510800,0.608300
2022-09-14,38.4534029000,40.0517106000,38.1055359300,39.9576925000,5762069,241350863.4700,4.275900,2.781100
2022-09-15,39.6568345800,39.9294870700,38.0303214500,39.0739223600,6783250,280463574.3400,5.033700,-2.211800
2022-09-16,38.7354572000,39.2807621800,37.2311676000,37.5132219000,6674898,270350533.5300,4.953300,-3.994200
2022-09-19,37.1559531200,37.9833124000,36.5636390900,36.8362915800,4417404,174801387.9100,3.278100,-1.804500
2022-09-20,36.9491133000,39.3653784700,36.8362915800,38.1901522200,4374657,179126672.8700,3.246300,3.675300
2022-09-21,38.0303214500,39.2149495100,37.7012581000,38.1243395500,4028150,164894659.5600,2.989200,-0.172300
2022-09-22,37.7482671500,39.8730762100,37.2311676000,39.2807621800,4633902,192361911.1600,3.438700,3.033300
2022-09-23,39.1397350300,39.5910219100,37.4568110400,37.7200617200,5005654,202694014.9000,3.714600,-3.973200
2022-09-26,37.3251857000,38.8200734900,37.2311676000,38.1525449800,3540785,144252891.8800,2.627500,1.146600
2022-09-27,38.9234934000,39.9576925000,37.6260436200,39.5440128600,6301853,261991259.9000,4.676500,3.647100
2022-09-28,39.2995658000,40.6628282500,37.7764725800,38.0115178300,4416800,182762169.0000,3.277600,-3.875400
2022-09-29,38.6038318600,38.6978499600,36.9585151100,37.3815965600,4303770,171448048.5800,3.193700,-1.657200
2022-09-30,37.0149259700,37.2123639800,34.3918209800,34.5704553700,6258377,235317573.6800,4.644200,-7.520100
2022-10-10,34.3448119300,34.4952408900,32.4362445000,33.0567639600,4328980,153345320.4600,3.212500,-4.378600
2022-10-11,32.9063350000,33.7524979000,32.6242807000,33.2636037800,2462660,86841234.9400,1.827500,0.625700
2022-10-12,33.2824074000,35.4918327500,31.7123051300,34.9653313900,6610003,235557498.0800,4.905200,5.115900
2022-10-13,34.6080626100,36.3567992700,34.3260083100,35.2097784500,5314556,200169189.0100,3.943800,0.699100
2022-10-14,34.7866970000,35.8396997200,33.9593377200,35.3037965500,6673333,247535953.4900,4.952100,0.267000
2022-10-17,34.8807151000,35.5388418000,33.7524979000,34.5234463200,4001935,146582535.6300,2.969800,-2.210400
2022-10-18,34.6174644200,34.8807151000,33.5362562700,33.6866852300,5666762,205116846.0700,4.205200,-2.423700
2022-10-19,33.3858273100,34.4106246000,32.6148788900,32.7277006100,3570206,127192789.2800,2.649400,-2.846800
2022-10-20,32.4268426900,32.5960752700,30.6122933600,30.9319549000,7444437,246699758.4500,5.524400,-5.486900
2022-10-21,30.8943476600,32.5302626000,30.6499006000,30.7063114600,8643555,290725306.3300,6.414200,-0.729500
2022-10-24,30.9319549000,31.0071693800,29.1926200500,29.4652725400,7517458,240024685.2100,5.578600,-4.041600
2022-10-25,29.2302272900,30.0011757100,28.5909042100,29.4182634900,4241654,132040477.7500,3.147600,-0.159500
2022-10-26,29.2866381500,29.9353630400,28.6285114500,28.8917621300,7260684,226060691.7700,5.388000,-1.789700
2022-10-27,29.0986019500,29.4276653000,28.2148318100,28.2242336200,5152661,157022279.0000,3.823700,-2.310400
2022-10-28,28.0455992300,28.2712426700,26.3532734300,26.5695150600,6707648,193982906.2300,4.977600,-5.862800
2022-10-31,27.0302037500,27.8387594100,26.6071223000,27.1712309000,5538398,160478228.2900,4.109900,2.264700
2022-11-01,27.4532852000,29.2584327200,27.3122580500,29.2396291000,7359888,224074192.9400,5.461600,7.612500
2022-11-02,29.1550128100,30.2362209600,28.9387711800,29.8037377000,5304285,168231911.2200,3.936200,1.929300
2022-11-03,29.3430490100,31.1952055800,28.9669766100,30.6781060300,9268845,297015335.8600,6.878200,2.933800
2022-11-04,30.4806680200,33.2353983500,30.3678463000,33.0003531000,8991484,308004817.5600,6.672400,7.569700
2022-11-07,33.0285585300,33.2448001600,31.5994834100,32.0507702900,7757103,266458039.5600,5.756400,-2.877500
2022-11-08,32.2482083000,33.7242924700,31.9661540000,33.1883893000,7810943,274588710.9000,5.796300,3.549400
2022-11-09,33.0567639600,33.9405341000,32.7277006100,32.9345404300,4715208,166807757.2300,3.499100,-0.764900
2022-11-10,33.0379603400,33.6020689400,32.4456463100,32.6242807000,4355376,152185769.5900,3.232000,-0.942000
2022-11-11,33.6114707500,33.7336942800,32.2482083000,32.4080390700,3473114,121410720.1200,2.577300,-0.662800
2022-11-14,32.4832535500,32.7371024200,31.9755558100,32.2106010600,3214025,110327056.9200,2.385100,-0.609200
2022-11-15,32.2200028700,33.3482200700,32.0883775300,32.9533440500,2838324,99298986.1900,2.106300,2.305900
2022-11-16,32.8217187100,33.5550598900,32.0601721000,32.3798336400,3269559,113120774.1300,2.426300,-1.740400
2022-11-17,32.0601721000,32.6054770800,31.1952055800,31.6088852200,2849768,95664520.0500,2.114800,-2.381000
2022-11-18,31.7311087500,31.9473503800,31.2328128200,31.4396526400,1703195,57256675.7600,1.263900,-0.535400
2022-11-21,31.1670001500,32.0601721000,31.1387947200,31.5430725500,2165548,72873300.3600,1.607000,0.328900
2022-11-22,31.5806797900,32.2858155400,30.6593024100,31.4208490200,2868548,95681364.0500,2.128700,-0.387500
2022-11-23,31.2610182500,32.0507702900,30.5276770700,31.7405105600,2786875,92948054.3600,2.068100,1.017400
2022-11-24,31.8815377100,32.1541902000,31.3832417800,31.6652960800,2609283,88027814.1400,1.936300,-0.237000
2022-11-25,31.6652960800,31.9003413300,30.6875078400,30.8097313700,2483790,82447146.8500,1.843200,-2.701900
2022-11-28,30.6593024100,31.2798218700,30.3960517300,31.1670001500,1950295,64056797.2900,1.447300,1.159600
2022-11-29,30.9789639500,31.3832417800,30.7251150800,30.8379368000,2507404,82865582.8200,1.860700,-1.055800
2022-11-30,31.0071693800,31.1293929100,30.5558825000,30.7533205100,2175452,71143250.3600,1.614400,-0.274400
2022-12-01,31.1764019600,32.1823956300,30.6593024100,31.6840997000,2658552,89528751.0600,1.972900,3.026600
2022-12-02,31.6746978900,32.1071811500,31.3550363500,31.4114472100,1595604,53814769.6100,1.184100,-0.860500
2022-12-05,32.1541902000,32.2952173500,29.6251033100,30.2550245800,8586983,277936317.6300,6.372200,-3.681500
2022-12-06,30.1986137200,30.5370788800,29.4934779700,30.0669883800,3820505,122087568.7000,2.835100,-0.621500
2022-12-07,30.1139974300,30.6499006000,29.7379250300,29.7567286500,3470078,110893229.4400,2.575100,-1.031900
2022-12-08,29.7191214100,31.1199911000,29.2396291000,30.5652843100,4682617,151487538.1700,3.474900,2.717200
2022-12-09,30.2926318200,30.9977675700,30.1045956200,30.1045956200,3269077,105830942.5900,2.425900,-1.507200
2022-12-12,30.1233992400,30.3772481100,29.0986019500,29.2020218600,2848218,89182383.4800,2.113600,-2.998100
2022-12-13,29.3524508200,29.5028797800,28.4874843000,28.7601367900,2553880,78382817.8100,1.895200,-1.513200
2022-12-14,28.7131277400,29.0421910900,28.4122698200,28.5062879200,2413531,73460566.3000,1.791000,-0.882600
2022-12-15,28.6473150700,28.9481729900,28.3934662000,28.8259494600,1323848,40415980.9500,0.982400,1.121400
2022-12-16,28.8635567000,28.8635567000,28.3276535300,28.4592788700,1587317,48126994.2600,1.177900,-1.272000
2022-12-19,28.3088499100,28.6567168800,27.4532852000,27.6883304500,1964227,58264750.2700,1.457600,-2.709000
2022-12-20,27.3780707200,28.3464571500,27.3780707200,27.9703847500,2190783,65119203.0200,1.625700,1.018700
2022-12-21,28.1866263800,28.1866263800,27.3404634800,27.3780707200,1485187,43501155.5600,1.102100,-2.117600
2022-12-22,27.3592671000,27.5567051100,26.5601132500,26.7669530700,4271782,122298249.2200,2.998600,-2.232100
2022-12-23,26.7669530700,26.9079802200,26.2498535200,26.5601132500,2090265,58988280.3900,1.467300,-0.772700
2022-12-26,26.3438716200,28.1772245700,26.3062643800,27.8669648400,2887813,84658018.8900,2.027100,4.920400
2022-12-27,27.8575630300,28.8917621300,27.8575630300,28.7037259300,3275915,99057213.3500,2.299600,3.002700
2022-12-28,28.5250915400,29.0327892800,28.3182517200,28.7695386000,1967260,60173061.3700,1.381000,0.229300
2022-12-29,29.0045838500,29.0515929000,28.2054300000,28.2712426700,2141907,65193713.9100,1.503500,-1.732000
2022-12-30,28.4498770600,29.3148435800,27.0866146100,27.5379014900,4088295,122430118.1300,2.869800,-2.593900
2023-01-03,27.5567051100,30.1610064800,27.4532852000,30.0199793300,6274574,194402526.6000,4.404500,9.013300
2023-01-04,30.1798101000,30.1798101000,29.0233874700,29.2396291000,3604890,113506228.5300,2.530500,-2.599400
2023-01-05,29.5310852100,30.0763901900,28.9669766100,29.6345051200,3451459,108988455.0700,2.422800,1.350500
2023-01-06,29.7849340800,31.8063232300,29.4746743500,31.7687159900,6987534,231126779.2200,4.905000,7.201800
2023-01-09,31.8533322800,31.9661540000,30.9695621400,31.4678580700,5508839,183879531.2600,3.867000,-0.947000
2023-01-10,31.4678580700,31.7593141800,30.9037494700,30.9977675700,3146855,104457347.3800,2.209000,-1.493900
2023-01-11,30.8379368000,31.4678580700,30.4806680200,30.8849458500,2487297,81529935.1900,1.746000,-0.364000
2023-01-12,31.0259730000,31.3362327300,30.4430607800,30.9413567100,3592676,118037076.2800,2.521900,0.182600
2023-01-13,30.9507585200,31.0165711900,30.2362209600,30.4524625900,1766739,57373611.7900,1.240200,-1.580100
2023-01-16,30.4712662100,31.6652960800,30.2738282000,30.9413567100,3020433,99590971.6200,2.120200,1.605400
2023-01-17,31.2140092000,31.4678580700,30.8473386100,31.1387947200,1543501,51084338.8600,1.083500,0.638100
2023-01-18,31.1293929100,31.5900816000,30.6216951700,30.7439187000,1420967,46521235.1700,0.997500,-1.268100
2023-01-19,30.6404987900,31.1575983400,30.2738282000,31.0165711900,1283838,42009902.7100,0.901200,0.886900
2023-01-20,31.0165711900,31.7405105600,31.0071693800,31.6370906500,2431196,81179354.2000,1.706600,2.000600
2023-01-30,32.2764137300,32.5208607900,31.8721359000,32.0131630500,3431589,117292728.7300,2.408900,1.188700
2023-01-31,32.0319666700,32.5208607900,31.8721359000,32.2011992500,2816706,96694502.8100,1.977200,0.587400
2023-02-01,32.3046191600,32.4832535500,31.7875196100,32.3798336400,2032777,69616907.0500,1.426900,0.554700
2023-02-02,32.3986372600,32.7559060400,32.0695739100,32.1353865800,2628267,90478365.8600,1.845000,-0.754900
2023-02-03,32.1729938200,32.8405223300,31.8721359000,32.7747096600,2562625,87763457.7200,1.798900,1.989500
2023-02-06,32.6242807000,33.0943712000,32.2764137300,32.4362445000,2184441,75724524.8100,1.533400,-1.032700
2023-02-07,32.7653078500,32.7653078500,31.3268309200,31.7123051300,3456663,116855997.9500,2.426500,-2.231900
2023-02-08,31.7123051300,32.2952173500,31.4208490200,31.6840997000,1654369,56001130.7700,1.161300,-0.088900
2023-02-09,31.5900816000,32.5866734600,31.4960635000,32.3610300200,2258100,77640878.8700,1.585100,2.136500
2023-02-10,32.2106010600,32.5302626000,31.4020454000,31.6652960800,2076651,70280764.0700,1.457700,-2.149900
2023-02-13,31.5712779800,32.5208607900,31.4208490200,32.2482083000,2010973,68710963.0900,1.411600,1.840900
2023-02-14,32.5302626000,32.5490662200,31.9003413300,32.1071811500,1032729,35290834.3400,0.724900,-0.437300
2023-02-15,32.2482083000,33.0849693900,31.9567521900,32.7182988000,2349510,81488265.7300,1.649300,1.903400
2023-02-16,32.7088969900,33.0003531000,31.5900816000,32.0413684800,2206240,76010404.8400,1.548700,-2.069000
2023-02-17,32.1071811500,32.3328245900,30.3960517300,30.3960517300,3451352,113399973.3800,2.422700,-5.135000
2023-02-20,30.5182752600,30.8003295600,29.8977558000,30.6404987900,1705389,54982105.9900,1.197100,0.804200
2023-02-21,30.5840879300,32.0319666700,30.4806680200,31.5336707400,2203766,73478102.2400,1.547000,2.915000
2023-02-22,31.3644381600,32.7747096600,31.2140092000,32.0977793400,3060274,104866268.1900,2.148200,1.788900
2023-02-23,31.9473503800,32.7653078500,31.8909395200,32.5866734600,2646338,91345878.9400,1.857600,1.523100
2023-02-24,32.7182988000,33.6866852300,32.4362445000,33.3952291200,4621843,163882082.4700,3.244400,2.481200
2023-02-27,33.5644617000,34.4106246000,32.2952173500,32.6242807000,5203661,184230532.3100,3.652800,-2.308600
2023-02-28,32.5866734600,33.4328363600,32.2670119200,33.3388182600,2537254,88848003.7800,1.781100,2.190200
2023-03-01,33.4516399800,34.6738752800,33.2165947300,34.4858390800,3413282,123919599.8400,2.396000,3.440500
2023-03-02,34.3636155500,35.4260200800,34.0909630600,34.7020807100,3573013,133124491.0900,2.508100,0.627000
2023-03-03,34.5986608000,35.7174761900,34.4576336500,35.0499476800,3130320,117097885.6300,2.197400,1.002400
2023-03-06,35.3131983600,35.3508056000,34.1285703000,34.7396879500,2983224,110095636.0700,2.094100,-0.885200
2023-03-07,34.4952408900,34.9653313900,32.6712897500,32.8499241400,6668161,238704167.4900,4.680800,-5.439800
2023-03-08,32.9251386200,33.7995069500,32.5302626000,32.8969331900,4324913,151714840.3600,3.035900,0.143100
2023-03-09,33.1601838700,33.1601838700,31.8815377100,32.2388064900,3285577,113179548.4300,2.306400,-2.000600
2023-03-10,32.1917974400,32.3328245900,30.4712662100,30.4712662100,5794694,192638455.7700,4.067700,-5.482600
2023-03-13,30.8097313700,31.6558942700,30.7533205100,31.0259730000,4207557,140103730.0500,2.953600,1.820400
2023-03-14,30.9131512800,31.7217069400,30.1798101000,31.3362327300,3294318,108671349.1100,2.312500,1.000000
2023-03-15,31.3456345400,32.6054770800,31.2234110100,31.4490544500,4099804,139448267.3600,2.877900,0.360000
2023-03-16,31.2798218700,32.1823956300,31.1670001500,31.4584562600,3103588,104635582.6500,2.178600,0.029900
2023-03-17,31.4396526400,32.5302626000,31.4396526400,31.9567521900,3247659,110462624.9400,2.279700,1.584000
2023-03-20,31.7499123700,32.4362445000,30.9601603300,31.6182870300,2442959,81860768.6100,1.714900,-1.059100
2023-03-21,31.7969214200,32.4174408800,31.5054653100,32.2106010600,2066578,70372234.7500,1.450700,1.873300
2023-03-22,32.2388064900,32.4362445000,31.8721359000,31.9943594300,1434666,48978259.9800,1.007100,-0.671300
2023-03-23,31.9661540000,31.9661540000,30.7627223200,31.0541784300,2297795,76193020.1600,1.613000,-2.938600
2023-03-24,31.1858037700,31.3174291100,30.8191331800,31.0635802400,1407113,46400326.7000,0.987700,0.030300
2023-03-27,30.9319549000,31.2892236800,30.4618644000,31.0635802400,1585652,52105434.0800,1.113100,0.000000
2023-03-28,31.2610182500,31.2610182500,29.4182634900,29.5592906400,3473009,110635378.1800,2.437900,-4.842600
2023-03-29,29.5874960700,29.9823720900,29.1926200500,29.1926200500,1450386,45530880.3700,1.018100,-1.240500
2023-03-30,29.4276653000,29.4746743500,28.9011639400,29.1362091900,1230241,38146747.8300,0.863600,-0.193200
2023-03-31,29.3336472000,30.0857920000,29.0515929000,29.4840761600,1507655,47496329.3300,1.058300,1.193900
2023-04-03,29.4840761600,30.0763901900,29.3336472000,29.6533087400,2320388,73147272.9500,1.628800,0.574000
2023-04-04,29.6533087400,29.7755322700,28.8541548900,28.8541548900,2353425,72759653.8200,1.652000,-2.695000
2023-04-06,28.8447530800,29.7097196000,28.6755205000,29.5686924500,2552338,80066577.6600,1.791700,2.476400
2023-04-07,29.6909159800,30.5558825000,29.4464689200,29.9823720900,2837464,90674823.9500,1.991800,1.399000
2023-04-10,30.0763901900,30.6216951700,29.5216834000,29.7943358900,2921756,93441166.5300,2.051000,-0.627200
2023-04-11,29.7097196000,29.8131395100,29.4934779700,29.5686924500,1267431,39884146.7300,0.889700,-0.757300
2023-04-12,29.5686924500,29.8225413200,28.7695386000,29.1456110000,1904972,58943622.1700,1.337200,-1.430800
2023-04-13,29.3712544400,29.8507467500,29.2866381500,29.6062996900,1660063,52321245.8700,1.165300,1.580600
2023-04-14,29.6062996900,29.7943358900,29.1644146200,29.3524508200,1612232,50469019.8100,1.131700,-0.857400
2023-04-17,29.1268073800,30.0857920000,29.1080037600,29.8319431300,1808366,57451991.5700,1.269400,1.633600
2023-04-18,29.8977558000,30.0857920000,29.5216834000,29.9447648500,1470322,46755809.5100,1.032100,0.378200
2023-04-19,29.8131395100,30.2926318200,29.6627105500,29.7943358900,1355658,43103058.2600,0.951600,-0.502400
2023-04-20,29.7943358900,29.9165594200,29.0421910900,29.0703965200,1560316,48714128.1300,1.095300,-2.429800
2023-04-21,29.1832182400,30.0951938100,28.8729585100,28.9575748000,2121513,66658089.4000,1.489200,-0.388100
2023-04-24,28.9763784200,29.4088616800,28.2336354300,29.3900580600,1946290,60044013.4400,1.366200,1.493500
2023-04-25,29.1832182400,29.7943358900,28.6097078300,29.2772363400,1704153,52680489.3700,1.196300,-0.383900
2023-04-26,29.0515929000,30.8285349900,28.8917621300,30.1045956200,3283320,104967554.2100,2.304800,2.825900
2023-04-27,30.3208372500,31.2422146300,29.7379250300,31.0165711900,3697161,120232381.4400,2.595300,3.029400
2023-04-28,30.8379368000,31.7499123700,30.2644263900,31.6652960800,2601582,85688832.0600,1.826200,2.091500
2023-05-04,30.8849458500,31.8063232300,30.6216951700,31.2328128200,2625865,86683139.3400,1.843100,-1.365800
2023-05-05,31.2516164400,31.3644381600,29.9165594200,30.3020336300,1872440,60512790.3400,1.314300,-2.980100
2023-05-08,30.4336589700,34.2789992600,30.0951938100,32.9063350000,7832804,272996618.0000,5.497800,8.594500
2023-05-09,32.9157368100,33.3576218800,32.3892354500,32.5584680300,3229394,112586911.1100,2.266700,-1.057100
2023-05-10,32.5114589800,33.4234345500,32.0601721000,32.8029150900,2543460,88916739.9100,1.785200,0.750800
2023-05-11,32.8123169000,33.2353983500,31.9849576200,33.2353983500,2300302,79919228.5600,1.614600,1.318400
2023-05-12,33.0943712000,33.8371141900,32.2952173500,32.3516282100,2312442,81123200.1600,1.623100,-2.659100
2023-05-15,32.3610300200,35.3978146500,32.2482083000,34.3166065000,6645976,242849398.6700,4.664800,6.073800
2023-05-16,33.9029268600,34.3260083100,33.2824074000,33.6302743700,3459160,123882126.2900,2.428000,-2.000000
2023-05-17,33.3764255000,33.5080508400,31.9755558100,32.7277006100,3451132,119935137.3500,2.422300,-2.683800
2023-05-18,32.7277006100,32.9721476700,31.7029033200,32.3610300200,2569090,88334804.6100,1.803200,-1.120400
2023-05-19,32.3610300200,32.6900933700,31.9285467600,32.1635920100,1765018,60515725.1400,1.238900,-0.610100
2023-05-22,32.3422264000,33.3764255000,32.0789757200,32.4738517400,2478995,86364879.3800,1.740000,0.964600
2023-05-23,32.3422264000,32.4832535500,31.4960635000,31.6370906500,2004551,67801093.5100,1.407000,-2.576700
2023-05-24,31.6370906500,32.4738517400,31.4114472100,32.1259847700,1537480,52674819.2700,1.079100,1.545300
2023-05-25,32.0037612400,33.2636037800,31.8063232300,33.1977911100,2801882,97979681.8700,1.966600,3.336300
2023-05-26,33.0567639600,33.0567639600,29.4276653000,31.7687159900,7907989,257778875.9700,5.550600,-4.304700
2023-05-29,31.2234110100,31.3550363500,30.1233992400,31.0259730000,3959242,129231024.1700,2.779000,-2.338000
2023-05-30,30.6687042200,31.6182870300,30.6028915500,31.5900816000,1771764,58783252.5800,1.243600,1.818200
2023-05-31,31.4208490200,32.3892354500,31.3362327300,31.6652960800,1750196,59411210.9200,1.228400,0.238100
2023-06-01,31.6370906500,32.1541902000,31.2610182500,31.2704200600,1258973,42394502.3100,0.883700,-1.247000
2023-06-02,31.3080273000,32.2482083000,31.0353748100,31.5054653100,1435173,48384364.2500,1.007300,0.751700
2023-06-05,31.7781178000,31.7781178000,30.4712662100,30.7439187000,1768481,57886322.5500,1.241300,-2.417200
2023-06-06,30.6216951700,30.9789639500,30.3772481100,30.6499006000,919172,29956506.2000,0.645200,-0.305800
2023-06-07,30.4712662100,30.9507585200,30.0857920000,30.3208372500,1728473,56137765.2500,1.213200,-1.073600
2023-06-08,30.1892119100,31.0447766200,30.0951938100,30.1798101000,1196154,38797277.2500,0.839600,-0.465100
2023-06-09,30.3037146000,31.4472510000,30.1226546700,31.4472510000,1511901,48927630.6300,1.061200,4.199600
2023-06-12,31.1613669000,31.2566616000,29.8367705700,30.5610102900,1878232,59975766.0500,1.318300,-2.818200
2023-06-13,30.4275977100,30.9421890900,30.0845367900,30.6563049900,784160,25272738.8100,0.550400,0.311800
2023-06-14,30.5991281700,31.9523129100,30.5895987000,30.9517185600,2298624,75593432.0600,1.613400,0.963600
2023-06-15,30.8945417400,31.5616046400,30.8850122700,31.5520751700,1367258,45028095.7900,0.959700,1.939700
2023-06-16,31.5234867600,31.8474887400,31.2280731900,31.6187814600,1419805,47020617.7700,0.996500,0.211400
2023-06-19,31.4948983500,32.1238433700,31.3519563000,31.6759582800,1512628,50467894.7400,1.061700,0.180800
2023-06-20,31.5520751700,31.7712529800,30.9898364400,31.4281920600,1687247,55393214.6000,1.184300,-0.782200
2023-06-21,31.5520751700,31.6854877500,30.7897175700,30.9040712100,1355542,44165353.2400,0.951400,-1.667700
2023-06-26,29.0458245600,30.7420702200,29.0267656200,29.9511242100,2180951,68475464.6000,1.182000,-3.083600
2023-06-27,29.9225358000,30.3894798300,29.7319464000,29.7986526900,1548437,48626631.4300,0.839200,-0.509100
2023-06-28,29.7605348100,29.9892420900,29.3507676000,29.6938285200,2078831,64684282.6400,1.126600,-0.351800
2023-06-29,29.7414758700,30.1035957300,29.5413570000,29.7319464000,1338824,41776001.9000,0.725600,0.128400
2023-06-30,29.8463000400,31.1804258400,29.7319464000,30.7039523400,3245750,104630982.4500,1.759000,3.269200
2023-07-03,31.0374837900,31.0660722000,30.4085387700,30.8564238600,2052250,66264600.4800,1.112200,0.496600
2023-07-04,30.9707775000,30.9707775000,30.2655967200,30.3323030100,1930876,61758123.2700,1.046400,-1.698600
2023-07-05,30.3799503600,30.5419513500,30.0178305000,30.4180682400,1153171,36705305.1700,0.625000,0.282800
2023-07-06,30.4943040000,30.5228924100,29.8748884500,29.9130063300,1206482,38040196.3900,0.653800,-1.660400
2023-07-07,29.9797126200,30.4180682400,29.4651212400,29.8558295100,1072261,33775671.3200,0.581100,-0.191100
2023-07-10,29.8844179200,30.2655967200,29.8367705700,30.0750073200,884426,27901082.0700,0.479300,0.734100
2023-07-11,30.1035957300,31.0184248500,30.0368894400,30.8373649200,1969354,63328569.0300,1.067300,2.534900
2023-07-12,30.8373649200,30.8373649200,30.1512430800,30.1607725500,1020497,32578552.7100,0.553100,-2.194100
2023-07-13,30.3132440700,30.5991281700,29.9987715600,30.4847745300,947792,30196688.3400,0.513700,1.074200
2023-07-14,30.4466566500,30.4466566500,29.9511242100,29.9701831500,822500,25972456.1500,0.445800,-1.688000
2023-07-17,29.8748884500,30.3990093000,29.8272411000,29.9415947400,1118558,35263067.6700,0.606200,-0.095400
2023-07-18,29.9415947400,30.6467755200,29.9320652700,30.4466566500,1848248,58928023.5900,1.001700,1.686800
2023-07-19,30.6086576400,30.6086576400,30.2179493700,30.2846556600,1272620,40524314.0700,0.689700,-0.532100
2023-07-20,30.3513619500,30.8278354500,29.9034768600,30.1703020200,1495221,47749045.0600,0.810300,-0.377600
2023-07-21,30.3799503600,30.6848934000,30.1703020200,30.3990093000,2226977,71214806.3000,1.206900,0.758100
2023-07-24,30.5895987000,30.7420702200,30.1131252000,30.2941851300,1290463,41142312.5100,0.699400,-0.344800
2023-07-25,30.5514808200,30.8945417400,30.3704208900,30.6467755200,1133060,36497080.0800,0.614100,1.163900
2023-07-26,30.8659533300,30.8659533300,30.3418324800,30.4752450600,856752,27450542.2900,0.464300,-0.559700
2023-07-27,30.5705397600,31.3519563000,30.2941851300,30.9898364400,2040383,66303730.1300,1.105800,1.688600
2023-07-28,31.1327784900,31.1327784900,29.5508864700,29.9892420900,2764791,87309864.6700,1.498400,-3.228800
2023-07-31,30.0273599700,31.0565427300,29.9892420900,31.0279543200,2586535,83472036.0000,1.401800,3.463600
2023-08-01,31.4186625900,31.4186625900,30.4752450600,30.5514808200,1986962,63952180.4900,1.076800,-1.535600
2023-08-02,30.5514808200,30.6086576400,29.9320652700,30.0940662600,1546570,48940474.0800,0.838200,-1.497200
2023-08-03,30.0940662600,30.6848934000,29.8939473900,30.5800692300,1226379,39004690.8400,0.664600,1.614900
2023-08-04,30.4085387700,31.0374837900,30.4085387700,30.8659533300,2627580,84928135.7800,1.424000,0.934900
2023-08-07,30.6467755200,30.8373649200,30.2274788400,30.5895987000,1201901,38424733.0300,0.651400,-0.895300
2023-08-08,30.4085387700,30.8183059800,30.2465377800,30.2751261900,1235085,39451282.5100,0.669400,-1.028000
2023-08-09,30.2179493700,30.3608914200,29.9701831500,30.3513619500,681521,21552861.4000,0.369300,0.251800
2023-08-10,30.3037146000,30.6944228700,30.1893609600,30.5991281700,1004081,32157408.3200,0.544200,0.816300
2023-08-11,30.7706586300,31.0374837900,30.3132440700,30.3704208900,1937176,62309879.6700,1.049800,-0.747400
2023-08-14,30.2751261900,30.5419513500,29.7319464000,30.4847745300,1202970,38031655.6400,0.651900,0.376500
2023-08-15,30.4847745300,30.7039523400,29.9225358000,30.1988904300,1413932,44987875.5200,0.766300,-0.937800
2023-08-16,30.0845367900,30.3799503600,29.9225358000,30.0178305000,1568177,49497569.5100,0.849900,-0.599600
2023-08-17,29.8653589800,30.2655967200,29.8653589800,30.0178305000,756541,23854482.8300,0.410000,0.000000
2023-08-18,30.3513619500,30.4657155900,29.9225358000,30.0178305000,1206195,38167399.9400,0.653700,0.000000
2023-08-21,30.2941851300,30.3894798300,29.8844179200,29.9606536800,1629237,51452908.1200,0.883000,-0.190500
2023-08-22,29.8558295100,30.1988904300,29.5985338200,29.6842990500,1568079,49078476.1700,0.849800,-0.922400
2023-08-23,29.5413570000,29.6175927600,28.9219414500,28.9695888000,1098106,33499172.0300,0.595100,-2.407700
2023-08-24,28.9600593300,29.9130063300,28.9505298600,29.2078255500,1608230,49613977.0700,0.871600,0.822400
2023-08-25,29.2078255500,29.4460623000,28.4931153000,28.5884100000,2233994,67932589.5000,1.210700,-2.120700
2023-08-28,30.0559483800,30.2655967200,28.8742941000,29.0267656200,2423384,75008385.7700,1.313300,1.533300
2023-08-29,28.8742941000,29.6842990500,28.8742941000,29.2554729000,2241465,69047090.4600,1.214800,0.787900
2023-08-30,29.6461811700,29.7605348100,29.0648835000,29.3221791900,1523208,47100366.6100,0.825500,0.228000
2023-08-31,29.1697076700,29.4174738900,28.1691133200,28.6837047000,2282714,68383489.3600,1.237100,-2.177400
2023-09-01,28.9314709200,29.8081821600,28.2548785500,29.4937096500,1627682,49586102.8400,0.882100,2.823900
2023-09-04,29.4937096500,30.1607725500,29.3317086600,30.0654778500,2044328,64053740.9700,1.107900,1.938600
2023-09-05,29.8367705700,30.1417136100,29.5222980600,29.5413570000,1555404,48555087.1500,0.842900,-1.743300
2023-09-06,29.4460623000,29.6175927600,29.2078255500,29.2650023700,1613082,49695809.1400,0.874200,-0.935500
2023-09-07,29.4460623000,29.4460623000,29.0172361500,29.1125308500,1363139,41707816.4500,0.738700,-0.521000
2023-09-08,28.9410003900,29.5890043500,28.9410003900,29.4079444200,788675,24247258.4600,0.427400,1.014700
2023-09-11,29.5318275300,29.7700642800,29.3507676000,29.5604159400,746496,23141935.8400,0.404600,0.518500
2023-09-12,29.5508864700,29.6747695800,29.3031202500,29.3031202500,596500,18449670.4200,0.323300,-0.870400
2023-09-13,29.4270033600,29.4270033600,28.6265278800,28.7885288700,978463,29680073.6700,0.530300,-1.756100
2023-09-14,28.6265278800,29.0077066800,28.3406437800,28.6169984100,1382723,41355866.8700,0.749400,-0.595800
2023-09-15,28.7408815200,29.0553540300,28.3215848400,29.0553540300,1416818,42602338.6200,0.767800,1.531800
2023-09-18,28.9695888000,29.2364139600,28.4264090100,28.7027636400,1549383,46724891.4900,0.839700,-1.213500
2023-09-19,28.7218225800,28.7218225800,28.3787616600,28.6551162900,799154,23935435.8800,0.433100,-0.166000
2023-09-20,28.4073500700,28.7122931100,28.3692321900,28.5598215900,584699,17531373.3500,0.316900,-0.332600
2023-09-21,28.4454679500,28.7980583400,28.0833480900,28.4931153000,1188368,35426254.4500,0.644000,-0.233600
2023-09-22,28.5979394700,28.8266467500,28.1977017300,28.7313520500,966306,28979713.2400,0.523700,0.836100
2023-09-25,28.6074689400,28.9410003900,28.6074689400,28.7599404600,1007826,30422179.1000,0.546200,0.099500
2023-09-26,28.7599404600,29.0267656200,28.5884100000,28.9314709200,774841,23442701.8700,0.419900,0.596400
2023-09-27,28.9695888000,29.7224169300,28.8266467500,29.3793560100,1430095,44171966.3100,0.775000,1.548100
2023-09-28,29.3126497200,29.4460623000,28.5026447700,28.6169984100,1861329,56423077.5000,1.008700,-2.594900
2023-10-09,28.7313520500,29.3888854800,28.3025259000,29.0172361500,1458629,44234531.4200,0.790500,1.398600
2023-10-10,29.2554729000,29.3984149500,28.8266467500,29.0172361500,1079180,32970611.4900,0.584900,0.000000
2023-10-11,29.2364139600,29.2554729000,28.6455868200,28.7218225800,938044,28439963.9100,0.508400,-1.018100
2023-10-12,28.8361762200,29.2078255500,28.7789994000,29.0077066800,849456,25840914.8100,0.460400,0.995400
2023-10-13,29.5032391200,29.5032391200,28.7885288700,29.1601782000,919401,28037882.9800,0.498300,0.525600
2023-10-16,29.0553540300,29.2554729000,28.6169984100,28.8552351600,1062555,32118526.7000,0.575800,-1.045800
2023-10-17,28.8933530400,29.2078255500,28.7504109900,29.1125308500,889095,27099572.2500,0.481800,0.891700
2023-10-18,29.0362950900,29.1411192600,28.7122931100,28.7789994000,716854,21669697.0700,0.388500,-1.145700
2023-10-19,28.6932341700,28.9410003900,27.7974639900,28.2358196100,964145,28585615.3700,0.522500,-1.887400
2023-10-20,28.4264090100,29.0267656200,27.9213471000,28.5026447700,1666133,50128986.4700,0.903000,0.945000
2023-10-23,28.5884100000,28.8838235700,28.1309954400,28.4264090100,1362287,40777285.2800,0.738300,-0.267500
2023-10-24,28.7027636400,29.1315897900,28.4931153000,28.7408815200,1651435,49796666.0100,0.895000,1.106300
2023-10-25,29.0458245600,29.0458245600,28.5598215900,28.6455868200,1088748,32767739.6800,0.590000,-0.331600
2023-10-26,28.7313520500,28.8266467500,28.3120553700,28.7408815200,976218,29318706.7200,0.529100,0.332700
2023-10-27,28.7885288700,28.8171172800,28.5217037100,28.6837047000,1205681,36324017.2800,0.653400,-0.198900
2023-10-30,28.5502921200,28.6837047000,27.9785239200,28.1309954400,1908157,56424323.1900,1.034100,-1.926900
2023-10-31,28.1881722600,28.2929964300,27.9499355100,28.1119365000,1012979,29860222.1200,0.549000,-0.067800
2023-11-01,28.1119365000,28.7504109900,28.0452302100,28.3787616600,1540938,46068954.3100,0.835100,0.949200
2023-11-02,28.4835858300,28.5788805300,28.2834669600,28.3597027200,803496,24004352.3200,0.435500,-0.067200
2023-11-03,28.3692321900,28.7122931100,28.2834669600,28.2834669600,1125349,33599342.0100,0.609900,-0.268800
2023-11-06,28.4931153000,28.7980583400,28.4168795400,28.5693510600,1219571,36603781.7100,0.660900,1.010800
2023-11-07,28.6265278800,28.6741752300,28.2834669600,28.4740563600,782747,23378700.6700,0.424200,-0.333600
2023-11-08,28.5884100000,28.6551162900,27.8927586900,28.0166418000,2151917,63501426.9100,1.166200,-1.606400
2023-11-09,28.1214659700,28.2453490800,27.6545219400,28.2358196100,1710152,50239533.9900,0.926800,0.782300
2023-11-10,28.2358196100,28.3120553700,27.8355818700,28.2072312000,864825,25461716.5000,0.468700,-0.101200
2023-11-13,28.3025259000,28.3025259000,27.9022881600,28.2644080200,857830,25287217.3600,0.464900,0.202700
2023-11-14,28.1786427900,28.4549974200,28.1595838500,28.3692321900,1125001,33449395.2800,0.609700,0.370900
2023-11-15,28.5788805300,28.7789994000,28.1214659700,28.1977017300,1814146,54000418.2700,0.983200,-0.604600
2023-11-16,28.2834669600,28.2834669600,27.9308765700,27.9880533900,916082,26941675.1800,0.496500,-0.743500
2023-11-17,27.9308765700,28.1024070300,27.8355818700,27.8927586900,799134,23427634.6700,0.433100,-0.340500
2023-11-20,27.9308765700,28.1119365000,27.6068745900,27.8355818700,1806378,52645322.9400,0.979000,-0.205000
2023-11-21,27.8927586900,27.9213471000,27.6354630000,27.7784050500,1429520,41689084.3000,0.774700,-0.205400
2023-11-22,27.6926398200,27.6926398200,27.0636948000,27.5020504200,1923859,55341799.1700,1.042600,-0.994900
2023-11-23,27.4067557200,27.5401683000,27.1304010900,27.3495789000,1274033,36548664.3000,0.690500,-0.554400
2023-11-24,27.3495789000,27.4544030700,27.0827537400,27.3876967800,1077162,30852517.8000,0.583800,0.139400
2023-11-27,27.6926398200,28.0928775600,27.4258146600,27.9213471000,3314409,96967492.9500,1.796200,1.948500
2023-11-28,27.9880533900,28.3882911300,27.6449924700,28.2548785500,2487599,73467058.7100,1.348100,1.194500
2023-11-29,28.1691133200,28.3501732500,27.8641702800,27.9213471000,1751300,51699352.4700,0.949100,-1.180400
2023-11-30,27.9975828600,28.0928775600,27.8069934600,27.9404060400,1225513,35998352.3700,0.664200,0.068300
2023-12-01,27.9404060400,28.2072312000,27.8736997500,27.9975828600,1189466,34985926.2400,0.644600,0.204600
2023-12-04,27.9689944500,28.2834669600,26.5872213000,27.1304010900,3334958,95959298.9400,1.807400,-3.097300
2023-12-05,27.1685189700,27.9022881600,27.0732242700,27.1018126800,2609931,75155970.0800,1.414400,-0.105400
2023-12-06,26.9493411600,27.6831103500,26.8063991100,26.9874590400,3745111,107356697.1200,2.029700,-0.421900
2023-12-07,26.9207527500,27.0636948000,26.2632193200,26.4252203100,4630089,129055666.5500,2.509300,-2.083300
2023-12-08,26.5109855400,27.1494600300,26.1107478000,26.2632193200,6703592,186512083.7400,3.633000,-0.613100
2023-12-11,26.3585140200,27.4258146600,26.2632193200,27.2161663200,3305482,92959610.3400,1.791400,3.628400
2023-12-12,27.5020504200,27.5020504200,26.9493411600,27.1494600300,1133883,32280883.1500,0.614500,-0.245100
2023-12-13,27.1018126800,27.1018126800,26.6158097100,26.6825160000,1186310,33326086.9600,0.642900,-1.719900
2023-12-14,26.7873401700,27.2161663200,26.6920454700,27.0065179800,1219456,34643132.7500,0.660900,1.214300
2023-12-15,26.8445169900,27.5020504200,26.8445169900,26.9969885100,1012153,28910684.0400,0.548500,-0.035300
2023-12-18,26.9684001000,27.2638136700,26.7015749400,26.9493411600,904595,25572544.9700,0.490200,-0.176500
2023-12-19,26.8159285800,27.1780484400,26.7301633500,27.0922832100,752536,21310458.2100,0.407800,0.530400
2023-12-20,27.2161663200,27.3019315500,26.7396928200,26.8349875200,1062532,30112227.1300,0.575800,-0.949700
2023-12-21,26.9874590400,27.1208716200,26.7396928200,27.0065179800,1182554,33394708.7000,0.640900,0.639200
2023-12-22,26.9016938100,27.3781673100,26.2060425000,27.1685189700,1818272,51249935.4300,0.985400,0.599900
2023-12-25,27.1685189700,27.6259335300,27.1589895000,27.4639325400,1266754,36521683.5100,0.686500,1.087300
2023-12-26,27.4734620100,27.5496977700,27.2447547300,27.2733431400,734519,21123721.6200,0.398100,-0.694000
2023-12-27,27.2638136700,27.5211093600,26.8540464600,27.0351063900,867491,24678772.7300,0.470100,-0.873500
2023-12-28,26.9493411600,27.7021692900,26.8635759300,27.3495789000,1978646,56748147.8800,1.072300,1.163200
2023-12-29,27.2828726100,27.5401683000,26.9779295700,27.2733431400,1728308,49466955.5900,0.936700,-0.278700
2024-01-02,27.0255769200,27.3876967800,26.8635759300,26.8731054000,1347496,38278129.7400,0.730300,-1.467500
2024-01-03,26.8159285800,27.0922832100,26.7301633500,26.7778107000,1322671,37320889.5000,0.716800,-0.354600
2024-01-04,27.0065179800,27.0065179800,26.3775729600,26.5109855400,1200463,33471796.7500,0.650600,-0.996400
2024-01-05,26.4919266000,26.7396928200,26.1488656800,26.1583951500,1349148,37262755.4500,0.731200,-1.330000
2024-01-08,26.1583951500,26.1583951500,25.3769786100,25.3769786100,2101209,56753353.0900,1.138700,-2.987200
2024-01-09,25.5008617200,25.6342743000,25.0243882200,25.4246259600,1972722,52354360.7900,1.069100,0.187800
2024-01-10,25.4436849000,25.5485090700,24.7003862400,24.7003862400,2370979,62217815.0700,1.284900,-2.848600
2024-01-11,24.6336799500,25.1101534500,24.5002673700,24.6146210100,2424426,62937860.9500,1.313900,-0.347200
2024-01-12,24.7575630600,24.7575630600,24.0714412200,24.3954432000,2324829,59488216.5100,1.259900,-0.890400
2024-01-15,24.3096779700,24.6336799500,24.1095591000,24.1476769800,1541549,39252281.0000,0.835400,-1.015600
2024-01-16,24.1000296300,24.2048538000,23.5854382500,24.0523822800,1859493,46554174.9900,1.007700,-0.394600
2024-01-17,24.0714412200,24.2239127400,23.6235561300,23.6330856000,857181,21560483.2800,0.460900,-1.743300
2024-01-18,23.5759087800,24.0142644000,23.1470826300,23.9475581100,2158389,53337749.7000,1.160700,1.330600
2024-01-19,24.0333233400,24.1476769800,23.6235561300,23.6426150700,1222625,30565453.0600,0.657500,-1.273400
2024-01-22,23.6140266600,23.8903812900,22.7563743600,22.8326101200,1335513,32800435.2900,0.718200,-3.426000
2024-01-23,22.8326101200,23.4139077900,22.5086081400,23.2042594500,1469480,35611043.5300,0.790200,1.627700
2024-01-24,23.1375531600,23.3853193800,22.4895492000,23.3186130900,1451605,34902617.5900,0.780600,0.492800
2024-01-25,23.1184942200,23.9570875800,23.0708468700,23.9380286400,1510548,37549779.5900,0.812300,2.656300
2024-01-26,23.8999107600,24.3477958500,23.7664981800,24.3287369100,1421546,35915853.8600,0.764400,1.632200
2024-01-29,24.5288557800,24.6717978300,23.9189697000,24.0142644000,1662212,42514003.8700,0.893800,-1.292600
2024-01-30,23.8617928800,24.0428528100,23.2709657400,23.5854382500,1740056,43257338.7800,0.935700,-1.785700
2024-01-31,23.4234372600,24.2810895600,23.0708468700,23.9666170500,2075407,51735702.6600,1.116000,1.616200
2024-02-01,23.8903812900,23.8903812900,22.6420207200,23.1756710400,3264494,79021560.6400,1.755400,-3.300200
2024-02-02,23.1756710400,23.2233183900,21.3460128000,22.8707280000,3729380,87541318.2400,2.005400,-1.315800
2024-02-05,22.9374342900,25.6152153600,21.1077760500,24.2048538000,5909499,143848551.9500,3.177800,5.833300
2024-02-06,23.9189697000,25.4913322500,23.4901435500,25.0148587500,3997150,104280335.0900,2.149400,3.346500
2024-02-07,25.1101534500,26.1965130300,24.9005051100,25.7295690000,8069978,217679498.4400,4.339500,2.857100
2024-02-08,26.2060425000,27.6259335300,25.7295690000,25.9201584000,8812115,247253165.6000,4.738600,0.740700
2024-02-19,26.2060425000,26.2060425000,23.9666170500,24.5002673700,6723030,174151665.5800,3.615200,-5.477900
2024-02-20,24.5193263100,24.7003862400,23.7950865900,24.4907379000,4267915,107896687.2300,2.295000,-0.038900
2024-02-21,24.3001485000,24.9672114000,23.9666170500,24.4240316100,2837675,72983379.6900,1.525900,-0.272400
2024-02-22,24.3001485000,24.6622683600,23.8236750000,24.5383852500,3923553,99460732.4400,2.109900,0.468200
2024-02-23,24.3573253200,24.6050915400,24.1095591000,24.4907379000,2859657,72891589.4500,1.537800,-0.194200
2024-02-26,25.6152153600,25.6819216500,24.8337988200,25.1863892100,3038159,80372164.0500,1.633700,2.840500
2024-02-27,25.2435660300,25.6628627100,25.0625061000,25.4722733100,3766313,99927527.1000,2.025300,1.135100
2024-02-28,25.4722733100,25.8058047600,25.3198017900,25.5199206600,3609722,96765569.2900,1.941100,0.187100
2024-02-29,25.2340365600,26.4728676600,25.1863892100,26.4538087200,3213364,87457877.2800,1.728000,3.659400
2024-03-01,26.2060425000,26.5872213000,26.0154531000,26.5205150100,2404832,66428963.6800,1.293200,0.252200
2024-03-04,26.6634570600,26.9588706300,26.1107478000,26.3680434900,2449597,68138450.3800,1.317200,-0.574900
2024-03-05,26.5014560700,27.1208716200,26.2536898500,26.8254580500,2730096,76537950.0000,1.468100,1.734700
2024-03-06,26.9684001000,27.9022881600,26.6825160000,27.2542842000,2033692,58183723.8200,1.093600,1.598600
2024-03-07,27.6259335300,27.6259335300,26.6825160000,26.6825160000,1739572,49222756.0600,0.935400,-2.097900
2024-03-08,27.0160474500,27.1018126800,26.6062802400,27.0065179800,1202829,33928071.6400,0.646800,1.214300
2024-03-11,27.1113421500,27.5115798900,26.8731054000,27.5020504200,1838181,52465086.5900,0.988500,1.834900
2024-03-12,27.5401683000,27.6354630000,27.1780484400,27.2638136700,1491676,42948707.9200,0.802100,-0.866300
2024-03-13,27.4925209500,27.6164040600,27.1589895000,27.4639325400,1082997,31158390.7500,0.582400,0.734000
2024-03-14,27.3972262500,27.9689944500,27.3305199600,27.8355818700,1675181,48833938.3700,0.900800,1.353200
2024-03-15,27.6449924700,28.2453490800,27.6449924700,28.2453490800,1864499,54665709.6000,1.002600,1.472100
2024-03-18,27.7498166400,28.2834669600,27.5211093600,27.7784050500,1602915,46615162.9300,0.862000,-1.653200
2024-03-19,27.6831103500,27.9404060400,27.4448736000,27.7212282300,1629562,47332843.8600,0.876300,-0.205800
2024-03-20,27.7402871700,27.8927586900,27.5496977700,27.6640514100,977123,28362474.9600,0.525400,-0.206300
2024-03-21,27.4734620100,27.8355818700,27.1399305600,27.2066368500,1171114,33571056.2600,0.629800,-1.653500
2024-03-22,27.1589895000,27.3781673100,26.6825160000,26.6920454700,1234669,34866395.2600,0.663900,-1.891400
2024-03-25,26.5681623600,27.1399305600,26.5109855400,26.8635759300,1402667,39705910.7100,0.754300,0.642600
2024-03-26,27.0732242700,27.1494600300,26.5205150100,27.1113421500,1428525,40202441.9700,0.768200,0.922300
2024-03-27,27.1018126800,27.1971073800,26.3585140200,26.3680434900,955636,26789465.8700,0.513900,-2.741700
2024-03-28,26.2060425000,26.6729865300,25.7390984700,25.9963941600,1989185,54670456.4500,1.069700,-1.409500
2024-03-29,26.0345120400,26.3871024300,25.9106289300,26.2822782600,1128922,30975662.7800,0.607100,1.099700
2024-04-01,26.4919266000,27.1780484400,26.2251014400,27.1304010900,2639856,74076110.0700,1.419600,3.227000
2024-04-02,27.8165229300,28.1119365000,27.3781673100,27.6354630000,2930910,85571271.6000,1.576100,1.861600
2024-04-03,27.3876967800,27.4258146600,26.8254580500,26.9969885100,1765772,50149229.5300,0.949500,-2.310300
2024-04-08,26.9493411600,27.3781673100,26.5776918300,26.6158097100,1757526,49781740.3200,0.945100,-1.411900
2024-04-09,26.5395739500,27.3972262500,26.3871024300,27.1113421500,1207216,34264835.1600,0.649200,1.861800
2024-04-10,27.3495789000,27.3591083700,26.0154531000,26.3013372000,1901687,52756256.6500,1.022600,-2.987700
2024-04-11,25.7390984700,27.2066368500,25.7390984700,26.9112232800,1597658,44994009.0100,0.859100,2.318800
2024-04-12,26.6920454700,27.0065179800,26.2060425000,26.2060425000,1055353,29294326.9200,0.567500,-2.620400
2024-04-15,26.0154531000,27.5115798900,26.0154531000,26.9779295700,2189572,62314599.8800,1.177400,2.945500
2024-04-16,26.9016938100,27.5115798900,26.5776918300,26.5776918300,1998065,56868801.7500,1.074400,-1.483600
2024-04-17,26.9112232800,27.4925209500,26.5967507700,27.4925209500,1435859,40874836.8000,0.772100,3.442100
2024-04-18,27.3400494300,27.5878156500,26.9684001000,27.2066368500,1634456,46664169.3700,0.878900,-1.039900
2024-04-19,26.9969885100,27.4925209500,26.8254580500,27.1589895000,2337669,66592143.7600,1.257100,-0.175100
2024-04-22,26.5681623600,27.0065179800,26.0821593900,26.1965130300,2305756,63976250.3800,1.239900,-3.543900
2024-04-23,26.0726299200,26.6062802400,25.6819216500,25.9678057500,1259189,34335849.5900,0.677100,-0.873000
2024-04-24,25.7295690000,26.0154531000,25.3674491400,25.7486279400,1492639,40236063.6500,0.802700,-0.844000
2024-04-25,25.8058047600,26.4919266000,25.4436849000,26.4252203100,2346677,64350167.6000,1.261900,2.627700
2024-04-26,26.0631004500,27.4258146600,26.0631004500,26.8635759300,3501834,99052321.6400,1.883100,1.658900
2024-04-29,26.5776918300,27.9689944500,26.5776918300,27.9499355100,3138556,91044717.6600,1.687700,4.044000
2024-04-30,27.1304010900,27.9499355100,26.0631004500,27.3972262500,5722290,161712288.3300,3.077100,-1.977500
2024-05-06,27.3781673100,27.7974639900,26.3203961400,26.5681623600,4119397,115620123.1100,2.215200,-3.026100
2024-05-07,26.4442792500,26.6539275900,25.9678057500,26.3489845500,3224422,88902457.7500,1.733900,-0.825000
2024-05-08,26.2060425000,26.7396928200,26.0345120400,26.5395739500,2321381,64589264.0900,1.248300,0.723300
2024-05-09,26.4347497800,27.2924020800,26.4347497800,27.0351063900,2825873,80244103.6500,1.519600,1.867100
2024-05-10,27.0827537400,27.3400494300,26.4252203100,26.9112232800,2767357,77952583.5300,1.488100,-0.458200
2024-05-13,27.1971073800,27.1971073800,26.2060425000,26.9398116900,1968154,55016962.3300,1.058400,0.106200
2024-05-14,26.9588706300,27.2542842000,26.7396928200,26.9207527500,1540914,43625742.4400,0.828600,-0.070700
2024-05-15,26.9398116900,27.2256957900,26.5872213000,26.6443981200,1471532,41385757.8600,0.791300,-1.026500
2024-05-16,26.9302822200,26.9302822200,26.2155719700,26.3203961400,1862133,51820063.9500,1.001300,-1.216000
2024-05-17,26.1869835600,26.7301633500,26.1869835600,26.6158097100,1631788,45362816.0800,0.877500,1.122400
2024-05-20,26.3680434900,27.0541653300,25.9392173400,26.9969885100,1731462,48767195.0400,0.931100,1.432200
2024-05-21,26.8159285800,26.8731054000,26.5586328900,26.6062802400,1003015,28081481.2800,0.539400,-1.447200
2024-05-22,26.2251014400,26.8540464600,26.2251014400,26.6634570600,892416,24906039.1100,0.479900,0.214900
2024-05-23,26.6920454700,26.8731054000,26.3775729600,26.4633381900,1194389,33262148.6300,0.642300,-0.750500
2024-05-24,26.2536898500,26.6729865300,26.2536898500,26.3394550800,1196751,33186051.3700,0.643500,-0.468100
2024-05-27,26.3108666700,26.6825160000,26.1393362100,26.6729865300,1381416,38442034.4400,0.742800,1.266300
2024-05-28,26.8731054000,26.9398116900,26.4919266000,26.6253391800,1180219,33081551.9500,0.634700,-0.178600
2024-05-29,26.5872213000,26.8731054000,26.3108666700,26.4633381900,1216765,33980553.0300,0.654300,-0.608400
2024-05-30,26.6253391800,26.6729865300,26.3585140200,26.5014560700,1189252,33102848.3400,0.639500,0.144000
2024-05-31,26.4919266000,26.8349875200,26.2536898500,26.5776918300,1056897,29610026.9500,0.568300,0.287700
2024-06-03,26.7396928200,26.7396928200,26.0535709800,26.3966319000,2252434,62394336.8300,1.211200,-0.681200
2024-06-04,26.3966319000,26.7682812300,26.1774540900,26.6825160000,1627151,45358308.6900,0.875000,1.083000
2024-06-05,26.7111044100,27.0636948000,26.6062802400,26.8635759300,1278260,36090494.2100,0.687400,0.678600
2024-06-06,26.6634570600,27.1589895000,26.3966319000,26.4633381900,1550162,43648306.3600,0.833600,-1.489900
2024-06-07,26.8540464600,26.9493411600,26.0440415100,26.4252203100,1974151,54718367.5500,1.061600,-0.144000
2024-06-11,26.0345120400,26.5395739500,25.9201584000,26.3489845500,1991861,54920744.1400,1.071100,-0.288500
2024-06-12,26.4252203100,26.7873401700,26.3394550800,26.7111044100,1575959,44026312.8700,0.847500,1.374300
2024-06-13,26.8445169900,27.2733431400,26.5109855400,27.0636948000,2089306,59140579.0300,1.123500,1.320000
2024-06-14,27.0636948000,27.9975828600,26.6920454700,27.7307577000,2810516,81288190.6400,1.511300,2.464800
2024-06-17,27.6164040600,27.6164040600,26.4156908400,26.5205150100,3584505,101232011.6000,1.927500,-4.364300
2024-06-18,26.5205150100,26.6158097100,24.9005051100,25.0434471600,4017935,108248467.1600,2.160600,-5.569500
2024-06-19,25.3456320000,25.3456320000,23.8736356800,24.4390382400,6162337,154558044.6400,3.313700,-2.413400
2024-06-20,24.2928134400,24.8289710400,24.0296088000,24.3708000000,2713437,67882602.2700,1.459100,-0.279200
2024-06-21,24.1660852800,25.1019240000,24.1660852800,24.9459508800,3283450,83329354.1400,1.765600,2.360000
2024-06-24,24.7607328000,25.1506656000,24.3513033600,24.5950113600,2320788,59039685.1400,1.232600,-1.406800
2024-06-25,24.4975281600,24.8972092800,24.1563369600,24.2733168000,1577075,39705625.6500,0.837600,-1.308000
2024-06-26,24.2440718400,24.6340046400,24.0686020800,24.4780315200,1239819,31069202.3400,0.658500,0.843400
2024-06-27,24.4000449600,24.4780315200,23.6689209600,23.8248940800,1132371,27848028.6000,0.601400,-2.668300
2024-06-28,23.7274108800,24.6437529600,23.6689209600,24.2148268800,1354370,33831063.2000,0.719300,1.636700
2024-07-01,23.8736356800,25.2481488000,23.8736356800,24.9556992000,1876291,47676988.0700,0.996500,3.059600
2024-07-02,24.9459508800,25.2871420800,24.7607328000,25.0531824000,1222861,31418985.2400,0.649500,0.390600
2024-07-03,25.0434340800,25.2968904000,24.3220584000,24.7022428800,2041292,51668308.7900,1.084100,-1.400800
2024-07-04,24.8972092800,24.9362025600,24.3415550400,24.4487865600,1179302,29707036.8200,0.626300,-1.026000
2024-07-05,24.4487865600,24.5462697600,24.1855819200,24.2928134400,759707,18971042.3400,0.403500,-0.638000
2024-07-08,24.0783504000,24.3415550400,23.8736356800,24.1270920000,1710678,42244956.3200,0.908600,-0.682200
2024-07-09,23.9321256000,24.1660852800,23.2984848000,23.5811860800,2067365,50315851.0900,1.098000,-2.262600
2024-07-10,23.4252129600,23.7664041600,23.1327633600,23.4447096000,1596854,38347642.5900,0.848100,-0.578800
2024-07-11,23.5909344000,24.2733168000,23.5129478400,24.0686020800,1893119,46542233.7100,1.005500,2.661100
2024-07-12,24.0880987200,24.5267731200,23.9126289600,24.1075953600,1245317,30866124.7600,0.661400,0.162000
2024-07-15,24.1368403200,24.3708000000,23.7176625600,24.1660852800,1474079,36373595.3200,0.782900,0.242600
2024-07-16,23.9808672000,24.3415550400,23.8346424000,23.8443907200,1287322,31749005.2300,0.683700,-1.331200
2024-07-17,23.7859008000,23.9126289600,22.8305654400,23.2204982400,1380934,32904853.2100,0.733400,-2.616500
2024-07-18,23.2204982400,23.5714377600,22.9280486400,23.5031995200,1379002,32900935.0800,0.732400,1.217500
2024-07-19,23.3764713600,23.6006827200,23.2594915200,23.2789881600,1401029,33619309.1000,0.744100,-0.954000
2024-07-22,23.5129478400,24.3610516800,23.4057163200,23.7079142400,1809307,44319854.4400,0.960900,1.842500
2024-07-23,23.7176625600,23.7664041600,23.2302465600,23.4447096000,1584902,38134043.7300,0.841800,-1.110200
2024-07-24,23.5811860800,24.0101121600,23.1230150400,23.9028806400,1770685,42928736.6100,0.940400,1.954300
2024-07-25,24.0588537600,25.9792728000,23.6494243200,25.4138702400,3796394,97283157.4400,2.016300,6.321400
2024-07-26,25.5405984000,26.4081988800,25.1799105600,26.1644908800,3815125,101594075.9400,2.026200,2.953600
2024-07-29,25.9890211200,26.2229808000,24.8874609600,25.1409172800,2171431,56396045.7500,1.153300,-3.912100
2024-07-30,25.1409172800,25.3358836800,24.9167059200,25.0726790400,1394456,35902367.6500,0.740600,-0.271400
2024-07-31,24.9362025600,25.3846252800,24.6145080000,24.8192227200,3276817,83767999.6600,1.740300,-1.010900
2024-08-01,24.8289710400,24.9069576000,24.0880987200,24.1368403200,2138218,53512364.6800,1.135600,-2.749400
2024-08-02,24.0393571200,24.1855819200,23.8151457600,24.0783504000,1943589,47804603.0000,1.032300,-0.242300
2024-08-05,24.2050785600,24.3123100800,23.5031995200,23.6981659200,1433321,35027085.0300,0.761200,-1.578900
2024-08-06,23.7566558400,24.0198604800,23.5031995200,23.6689209600,1271508,30948602.5600,0.675300,-0.123400
2024-08-07,23.5129478400,23.8346424000,23.5129478400,23.5811860800,890537,21632111.8900,0.473000,-0.370700
2024-08-08,23.4447096000,23.8443907200,23.3667230400,23.6299276800,1033102,24973107.3800,0.548700,0.206700
2024-08-09,23.6981659200,23.7469075200,23.2302465600,23.2789881600,1039603,24916021.1000,0.552100,-1.485100
2024-08-12,23.2010016000,23.5909344000,23.1132667200,23.3179814400,704223,16829860.2900,0.374000,0.167500
2024-08-13,23.0255318400,23.4154646400,23.0255318400,23.2984848000,583402,13895421.7500,0.309800,-0.083600
2024-08-14,23.1132667200,23.3764713600,22.8110688000,22.8305654400,781410,18459636.6100,0.415000,-2.008400
2024-08-15,23.0840217600,23.1327633600,22.5186192000,22.9572936000,826714,19400220.3800,0.439100,0.555100
2024-08-16,22.9572936000,23.0840217600,22.5283675200,22.6745923200,998485,23239842.1100,0.530300,-1.231400
2024-08-19,22.3918910400,22.7720755200,22.1579313600,22.2359179200,916113,20988778.3800,0.486600,-1.934700
2024-08-20,22.0409515200,22.1384347200,21.7582502400,21.8459851200,683997,15372506.4300,0.363300,-1.753600
2024-08-21,21.9922099200,21.9922099200,21.0173779200,21.0563712000,1202238,26285848.6300,0.638500,-3.614500
2024-08-22,21.1441060800,21.3390724800,20.8906497600,20.9198947200,844367,18322034.2100,0.448400,-0.648100
2024-08-23,21.1148611200,21.1148611200,20.7639216000,20.9686363200,786476,16897760.3900,0.417700,0.233000
2024-08-26,21.0173779200,21.5827804800,20.9881329600,21.5145422400,1069826,23409686.0800,0.568200,2.603400
2024-08-27,21.3000792000,21.7192569600,21.0563712000,21.6997603200,783871,17209408.3400,0.416300,0.860900
2024-08-28,21.4950456000,22.4601292800,21.4950456000,22.3334011200,1204626,27401673.2000,0.639800,2.920000
2024-08-29,22.5088708800,22.9962868800,22.1871763200,22.5966057600,1014614,23569770.7800,0.538900,1.178500
2024-08-30,22.4016393600,23.3277297600,22.4016393600,23.0157835200,1704189,40029373.8700,0.905100,1.855000
2024-09-02,23.2594915200,23.3862196800,22.8013204800,22.9280486400,1206507,28521319.6500,0.640800,-0.381200
2024-09-03,22.9085520000,23.1327633600,22.6063540800,23.0060352000,973840,22845295.7500,0.517200,0.340100
2024-09-04,22.9865385600,23.2789881600,22.6843406400,23.2010016000,1020434,24183490.7700,0.542000,0.847500
2024-09-05,23.2204982400,23.3764713600,23.0255318400,23.1717566400,633090,15055592.3800,0.336200,-0.126100
2024-09-06,23.3472264000,23.3472264000,22.7330822400,22.9085520000,551996,12979572.5900,0.293200,-1.135900
2024-09-09,22.7330822400,23.0937700800,22.5478641600,22.5673608000,844971,19758384.2900,0.448800,-1.489400
2024-09-10,22.7720755200,23.0645251200,22.4016393600,22.7818238400,1138891,26501853.8300,0.604900,0.950300
2024-09-11,22.5186192000,23.0937700800,22.4893742400,23.0645251200,816172,19190459.8100,0.433500,1.240900
2024-09-12,22.8890553600,23.6299276800,22.8890553600,22.9962868800,1175813,28121176.8100,0.624500,-0.295900
2024-09-13,23.0450284800,23.0840217600,22.5966057600,22.9962868800,1193124,27890158.5900,0.633700,0.000000
2024-09-18,22.8110688000,22.9085520000,22.0994414400,22.3139044800,1114568,25566427.6000,0.592000,-2.967400
2024-09-19,22.3041561600,22.7233339200,22.0506998400,22.3041561600,1335306,30555709.6100,0.709200,-0.043700
2024-09-20,22.4893742400,22.4893742400,21.8069918400,22.1871763200,778945,17591349.6400,0.413700,-0.524500
2024-09-23,22.3041561600,22.3041561600,21.3878140800,21.3878140800,1447040,32170628.5400,0.768500,-3.602800
2024-09-24,21.5827804800,22.4113876800,21.4170590400,22.2261696000,1712670,38666005.2900,0.909600,3.919800
2024-09-25,22.4016393600,22.8890553600,22.3041561600,22.3723944000,1580066,36524125.8600,0.839200,0.657900
2024-09-26,22.3723944000,23.1815049600,22.0896931200,23.1327633600,2111240,49271494.0700,1.121300,3.398700
2024-09-27,23.3862196800,24.4682832000,23.1620083200,24.3708000000,1215157,29819599.2400,0.645400,5.351900
2024-09-30,25.8135513600,28.5430809600,25.7160681600,28.1239032000,6974926,194409666.6700,3.704400,15.400000
2024-10-08,33.7389355200,33.7486838400,28.2018897600,29.7323760000,11733811,364070039.8200,6.231900,5.719200
2024-10-09,29.4399264000,30.8046912000,28.1239032000,28.6405641600,8004487,241635551.3400,4.251200,-3.672100
2024-10-10,29.0402452800,29.9565873600,27.9094401600,27.9776784000,5758203,171157934.0000,3.058200,-2.314500
2024-10-11,28.9330137600,28.9330137600,26.4179472000,26.6909001600,3304177,92089536.2000,1.754900,-4.599300
2024-10-14,26.8566216000,27.0613363200,25.7355648000,26.3497089600,4197949,113317685.6400,2.229600,-1.278300
2024-10-15,26.1254976000,26.2912190400,24.7899777600,24.8972092800,4562930,119279089.3800,2.423400,-5.512400
2024-10-16,24.6242563200,25.5795916800,24.5267731200,24.9069576000,3049863,78308337.0700,1.619800,0.039200
2024-10-17,24.9069576000,25.4431152000,24.6924945600,24.9069576000,3144855,80862655.5000,1.670300,0.000000
2024-10-18,24.7119912000,27.1588195200,24.7119912000,26.1644908800,5790799,152946611.2000,3.075500,5.048900
2024-10-21,26.4179472000,27.0710846400,25.8915379200,26.3789539200,5696410,154286271.5800,3.025400,0.819700
2024-10-22,26.3107156800,28.5528292800,25.7355648000,28.4455977600,8080198,227355407.4300,4.291500,7.834400
2024-10-23,28.5918225600,30.4147584000,28.4553460800,29.3034499200,10484194,319740435.2200,5.568200,3.015800
2024-10-24,28.8647755200,29.0012520000,27.8022086400,28.0751616000,5287630,153281517.3500,2.808300,-4.191600
2024-10-25,28.1628964800,31.8185164800,28.1628964800,31.1751273600,13559421,427118438.1400,7.201500,11.041700
2024-10-28,30.6097248000,30.8631811200,28.5625776000,29.4301780800,10019028,301242925.1600,5.321200,-5.597200
2024-10-29,29.5374096000,29.6153961600,28.4163528000,28.6990540800,4467030,132055522.6800,2.372500,-2.484300
2024-10-30,28.8550272000,29.3814364800,28.0849099200,28.1433998400,3544512,104172635.4200,1.882500,-1.936100
2024-10-31,28.7185507200,29.5861512000,28.4943393600,28.6015708800,5226873,155519398.1800,2.776000,1.628000
2024-11-01,28.7380473600,29.2254633600,27.9874267200,28.7867889600,3998897,117546363.2400,2.123800,0.647600
2024-11-04,29.0499936000,29.7323760000,28.7770406400,29.0889868800,2587710,77397685.5400,1.374400,1.049800
2024-11-05,29.3034499200,29.7908659200,28.2993729600,29.5861512000,6299574,188825558.1900,3.345800,1.709100
2024-11-06,29.2547083200,30.2977785600,28.9525104000,29.8201108800,8437564,257565457.3400,4.481300,0.790800
2024-11-07,29.3424432000,29.7031310400,28.8842721600,29.5764028800,4638297,139534605.1300,2.463400,-0.817300
2024-11-08,29.6348928000,29.9273424000,28.6600608000,28.9427620800,5731222,171682597.1800,3.043900,-2.142400
2024-11-11,28.8355305600,29.3131982400,28.1628964800,29.1474768000,6354463,187477076.1100,3.374900,0.707300
2024-11-12,29.2352116800,29.6836344000,28.5138360000,28.6308158400,5033570,150203632.3700,2.673400,-1.772600
2024-11-13,28.7477956800,28.8452788800,27.9776784000,28.2896246400,3762089,109271002.5000,1.998100,-1.191700
2024-11-14,28.3383662400,28.4261011200,27.3927792000,27.6072422400,5302208,150788577.6800,2.816000,-2.412100
2024-11-15,27.4707657600,28.0556649600,26.8858665600,27.5487523200,4478839,126418472.0100,2.378700,-0.211900
2024-11-18,28.0556649600,29.8591041600,27.5974939200,29.0499936000,9244474,275854818.8000,4.909800,5.449400
2024-11-19,28.8745238400,29.9565873600,28.8745238400,29.7421243200,6929735,210513193.2500,3.680400,2.382600
2024-11-20,29.7518726400,30.0248256000,28.6015708800,29.6251444800,6553307,197701453.3000,3.480500,-0.393300
2024-11-21,29.6348928000,29.8396075200,29.1572251200,29.6738860800,3995731,120834480.1900,2.122200,0.164500
2024-11-22,29.6836344000,29.6836344000,28.5333326400,28.5333326400,4496773,133558118.2200,2.388300,-3.843600
2024-11-25,28.9330137600,30.4147584000,28.8647755200,30.1710504000,9045745,277656988.9300,4.804300,5.739700
2024-11-26,30.1515537600,30.3952617600,29.5471579200,29.7421243200,2873356,87877673.7900,1.526100,-1.421600
2024-11-27,29.3911848000,31.6430467200,29.1572251200,31.4480803200,7365778,230769118.7700,3.912000,5.735800
2024-11-28,31.4383320000,31.9647412800,31.1361340800,31.6820400000,6975607,225717747.4800,3.704800,0.744000
2024-11-29,31.4383320000,33.1247913600,31.0971408000,32.6666203200,8584820,288167534.8100,4.559500,3.107700
2024-12-02,32.6666203200,33.3002611200,31.9939862400,32.6861169600,5582302,186989891.0400,2.964800,0.059700
2024-12-03,32.5593888000,33.7486838400,32.3449257600,32.9493216000,4929880,168153434.7600,2.618300,0.805200
2024-12-04,32.5788854400,32.9493216000,31.6040534400,32.0817211200,5135269,168882597.7300,2.727400,-2.633100
2024-12-05,32.3741707200,32.9785665600,31.4090870400,32.1694560000,3024866,99991168.8400,1.606500,0.273500
2024-12-06,32.0817211200,32.9005800000,31.8575097600,32.6081304000,2705903,90195146.7600,1.437100,1.363600
2024-12-09,32.3644224000,33.2417712000,31.3895904000,32.9395732800,3631806,121308015.9100,1.928900,1.016400
2024-12-10,33.7486838400,33.7486838400,32.8518384000,32.9980632000,3044701,103743675.9900,1.617100,0.177600
2024-12-11,32.9980632000,33.6512006400,31.8477614400,33.6317040000,4388473,147951923.4500,2.330800,1.920200
2024-12-12,33.6317040000,33.6317040000,32.6568720000,32.6958652800,2393140,81403596.2900,1.271000,-2.782600
2024-12-13,32.6958652800,32.9200766400,32.1694560000,32.3546740800,2079348,69476895.3400,1.104400,-1.043500
2024-12-16,32.3449257600,32.7446068800,31.5845568000,31.8867547200,2311498,75966638.5900,1.227700,-1.446200
2024-12-17,31.9062513600,32.2961841600,31.4188353600,31.7112849600,2120286,69284228.3800,1.126100,-0.550300
2024-12-18,32.4619056000,32.4619056000,31.0094059200,31.8867547200,3074364,99812790.0100,1.632800,0.553300
2024-12-19,31.4870736000,31.9939862400,31.4383320000,31.6722916800,1511066,49200138.5200,0.802500,-0.672600
2024-12-20,31.8770064000,31.8770064000,30.4147584000,31.1946240000,4311341,137680286.0200,2.289800,-1.508200
2024-12-23,30.8534328000,31.5943051200,30.6292214400,31.2823588800,2227657,71357920.2600,1.183100,0.281300
2024-12-24,31.0776441600,31.7795232000,30.9119227200,31.2531139200,1664352,53534867.5700,0.884000,-0.093500
2024-12-25,31.9549929600,31.9549929600,29.5861512000,31.4383320000,5148359,161044787.0500,2.734300,0.592600
2024-12-26,31.5358152000,31.5358152000,30.0540705600,30.6487180800,3339947,104894347.2700,1.773900,-2.511600
2024-12-27,30.2197920000,30.8436844800,30.1125604800,30.6487180800,2587789,81162919.7900,1.374400,0.000000
2024-12-30,30.6974596800,30.8241878400,30.2197920000,30.4050100800,1543747,48205944.7500,0.819900,-0.795200
2024-12-31,30.0345739200,30.6194731200,30.0150772800,30.1028121600,1858866,57923709.8600,0.987300,-0.993900
2025-01-02,30.4147584000,30.4147584000,28.4943393600,28.7672923200,3123557,93799010.0200,1.658900,-4.436500
2025-01-03,28.7088024000,29.1669734400,27.8022086400,27.8801952000,3037172,88387550.0600,1.613100,-3.083700
2025-01-06,27.8801952000,28.2213864000,27.3147926400,27.6364872000,2484977,70871991.8700,1.319800,-0.874100
2025-01-07,27.6559838400,27.8606985600,27.0223430400,27.1393228800,2468534,69042032.1200,1.311100,-1.798900
2025-01-08,27.3050443200,27.8996918400,26.5446753600,26.8956148800,3387596,94354065.2200,1.799200,-0.898000
2025-01-09,26.8956148800,27.5195073600,26.8273766400,26.9346081600,2111725,58924106.1900,1.121600,0.145000
2025-01-10,27.0613363200,27.1588195200,26.4179472000,26.4179472000,1465666,40134297.7500,0.778400,-1.918200
2025-01-13,26.7103968000,27.3440376000,26.2912190400,26.7688867200,1898435,52470725.2000,1.008300,1.328400
2025-01-14,26.7688867200,27.7632153600,26.5446753600,27.5390040000,2358040,66205139.3800,1.252400,2.876900
2025-01-15,27.7242220800,27.8606985600,26.5934169600,27.0223430400,2486554,68779509.6400,1.320600,-1.876100
2025-01-16,27.0418396800,27.4415208000,26.6324102400,27.0028464000,2691203,74490109.4600,1.429300,-0.072200
2025-01-17,26.8078800000,27.4512691200,26.3789539200,27.0028464000,3475605,95568284.4000,1.845900,0.000000
2025-01-20,26.9248598400,27.3830308800,26.7396417600,26.9053632000,1797150,49874606.0800,0.954500,-0.361000
2025-01-21,27.0028464000,27.0515880000,26.5739203200,26.6031652800,1345652,36854683.1700,0.714700,-1.123200
2025-01-22,26.9736014400,26.9736014400,26.2229808000,26.4569404800,1481583,40198545.9100,0.786900,-0.549700
2025-01-23,26.5544236800,26.9443564800,26.0182660800,26.1060009600,2053692,55568489.3000,1.090700,-1.326500
2025-01-24,26.1060009600,26.5739203200,25.9695244800,26.3009673600,1494110,40338864.4900,0.793500,0.746800
2025-01-27,26.5739203200,26.6421585600,26.0962526400,26.2522257600,1259094,34037656.3700,0.668700,-0.185300
2025-02-05,26.2717224000,26.2717224000,25.1701622400,25.2676454400,3952240,102982128.7700,2.099100,-3.750500
2025-02-06,25.2676454400,26.2912190400,24.8387193600,26.1157492800,3390234,89185415.7300,1.800600,3.356500
2025-02-07,26.2814707200,26.6031652800,25.9890211200,26.2912190400,3601835,96877848.3100,1.913000,0.671900
2025-02-10,26.3107156800,26.7103968000,26.0182660800,26.4081988800,2780811,75171316.1400,1.476900,0.444900
2025-02-11,26.7786350400,26.7786350400,25.9500278400,26.0085177600,2068283,55584509.5600,1.098500,-1.513500
2025-02-12,25.9987694400,26.1060009600,25.6868232000,25.7745580800,1843288,48880099.7400,0.979000,-0.899600
2025-02-13,25.8817896000,25.9890211200,25.3943736000,25.4626118400,2492943,65452835.7800,1.324000,-1.210300
2025-02-14,25.5698433600,26.4861854400,25.3651286400,26.3497089600,3337909,89465147.9800,1.772800,3.483900
2025-02-17,26.3204640000,26.7591384000,25.9500278400,26.6909001600,3621519,98316333.3200,1.923400,1.294900
2025-02-18,26.6811518400,26.6909001600,25.8817896000,26.0475110400,2988076,80469492.5500,1.587000,-2.410500
2025-02-19,26.0280144000,26.2814707200,25.6185849600,25.9597761600,1969153,52509748.7400,1.045800,-0.336800
2025-02-20,25.8427963200,26.2522257600,25.6478299200,26.0280144000,2085473,55409780.8000,1.107600,0.262900
2025-02-21,26.2229808000,26.2717224000,25.8038030400,26.0865043200,2787349,74493389.5100,1.480400,0.224700
2025-02-24,26.2132324800,26.3107156800,25.7063198400,25.9110345600,2807743,74561878.9000,1.491200,-0.672600
2025-02-25,25.8817896000,26.6519068800,25.5405984000,26.1060009600,3340691,89604265.4300,1.774300,0.752400
2025-02-26,26.0475110400,27.4902624000,25.8915379200,26.8858665600,4453992,123010088.2000,2.365500,2.987300
2025-02-27,27.2660510400,27.2660510400,26.6909001600,27.0808329600,2925776,80912350.7600,1.553900,0.725200
2025-02-28,27.3732825600,27.8314536000,26.6324102400,26.8273766400,3678746,101929044.2900,1.953800,-0.935900
2025-03-03,26.8663699200,28.0751616000,26.7006484800,27.5974939200,4007324,113676943.5900,2.128300,2.870600
2025-03-04,27.9386851200,27.9386851200,27.1003296000,27.1588195200,2367054,66394826.2200,1.257200,-1.589500
2025-03-05,27.2757993600,27.4122758400,26.8273766400,27.2952960000,2160376,60164438.7500,1.147400,0.502500
2025-03-06,27.2465544000,27.6559838400,26.6129136000,27.3147926400,3621087,100711393.1800,1.923200,0.071400
2025-03-07,27.3147926400,27.3147926400,26.8566216000,27.1490712000,2548333,70716560.8200,1.353400,-0.606700
2025-03-10,27.1003296000,27.6072422400,26.9248598400,27.0808329600,2279563,63670428.9900,1.210700,-0.251300
2025-03-11,27.1003296000,27.2757993600,26.8663699200,27.2563027200,1537873,42821686.3000,0.816800,0.647900
2025-03-12,27.4707657600,27.5682489600,26.6909001600,26.7493900800,2229330,61511831.8200,1.184000,-1.859800
2025-03-13,26.9930980800,27.6657321600,26.7298934400,27.4220241600,3333694,93512926.8700,1.770600,2.514600
2025-03-14,27.2270577600,27.7632153600,27.2270577600,27.6657321600,2191797,62075771.8600,1.164100,0.888700
2025-03-17,27.7827120000,28.5333326400,27.6072422400,27.8119569600,2908012,83484724.2900,1.544500,0.528500
2025-03-18,28.0069233600,28.1921414400,27.6267388800,27.9386851200,1869474,53643944.9000,0.992900,0.455700
2025-03-19,27.9386851200,28.3091212800,27.6267388800,28.0849099200,1775421,51160312.5800,0.942900,0.523400
2025-03-20,28.0849099200,28.6990540800,27.9484334400,28.4455977600,2356933,68720456.9900,1.251800,1.284300
2025-03-21,28.4163528000,29.4106814400,28.1531481600,28.5528292800,3633835,107506715.6100,1.930000,0.377000
2025-03-24,29.0110003200,29.1474768000,27.6462355200,27.8801952000,2724946,78580691.8100,1.447200,-2.355800
2025-03-25,27.9776784000,28.5040876800,27.4707657600,27.7632153600,2263810,64710118.8900,1.202300,-0.419600
2025-03-26,27.6852288000,28.0361683200,27.5779972800,27.8314536000,1260163,35956495.3400,0.669300,0.245800
2025-03-27,27.8217052800,27.8217052800,26.7688867200,26.9638531200,2656569,74042138.9100,1.410900,-3.117300
2025-03-28,26.9151115200,27.2757993600,26.8176283200,26.9151115200,1389535,38524483.9000,0.738000,-0.180800
2025-03-31,26.8956148800,27.3537859200,26.5349270400,26.6324102400,1615363,44497964.3500,0.857900,-1.050300
2025-04-01,26.8956148800,26.8956148800,26.2034841600,26.2424774400,2588487,69955474.6700,1.374800,-1.464100
2025-04-02,26.1644908800,26.5739203200,25.9110345600,26.0377627200,2402316,64455311.2000,1.275900,-0.780100
2025-04-03,25.9500278400,26.0962526400,25.3846252800,25.4723601600,2949296,77616589.6800,1.566400,-2.171500
2025-04-07,24.6145080000,24.6535012800,21.7679985600,23.0450284800,4649857,111652443.7200,2.469600,-9.529300
2025-04-08,22.9572936000,24.0686020800,22.9572936000,23.6884176000,3280983,79795009.0300,1.742600,2.791900
2025-04-09,23.1717566400,24.0393571200,22.9377969600,23.5031995200,4547484,109852935.3500,2.415200,-0.781900
2025-04-10,23.8346424000,24.1660852800,23.4057163200,23.5421928000,4445863,108225586.4700,2.361200,0.165900
2025-04-11,23.3862196800,23.6786692800,23.1425116800,23.4349612800,4064369,97513978.7300,2.158600,-0.455500
2025-04-14,23.6689209600,23.7664041600,23.3277297600,23.3959680000,3597757,86866659.2900,1.910800,-0.166400
2025-04-15,23.3862196800,23.5031995200,23.0060352000,23.4252129600,2774292,66275041.1900,1.473400,0.125000
2025-04-16,23.4349612800,23.4837028800,22.8305654400,23.2692398400,2559509,60678899.3100,1.359400,-0.665800
2025-04-17,23.1230150400,23.2692398400,22.9183003200,22.9475452800,2529355,59899316.9800,1.343400,-1.382500
2025-04-18,22.8695587200,23.2399948800,22.6648440000,23.1717566400,2213843,52217300.7400,1.175800,0.977100
2025-04-21,23.1717566400,23.6104310400,23.0547768000,23.3082331200,2262673,54105845.5700,1.201700,0.589000
2025-04-22,23.2204982400,23.3667230400,23.0547768000,23.1035184000,2289552,54484689.2700,1.216000,-0.878300
2025-04-23,23.2399948800,23.6591726400,23.1717566400,23.2204982400,2051291,49136558.3900,1.089500,0.506300
2025-04-24,23.2399948800,23.6494243200,23.1522600000,23.3179814400,2377998,57075357.6800,1.263000,0.419800
2025-04-25,23.2107499200,23.6884176000,23.1717566400,23.5909344000,2033615,48972878.6400,1.080100,1.170600
2025-04-28,23.5909344000,23.9126289600,23.3277297600,23.3959680000,2812413,68183935.7500,1.493700,-0.826400
2025-04-29,22.7135856000,22.7135856000,21.4560523200,22.0896931200,5921576,133469154.2300,3.145000,-5.583300
2025-04-30,22.0896931200,22.4991225600,22.0312032000,22.1286864000,2240146,50983259.5300,1.189800,0.176500
2025-05-06,22.1286864000,22.5478641600,22.1286864000,22.4406326400,2809215,64431231.8900,1.492000,1.409700
2025-05-07,22.7038372800,23.1522600000,22.5478641600,22.8890553600,2544485,59468932.9300,1.351400,1.998300
2025-05-08,22.8793070400,23.3569747200,22.6940889600,23.2497432000,2571235,61121002.1000,1.365600,1.575800
2025-05-09,23.2789881600,23.3472264000,23.0645251200,23.2302465600,1680093,39968831.4600,0.892300,-0.083900
2025-05-12,23.4837028800,23.4837028800,23.1425116800,23.2789881600,1892142,45152075.8400,1.004900,0.209800
2025-05-13,23.4837028800,23.7566558400,23.3764713600,23.4642062400,1880127,45381469.3300,0.998500,0.795600
2025-05-14,23.4057163200,23.5519411200,23.0840217600,23.4252129600,2002483,47867903.4500,1.063500,-0.166200
2025-05-15,23.4057163200,23.4544579200,23.1522600000,23.2010016000,1341293,32005252.1400,0.712400,-0.957100
2025-05-16,23.1132667200,23.2984848000,22.9670419200,23.0060352000,1528325,36149085.6700,0.811700,-0.840300
2025-05-19,23.0547768000,23.0547768000,22.7525788800,22.9377969600,1214593,28548035.5300,0.645100,-0.296600
2025-05-20,22.9183003200,23.0450284800,22.7233339200,22.8988036800,1883265,44153503.7500,1.000200,-0.170000
2025-05-21,22.8890553600,23.0840217600,22.8013204800,22.9865385600,1358586,31935366.1700,0.721600,0.383100
2025-05-22,23.0060352000,23.0547768000,22.6745923200,22.7233339200,1563040,36593133.6000,0.830100,-1.145000
2025-05-23,22.7623272000,22.8695587200,22.4796259200,22.5088708800,1632984,38020580.6000,0.867300,-0.943800
2025-05-26,22.5576124800,22.9962868800,22.3334011200,22.8500620800,1639310,38262092.9100,0.870700,1.515800
2025-05-27,22.9767902400,22.9767902400,22.4991225600,22.5966057600,1250820,29022353.3700,0.664300,-1.109200
2025-05-28,22.6258507200,22.7038372800,22.4796259200,22.6745923200,1254236,29098382.4500,0.666100,0.345100
2025-05-29,22.6648440000,23.1035184000,22.6355990400,23.0450284800,1669350,39294165.0500,0.886600,1.633700
2025-05-30,23.0742734400,23.2497432000,22.8598104000,22.8890553600,1342494,31709922.6400,0.713000,-0.676800
2025-06-03,22.8110688000,22.9767902400,22.4698776000,22.9280486400,2131155,49579717.9400,1.131900,0.170400
2025-06-04,22.9280486400,23.4349612800,22.8305654400,23.1717566400,2064984,49038191.8800,1.096700,1.062900
2025-06-05,23.2010016000,23.5519411200,23.0060352000,23.3959680000,1874148,44893749.7600,0.995400,0.967600
2025-06-06,23.3959680000,23.8833840000,23.2010016000,23.2984848000,1523427,36605226.6400,0.809100,-0.416700
2025-06-09,23.4154646400,23.5129478400,23.2497432000,23.3862196800,1149030,27544979.0000,0.610300,0.376600
2025-06-10,23.4642062400,23.5811860800,22.8013204800,22.9280486400,2165025,51450202.4700,1.149900,-1.959100
2025-06-11,23.0645251200,23.3764713600,22.9377969600,23.2497432000,1730871,41252110.0700,0.919300,1.403100
2025-06-12,23.3959680000,23.3959680000,22.9085520000,23.2107499200,1950496,46258758.1800,1.035900,-0.167700
2025-06-13,23.2010016000,23.4057163200,22.9377969600,23.2399948800,2650908,63113823.7300,1.407900,0.126000
2025-06-16,23.4800000000,24.4300000000,22.9700000000,24.3200000000,6417778,153348985.5000,3.408500,4.647200
2025-06-17,24.1400000000,24.5400000000,23.8100000000,23.9300000000,3429173,82607164.7500,1.821300,-1.603600
2025-06-18,23.9000000000,25.4300000000,23.7000000000,25.2600000000,5914201,147565078.3300,3.141100,5.557900
2025-06-19,25.0000000000,25.5000000000,24.7000000000,24.8600000000,3238308,80900180.1200,1.719900,-1.583500
2025-06-20,24.6300000000,24.9800000000,24.4200000000,24.8200000000,2963265,72923993.0900,1.573800,-0.160900
2025-06-23,24.4700000000,25.0000000000,24.2800000000,24.4400000000,2611242,64125928.9600,1.113300,-1.531000
2025-06-24,24.5000000000,25.2800000000,24.3200000000,24.9000000000,3116126,77195698.3200,1.328600,1.882200
2025-06-25,24.9000000000,25.1000000000,24.6100000000,25.0700000000,2367585,58879464.6700,1.009400,0.682700
2025-06-26,24.9900000000,25.3300000000,24.6500000000,24.8800000000,2301944,57538622.3400,0.981400,-0.757900
2025-06-27,25.0100000000,25.2300000000,24.7700000000,25.1200000000,2593195,64755062.3600,1.105600,0.964600
2025-06-30,25.2400000000,25.5700000000,24.7400000000,24.9400000000,2550575,63956132.7600,1.087400,-0.716600
2025-07-01,24.9000000000,24.9400000000,24.1600000000,24.3000000000,3241674,79109706.4700,1.382100,-2.566200
2025-07-02,24.4600000000,24.5400000000,23.9100000000,24.0000000000,2952658,71107557.8500,1.258900,-1.234600
2025-07-03,24.0300000000,24.2400000000,23.9300000000,24.1900000000,2038803,49124887.1700,0.869200,0.791700
2025-07-04,24.1300000000,24.1700000000,23.8300000000,23.9700000000,1816478,43582737.0300,0.774500,-0.909500
2025-07-07,23.9000000000,24.1700000000,23.7800000000,24.1000000000,1596166,38262522.9000,0.680500,0.542300
2025-07-08,24.2700000000,24.9500000000,24.0400000000,24.6400000000,3779177,93169897.7700,1.611300,2.240700
2025-07-09,24.6500000000,24.7900000000,24.1400000000,24.1700000000,2663900,64995033.2600,1.135800,-1.907500
2025-07-10,24.1600000000,24.5000000000,24.0200000000,24.4700000000,2506931,60832416.2800,1.068800,1.241200
2025-07-11,24.4500000000,24.4500000000,24.2100000000,24.3200000000,1919471,46654409.0300,0.818400,-0.613000
2025-07-14,24.3400000000,24.5800000000,24.2500000000,24.3200000000,1841088,44872253.8200,0.785000,0.000000
2025-07-15,24.2100000000,24.3800000000,23.8600000000,23.9300000000,1859621,44695618.3900,0.792900,-1.603600
2025-07-16,23.9900000000,24.1000000000,23.8100000000,23.9700000000,1210717,29048943.5000,0.516200,0.167200
2025-07-17,24.1100000000,24.2900000000,23.8800000000,24.2100000000,2286445,55266671.7500,0.974800,1.001300
2025-07-18,24.2900000000,24.4200000000,23.9000000000,24.0700000000,2909202,69961328.7400,1.240300,-0.578300
2025-07-21,23.9800000000,24.3700000000,23.9800000000,24.3600000000,2758719,66901428.9100,1.176200,1.204800
2025-07-22,24.3800000000,24.8600000000,24.2200000000,24.7800000000,5304477,130189012.9500,2.261600,1.724100
2025-07-23,24.9000000000,25.0200000000,24.3800000000,24.4700000000,4344628,107138193.0200,1.852300,-1.251000
2025-07-24,24.4800000000,25.6700000000,24.3600000000,25.3000000000,5577631,139862446.5100,2.378000,3.391900
2025-07-25,25.4000000000,25.7000000000,24.9500000000,24.9800000000,3708671,93554808.1900,1.581200,-1.264800
2025-07-28,25.0500000000,25.6600000000,24.9200000000,25.4400000000,4519102,114362082.8100,1.926700,1.841500
2025-07-29,25.4400000000,25.5000000000,25.0100000000,25.4500000000,3129498,79129709.3700,1.334300,0.039300
2025-07-30,25.4500000000,25.7000000000,25.1000000000,25.1000000000,2742732,69658513.9200,1.169400,-1.375200
2025-07-31,25.0000000000,25.0900000000,24.6900000000,24.7300000000,3150356,78424826.6400,1.343200,-1.474100
2025-08-01,24.8600000000,26.0500000000,24.7900000000,25.5300000000,5594837,143279056.8900,2.385400,3.234900
2025-08-04,25.4500000000,25.5800000000,25.0800000000,25.1200000000,2394471,60395371.1600,1.020900,-1.606000
2025-08-05,25.2700000000,25.3500000000,25.0800000000,25.2300000000,2324249,58672845.4200,0.991000,0.437900
2025-08-06,25.2900000000,25.3000000000,25.0900000000,25.2100000000,1719048,43331454.6700,0.732900,-0.079300
2025-08-07,25.2300000000,25.3400000000,24.9000000000,25.0700000000,2601401,65347011.4900,1.109100,-0.555300
2025-08-08,25.0700000000,28.8000000000,25.0700000000,27.8400000000,13668485,368988908.3400,5.827600,11.049100
2025-08-11,27.2900000000,28.3000000000,27.2800000000,27.8600000000,6726776,187103762.4800,2.868000,0.071800
2025-08-12,27.5000000000,28.3900000000,27.3500000000,28.1100000000,5228530,146512078.1300,2.229200,0.897300
2025-08-13,28.1500000000,28.2500000000,27.6400000000,27.7700000000,3054760,85076851.8200,1.302400,-1.209500
2025-08-14,27.7600000000,27.7600000000,26.7800000000,27.3500000000,3839677,104451854.4000,1.637100,-1.512400
2025-08-15,27.1100000000,28.5700000000,27.1100000000,28.0600000000,5232293,146459257.5500,2.230800,2.596000
2025-08-18,28.1900000000,28.2000000000,27.6400000000,27.9500000000,4026666,112229558.7100,1.716800,-0.392000
2025-08-19,27.9500000000,27.9500000000,27.3500000000,27.5300000000,2739678,75615252.1700,1.168100,-1.502700
2025-08-20,27.5100000000,28.9300000000,27.3900000000,28.5000000000,5009504,141325207.0900,2.135800,3.523400
2025-08-21,28.5000000000,28.7200000000,27.8800000000,28.1100000000,3156519,89093872.1200,1.345800,-1.368400
2025-08-22,28.1100000000,28.6000000000,27.7500000000,28.2000000000,4144616,116365500.5400,1.767100,0.320200
2025-08-25,29.0000000000,30.1900000000,28.5100000000,28.8800000000,8907999,262208745.5500,3.798000,2.411300
2025-08-26,28.6600000000,29.4400000000,28.3000000000,29.0300000000,4709989,136401136.2800,2.008100,0.519400
2025-08-27,28.8300000000,29.9800000000,28.3500000000,28.5100000000,5505841,161151701.7900,2.347400,-1.791300
2025-08-28,28.5100000000,29.2100000000,27.5700000000,29.1200000000,6064317,172195158.9100,2.585500,2.139600
2025-08-29,29.0700000000,29.0800000000,28.1900000000,28.4400000000,6403607,182605560.5800,2.730200,-2.335200
2025-09-01,29.0000000000,30.1800000000,28.9400000000,29.1800000000,7252875,214619365.6000,3.092300,2.602000
2025-09-02,29.0500000000,29.7500000000,28.0000000000,28.0500000000,4426262,125824007.2800,1.887100,-3.872500
2025-09-03,28.0500000000,28.5400000000,27.6100000000,28.0400000000,2553038,71445850.7300,1.088500,-0.035700
2025-09-04,27.8400000000,28.5000000000,27.6500000000,28.1800000000,3981636,111980099.0400,1.697600,0.499300
2025-09-05,28.1100000000,30.1800000000,28.1100000000,29.7500000000,8418535,248808177.3100,3.589300,5.571300
2025-09-08,29.7500000000,30.5000000000,29.6000000000,29.7500000000,7822779,234235588.8900,3.164000,0.000000
2025-09-09,29.5600000000,29.9000000000,28.9000000000,29.1500000000,3542104,103959212.4200,1.432600,-2.016800
2025-09-10,29.4400000000,29.4400000000,28.0000000000,28.2700000000,4539341,129310399.8800,1.836000,-3.018900
2025-09-11,28.2300000000,28.3300000000,27.8100000000,28.0600000000,6405134,179581267.9200,2.590600,-0.742800
2025-09-12,28.3000000000,28.3100000000,27.5400000000,28.0500000000,5590935,156632358.5200,2.261300,-0.035600
2025-09-15,28.0300000000,28.6500000000,27.8600000000,28.1700000000,4927332,139161323.8100,1.992900,0.427800
2025-09-16,28.1800000000,28.5000000000,27.3000000000,28.0300000000,4452989,124088477.5100,1.801000,-0.497000
2025-09-17,28.0300000000,29.3500000000,27.6000000000,28.9200000000,5304914,152123608.4700,2.145600,3.175200
2025-09-18,28.4800000000,29.3700000000,27.7600000000,28.5100000000,7203347,205626609.6400,2.913400,-1.417700
2025-09-19,29.1500000000,32.1900000000,29.1500000000,30.3700000000,14096575,434756235.8400,5.701400,6.524000
2025-09-22,30.3000000000,30.6400000000,29.2100000000,29.7900000000,7719856,229364636.1500,3.122300,-1.909800
2025-09-23,29.7600000000,30.3500000000,28.7300000000,30.1300000000,7448345,220715675.7400,3.012500,1.141300
2025-09-24,29.9900000000,31.0100000000,29.8900000000,30.8500000000,7367883,225150339.1400,2.980000,2.389600
2025-09-25,30.6800000000,31.3600000000,30.2000000000,30.8300000000,6488524,199564586.3400,2.624300,-0.064800
2025-09-26,30.5900000000,31.9000000000,30.5500000000,30.8600000000,8882112,277819348.0500,3.592400,0.097300
2025-09-29,30.5500000000,30.9200000000,29.8500000000,30.0300000000,7425248,224606453.6900,3.003200,-2.689600
2025-09-30,30.0300000000,31.0900000000,30.0300000000,30.3900000000,7226215,221799680.3300,2.922700,1.198800
2025-10-09,30.5900000000,33.0000000000,29.7300000000,32.4900000000,10542319,333730932.9400,4.263900,6.910200
2025-10-10,32.4800000000,32.9300000000,32.0100000000,32.1000000000,6335977,205358950.5100,2.562600,-1.200400
2025-10-13,31.0300000000,32.7300000000,31.0300000000,32.3100000000,6648370,212888114.3000,2.689000,0.654200
2025-10-14,32.5400000000,33.5200000000,30.6500000000,30.9100000000,8278268,263923540.5000,3.348200,-4.333000
2025-10-15,30.7700000000,31.2900000000,30.3500000000,30.7200000000,5046935,154897262.6100,2.041300,-0.614700
2025-10-16,30.5200000000,30.7200000000,30.1000000000,30.3200000000,3109421,94479776.1900,1.257600,-1.302100
2025-10-17,30.1700000000,30.3100000000,28.9000000000,29.2100000000,5666518,166464333.5500,2.291900,-3.660900
2025-10-20,29.3900000000,29.5300000000,28.4300000000,28.5200000000,5981032,173376315.5400,2.419100,-2.362200
2025-10-21,28.4300000000,29.4900000000,28.4300000000,28.9000000000,4492896,130509570.9900,1.817200,1.332400
2025-10-22,29.0000000000,29.7500000000,28.6100000000,29.5000000000,5173330,151543614.5400,2.092400,2.076100
2025-10-23,29.1900000000,29.9200000000,28.5100000000,29.7300000000,4158669,121852273.0700,1.682000,0.779700
2025-10-24,29.7300000000,30.3100000000,29.3000000000,29.4900000000,5489468,163423094.0800,2.220200,-0.807300
2025-10-27,29.7100000000,30.0500000000,29.2400000000,29.6600000000,4259282,126326636.9800,1.722700,0.576500
2025-10-28,29.7000000000,29.8900000000,29.2100000000,29.3500000000,3420893,100932430.0100,1.383600,-1.045200
2025-10-29,29.2900000000,29.9000000000,28.7300000000,29.7800000000,3568494,104664043.0100,1.443300,1.465100
2025-10-30,29.7000000000,30.1300000000,28.9200000000,29.7800000000,5274836,156204266.4100,2.133400,0.000000
2025-10-31,27.7000000000,28.9800000000,27.3500000000,28.2800000000,12386725,350617638.2200,5.009900,-5.036900
2025-11-03,28.2000000000,28.5300000000,26.6800000000,27.0400000000,8147402,220391800.7300,3.295300,-4.384700
2025-11-04,27.0500000000,27.8800000000,26.9800000000,27.3200000000,5136198,141095000.5800,2.077400,1.035500
2025-11-05,27.3200000000,28.0900000000,27.0500000000,28.0100000000,4265840,118050689.9800,1.725300,2.525600
2025-11-06,28.0100000000,28.9900000000,27.9100000000,28.5000000000,4207157,120089132.4600,1.701600,1.749400
2025-11-07,28.3500000000,28.8000000000,28.0200000000,28.6400000000,2945109,83988180.9000,1.191200,0.491200
2025-11-10,28.5500000000,28.9800000000,27.7300000000,28.2000000000,3946018,111226993.8700,1.596000,-1.536300
2025-11-11,28.4800000000,28.7000000000,27.8300000000,28.0600000000,3866809,108914037.0200,1.564000,-0.496500
2025-11-12,27.8600000000,28.3900000000,26.8900000000,26.9400000000,3650076,99545849.1500,1.476300,-3.991400
2025-11-13,26.8700000000,27.3500000000,26.7100000000,27.1200000000,3112697,84316760.8600,1.258900,0.668200
2025-11-14,27.0800000000,28.2600000000,26.8400000000,27.2800000000,5276775,145507264.3100,2.134200,0.590000
2025-11-17,27.2300000000,27.4500000000,26.4600000000,27.0600000000,3893368,104496962.4600,1.574700,-0.806500
2025-11-18,27.0000000000,27.4000000000,26.6100000000,27.1200000000,3101298,83867713.1900,1.254300,0.221700
2025-11-19,27.2200000000,27.3900000000,26.8600000000,27.2000000000,1796256,48763716.3400,0.726500,0.295000
2025-11-20,27.3900000000,27.5800000000,26.9900000000,26.9900000000,1796407,49037318.1900,0.726600,-0.772100
2025-11-21,27.0300000000,27.2200000000,26.5200000000,26.7600000000,2890200,77745745.1900,1.169000,-0.852200
2025-11-24,26.7600000000,27.3600000000,26.2600000000,27.0200000000,3458684,92951976.9300,1.398900,0.971600
2025-11-25,27.0600000000,27.3500000000,26.8100000000,26.9500000000,2652603,71788744.8300,1.072900,-0.259100
2025-11-26,26.9500000000,27.2400000000,26.5100000000,26.6200000000,3331976,89536310.5600,1.347600,-1.224500
2025-11-27,26.7800000000,27.6000000000,26.6100000000,27.1200000000,2730930,74216132.3800,1.104500,1.878300
2025-11-28,27.3000000000,27.6600000000,27.0100000000,27.0400000000,2408074,65535908.7500,0.974000,-0.295000
2025-12-01,27.0000000000,27.1700000000,25.3100000000,25.7400000000,8362430,215527670.0000,3.382200,-4.807700
2025-12-02,25.8000000000,26.2100000000,25.3600000000,25.8800000000,3920963,101085717.5300,1.585900,0.543900
2025-12-03,25.5100000000,26.1800000000,25.5100000000,25.9900000000,2741750,71117679.3000,1.108900,0.425000
2025-12-04,25.9900000000,26.2600000000,25.8000000000,25.8200000000,1863195,48416134.5200,0.753600,-0.654100
2025-12-05,26.1500000000,26.7200000000,25.5400000000,25.8200000000,3887407,101117781.0700,1.572300,0.000000
2025-12-08,25.9800000000,26.1000000000,25.5300000000,25.8100000000,3257540,83932437.8000,1.317500,-0.038700
2025-12-09,25.9900000000,26.0300000000,25.6000000000,25.6100000000,1758131,45290846.8700,0.711100,-0.774900
2025-12-10,25.5100000000,26.2700000000,25.2700000000,25.7000000000,3502346,90339198.2900,1.416500,0.351400
2025-12-11,25.6900000000,26.1300000000,25.5500000000,25.7800000000,2688693,69649408.9000,1.087500,0.311300
2025-12-12,25.9600000000,26.4400000000,25.8000000000,26.4000000000,4101826,107143828.6200,1.659000,2.405000
2025-12-15,26.4000000000,26.6500000000,25.7000000000,26.3600000000,3290050,86426623.4200,1.330700,-0.151500
2025-12-16,26.1800000000,26.6800000000,26.0800000000,26.2400000000,2364862,62217361.4300,0.956500,-0.455200
2025-12-17,26.1300000000,26.4900000000,25.6100000000,26.2800000000,2847390,74160822.4100,1.151600,0.152400
2025-12-18,26.1000000000,26.5800000000,25.9900000000,26.2100000000,2068295,54546055.0600,0.836500,-0.266400
2025-12-19,26.6500000000,26.6800000000,26.3000000000,26.4000000000,1830140,48474640.3300,0.740200,0.724900
2025-12-22,26.3300000000,26.6700000000,25.7800000000,26.0200000000,3571636,93122845.4600,1.444600,-1.439400
2025-12-23,25.9200000000,26.1700000000,25.5000000000,25.6700000000,2908729,74995068.8400,0.244500,-1.345100
2025-12-24,25.7200000000,25.9600000000,25.4400000000,25.9400000000,2022410,52099979.7600,0.170000,1.051800
2025-12-25,25.9500000000,26.4800000000,25.8000000000,26.3400000000,2854173,74978288.0000,0.240000,1.542000
2025-12-26,26.1700000000,26.5000000000,25.6900000000,25.7400000000,3659962,95320194.0600,0.307700,-2.277900
2025-12-29,25.6800000000,26.0000000000,25.0600000000,25.1200000000,4160349,105934862.2600,0.349800,-2.408700
2025-12-30,25.1700000000,25.3300000000,25.0100000000,25.1200000000,2087124,52583372.0000,0.175500,0.000000
2025-12-31,25.1200000000,25.3500000000,24.9200000000,25.2800000000,2685686,67561493.2100,0.225800,0.636900
2026-01-05,25.2800000000,25.9200000000,25.0500000000,25.7500000000,4474964,115168961.7500,0.376200,1.859200
2026-01-06,25.5400000000,27.1800000000,25.5400000000,27.1400000000,7832691,208402795.0000,0.658500,5.398100
2026-01-07,27.0000000000,27.1200000000,26.7000000000,26.7400000000,3178034,85337989.3400,0.267200,-1.473800
2026-01-08,26.7400000000,27.4100000000,26.4000000000,27.0000000000,4095954,110331537.5300,0.344300,0.972300
2026-01-09,27.3700000000,27.9500000000,27.0000000000,27.5900000000,5412728,148620010.2800,0.455000,2.185200
2026-01-12,27.4100000000,28.0500000000,27.2800000000,27.8800000000,4161487,115590062.6100,0.349900,1.051100
2026-01-13,27.7000000000,27.8700000000,27.0800000000,27.3500000000,4199044,114887682.3800,0.353000,-1.901000
2026-01-14,27.2100000000,27.6800000000,26.5900000000,26.8900000000,4495586,122021363.3800,0.377900,-1.681900
2026-01-15,26.9000000000,27.2000000000,26.3800000000,26.9200000000,5130417,137068689.0900,0.431300,0.111600
2026-01-16,27.2000000000,27.3400000000,26.5000000000,26.6500000000,5080603,135717334.5500,0.427100,-1.003000
2026-01-19,26.5000000000,27.4300000000,26.2800000000,27.3000000000,5464283,148251121.7300,0.459400,2.439000
2026-01-20,27.5800000000,27.6000000000,27.0300000000,27.4200000000,4589056,125423012.6100,0.385800,0.439600
2026-01-21,27.3700000000,27.5900000000,26.9800000000,27.2600000000,3978640,108263943.7100,0.334500,-0.583500
2026-01-22,27.3600000000,27.3600000000,26.8500000000,27.0700000000,3042050,82309028.5700,0.255700,-0.697000
2026-01-23,27.3000000000,28.5500000000,27.0000000000,28.3700000000,5971204,167099404.1900,0.502000,4.802400
2026-01-26,28.4800000000,28.4800000000,27.2900000000,27.5000000000,5034085,139337849.8500,0.423200,-3.066600
2026-01-27,27.3500000000,27.8500000000,26.8200000000,27.8000000000,5249293,143889628.3700,0.441300,1.090900
2026-01-28,27.6100000000,28.2400000000,27.4200000000,28.1200000000,4732447,132086397.3000,0.397900,1.151100
2026-01-29,27.9500000000,28.1700000000,27.2000000000,27.2600000000,3900160,107820676.7800,0.327900,-3.058300
2026-01-30,27.4500000000,27.4500000000,25.6600000000,26.0100000000,5486306,144121341.9800,0.461200,-4.585500
2026-02-02,26.0100000000,26.7700000000,25.7800000000,25.8500000000,4473492,117863153.7400,0.376100,-0.615100
2026-02-03,25.8500000000,26.8100000000,25.8500000000,26.6000000000,4132313,109052236.3600,0.347400,2.901400
2026-02-04,26.3800000000,28.2000000000,26.3800000000,28.0100000000,6405499,176936555.5700,0.538500,5.300800
2026-02-05,27.7100000000,28.0100000000,27.4000000000,27.6700000000,3465686,96006141.6900,0.291400,-1.213900
2026-02-06,27.5100000000,28.1300000000,27.2100000000,27.7300000000,3871207,107390390.4800,0.325500,0.216800
2026-02-09,27.9100000000,28.0100000000,27.2800000000,27.3600000000,3981757,109693529.2900,0.334700,-1.334300
2026-02-10,27.6000000000,27.6000000000,26.8200000000,27.0000000000,3293215,88907490.7600,0.276900,-1.315800
2026-02-11,26.9500000000,27.1300000000,26.6800000000,26.7500000000,2367901,63620287.2700,0.199100,-0.925900
2026-02-12,26.7600000000,26.8500000000,26.3200000000,26.3700000000,2690607,71247988.2800,0.226200,-1.420600
2026-02-13,26.3900000000,26.5000000000,25.6600000000,25.6600000000,3435719,89105632.8900,0.288800,-2.692500
2026-02-24,25.7900000000,26.4200000000,25.5900000000,26.1600000000,4882195,126995682.9500,0.410400,1.948600
2026-02-25,26.1000000000,27.0800000000,26.0700000000,26.5600000000,5428061,145083721.1200,0.456300,1.529100
2026-02-26,26.4100000000,27.0900000000,26.3300000000,26.7800000000,4099116,109571576.1800,0.344600,0.828300
2026-02-27,26.6000000000,27.1300000000,26.5000000000,26.6200000000,3542572,94679130.7900,0.297800,-0.597500
2026-03-02,26.4600000000,26.8300000000,26.0700000000,26.4000000000,5305834,139992161.7600,0.446100,-0.826400
2026-03-03,26.2400000000,27.1000000000,26.0300000000,26.1500000000,5247737,138757045.5000,0.441200,-0.947000
2026-03-04,25.8700000000,26.3300000000,25.2600000000,25.7900000000,5394275,139349966.3000,0.453500,-1.376700
2026-03-05,26.1000000000,26.2800000000,25.4100000000,25.5800000000,4184903,107788575.4200,0.351800,-0.814300
2026-03-06,25.7800000000,26.3500000000,25.2400000000,25.8800000000,3906119,101041656.4900,0.328400,1.172800
2026-03-09,25.7200000000,26.0900000000,25.4000000000,25.7900000000,5650308,145725983.3600,0.475000,-0.347800
2026-03-10,25.9700000000,26.4000000000,25.7100000000,26.1200000000,5017151,131036814.9700,0.421800,1.279600
2026-03-11,26.1700000000,27.1400000000,25.9000000000,26.8900000000,7207191,191988270.4100,0.605900,2.947900
2026-03-12,26.9600000000,31.3800000000,26.8100000000,29.9500000000,23271857,681197629.4500,1.956500,11.379700
2026-03-13,29.7400000000,30.9000000000,28.8000000000,29.0500000000,19690229,582019781.2200,1.655400,-3.005000
2026-03-16,29.4000000000,29.8800000000,28.0300000000,28.2700000000,14456736,414184793.4800,1.215400,-2.685000
2026-03-17,28.1400000000,28.6500000000,27.3100000000,27.4100000000,11284994,314586362.7600,0.948700,-3.042100
2026-03-18,27.2500000000,27.5100000000,26.1800000000,26.7400000000,12179879,324965670.3400,1.024000,-2.444400
2026-03-19,26.4000000000,27.4500000000,26.2100000000,26.6700000000,11325123,303612168.2900,0.952100,-0.261800
2026-03-20,26.6100000000,27.6000000000,25.6700000000,25.9600000000,15022342,399500829.7700,1.262900,-2.662200
2026-03-23,25.2000000000,25.7300000000,24.2500000000,24.3700000000,14955645,372630915.6600,1.257300,-6.124800
2026-03-24,24.7400000000,25.0100000000,23.9700000000,24.8500000000,9467752,232126517.8300,0.796000,1.969600
2026-03-25,24.8300000000,25.5000000000,24.5500000000,24.9000000000,8104860,202575019.1600,0.681400,0.201200
2026-03-26,24.7700000000,24.8900000000,23.5700000000,23.6500000000,8493824,205161124.9100,0.714100,-5.020100
2026-03-27,23.4000000000,24.5700000000,23.1400000000,24.3800000000,8237309,197303871.8800,0.692500,3.086700
2026-03-30,24.0000000000,24.8800000000,23.5000000000,24.3600000000,7622371,184189692.1200,0.640800,-0.082000
2026-03-31,24.3500000000,24.5600000000,23.6200000000,23.6200000000,5969749,143724562.5100,0.501900,-3.037800
2026-04-01,24.0000000000,24.2000000000,23.7000000000,23.8600000000,4701471,112328320.5400,0.395300,1.016100
2026-04-02,23.8000000000,24.2400000000,22.9200000000,23.0600000000,5968729,139701018.0000,0.501800,-3.352900
2026-04-03,23.0600000000,23.2100000000,22.4200000000,22.6200000000,4539507,102659758.8800,0.381600,-1.908100
2026-04-07,22.7300000000,22.8000000000,22.3000000000,22.4300000000,3406987,76652354.6800,0.286400,-0.840000
2026-04-08,22.9000000000,23.7800000000,22.7900000000,23.7100000000,6579015,153360617.4600,0.553100,5.706600
2026-04-09,23.4100000000,23.6900000000,23.1000000000,23.5800000000,5520961,129458154.6800,0.464100,-0.548300
2026-04-10,23.7700000000,24.4900000000,23.6900000000,23.7400000000,5670392,136534854.6100,0.476700,0.678500
2026-04-13,23.7300000000,24.4300000000,23.6000000000,24.1000000000,5056912,121912297.8900,0.425100,1.516400
2026-04-14,24.2000000000,24.2700000000,23.7400000000,24.0900000000,4133714,99290413.6200,0.347500,-0.041500
2026-04-15,24.1900000000,24.1900000000,23.6900000000,23.7200000000,4141597,99021963.3300,0.348200,-1.535900
2026-04-16,23.7700000000,23.9500000000,23.5100000000,23.6700000000,4861171,115106760.6700,0.408700,-0.210800
2026-04-17,23.6000000000,24.4500000000,23.6000000000,24.2600000000,6578361,158636964.3100,0.553000,2.492600
2026-04-20,24.2200000000,24.6000000000,23.9300000000,24.5500000000,6536127,159269400.2500,0.549500,1.195400
2026-04-21,24.6600000000,25.0000000000,24.4300000000,24.7700000000,6163160,152533241.2100,0.518100,0.896100
2026-04-22,24.6000000000,25.2300000000,24.4500000000,25.0700000000,5715026,143068116.9100,0.480500,1.211100
2026-04-23,25.6500000000,25.8800000000,24.2400000000,24.7400000000,12060446,301170557.2000,1.013900,-1.316300
2026-04-24,24.7900000000,25.1800000000,24.0100000000,24.1700000000,7750024,189291440.5000,0.651500,-2.304000
2026-04-27,24.2000000000,24.8600000000,24.0900000000,24.2800000000,7116363,173263027.5200,0.598300,0.455100
2026-04-28,24.2800000000,24.6800000000,23.8800000000,24.2800000000,8182829,198842519.5000,0.687900,0.000000
2026-04-29,24.2800000000,24.5800000000,24.1000000000,24.5800000000,5565192,135615508.7300,0.467900,1.235600
2026-04-30,24.4000000000,24.8000000000,24.2500000000,24.8000000000,8214989,201285850.9600,0.690600,0.895000
